Season,Name,Team,Pos,Age,ExactAge,Age_R,PA,Overall,Overall_R,PPPA,PPPA_R,Discipline,Discipline_R,Power,Power_R,Contact,Contact_R,ConPow,ConPow_R,ConDis,ConDis_R,ConDisSpd,ConDisSpd_R,Speed,Speed_R
2026,A.J. Ewing,NYM,CF,21.0,22.111,96.7,51,92.9,100.0,1.31,96.3,94.9,98.9,72.9,81.7,95.5,98.6,84.2,99.3,95.2,99.4,95.5,100.0,96.0,100.0
2026,Pedro Ramírez,CHC,2B,22.0,22.47,95.3,193,88.2,99.7,1.55,98.6,75.5,83.8,71.9,80.1,89.6,95.3,80.8,97.8,82.6,93.9,84.6,98.9,88.7,95.6
2026,Walker Jenkins,MIN,OF,21.0,21.582,98.8,307,87.1,99.5,1.22,91.9,86.4,94.2,73.9,83.3,94.0,97.8,84.0,99.0,90.2,98.2,85.9,99.2,77.3,83.4
2026,Ethan Salas,SDP,C,20.0,20.304,100.0,105,84.5,99.2,1.45,97.5,87.1,94.9,57.0,59.7,98.2,99.8,77.6,95.5,92.6,98.8,78.7,95.1,50.8,45.8
2026,Sam Antonacci,CHW,LF,23.0,23.619,84.0,65,83.8,98.9,1.19,90.5,98.2,100.0,46.1,45.3,92.8,96.4,69.4,86.5,95.5,99.6,87.1,99.7,70.3,74.8
2026,Cole Carrigg,COL,CF,24.0,24.37,73.4,252,83.7,98.6,1.56,98.9,65.9,71.3,64.2,68.8,82.0,89.5,73.1,90.7,74.0,85.4,79.1,95.9,89.4,96.4
2026,Henry Bolte,ATH,CF,22.0,23.129,90.2,177,83.5,98.4,1.64,99.6,54.4,54.5,80.8,88.7,61.4,66.4,71.1,88.8,57.9,60.8,69.2,86.3,91.8,98.6
2026,Sterlin Thompson,COL,RF,25.0,25.235,58.5,395,83.4,98.1,1.29,94.9,90.6,97.6,59.9,63.4,69.4,77.6,64.6,77.5,80.0,91.7,77.5,94.5,72.6,76.7
2026,Zack Gelof,ATH,3B,26.0,26.921,30.3,70,83.2,97.8,1.64,99.6,89.0,96.5,72.4,80.8,46.8,44.5,59.6,68.1,67.9,77.0,67.7,84.5,67.2,71.1
2026,Scott Bandura,SFG,OF,24.0,25.133,60.4,421,83.0,97.4,1.26,94.2,78.4,87.8,56.8,59.1,96.8,99.0,76.8,95.2,87.6,97.4,86.1,99.5,83.2,90.7
2026,Luke Adams,MIL,3B,22.0,22.407,95.5,279,83.0,97.4,1.13,85.3,92.8,98.4,78.5,86.5,78.1,85.5,78.3,96.0,85.4,95.6,76.7,93.8,59.3,58.4
2026,Jacob Gonzalez,CHW,SS,24.0,24.309,74.6,233,81.7,97.0,1.63,99.2,63.6,66.2,89.5,95.6,73.4,81.4,81.4,98.1,68.5,77.4,63.1,74.8,52.4,47.7
2026,Denzer Guzman,LAA,3B,22.0,22.615,94.5,268,81.5,96.7,1.4,97.0,73.8,82.2,70.8,78.4,64.2,70.6,67.5,83.0,69.0,78.1,64.8,78.4,56.4,55.6
2026,Luis Lara,MIL,RF,21.0,21.84,98.2,337,81.2,96.4,1.26,94.2,85.4,93.0,30.4,25.1,73.1,80.8,51.8,51.7,79.2,91.2,79.4,96.2,79.7,86.3
2026,Jonah Cox,SFG,CF,24.0,25.128,61.0,52,80.9,96.2,1.83,100.0,71.0,78.7,48.2,48.1,60.2,64.5,54.2,57.6,65.6,75.2,72.6,89.6,86.6,94.2
2026,Sean Keys,TOR,DH,23.0,23.321,88.0,224,80.5,95.9,1.29,94.9,64.7,68.5,89.3,95.2,79.0,86.6,84.2,99.3,71.8,81.9,63.7,76.3,47.5,42.5
2026,Connor Norby,COL,1B,26.0,26.283,41.9,120,80.0,95.6,1.22,91.9,76.4,84.4,63.8,68.3,84.4,91.3,74.1,92.4,80.4,92.1,78.9,95.5,76.0,81.4
2026,Dustin Harris,SDP,LF,26.0,27.203,26.8,314,79.3,95.3,1.42,97.3,74.1,82.5,46.9,46.1,86.3,93.4,66.6,82.0,80.2,91.9,79.8,96.4,79.0,85.1
2026,Max Clark,DET,CF,21.0,21.747,98.4,411,79.1,95.1,1.06,77.1,88.5,96.2,59.6,63.2,85.8,92.9,72.7,90.3,87.2,96.7,84.2,98.4,78.2,84.1
2026,Angel Genao,CLE,3B,22.0,22.338,95.9,307,78.3,94.8,1.13,85.3,81.2,90.2,65.9,72.0,93.8,97.5,79.8,97.4,87.5,97.2,74.0,91.0,47.0,41.1
2026,Zac Veen,COL,LF,24.0,24.772,67.1,439,78.1,94.5,1.5,98.1,44.6,41.3,79.2,87.4,64.8,72.2,72.0,89.9,54.7,56.2,63.1,74.8,79.9,86.6
2026,Bo Davidson,SFG,OF,23.0,24.211,76.4,225,77.9,94.2,1.24,93.3,64.2,67.2,74.4,84.4,78.1,85.5,76.2,94.3,71.2,81.2,65.3,79.7,53.5,50.5
2026,Ronny Simon,PIT,2B,26.0,26.426,39.6,493,77.8,94.0,1.16,88.5,76.9,85.5,65.2,71.3,81.4,89.0,73.3,91.1,79.2,91.2,76.0,92.6,69.8,74.2
2026,Kaelen Culpepper,MIN,SS,23.0,23.726,82.3,342,77.5,93.7,1.13,85.3,64.4,67.8,67.4,74.2,85.4,92.3,76.4,94.8,74.9,86.1,76.5,93.2,79.6,85.8
2026,Blaze Jordan,STL,3B,23.0,23.754,81.7,252,77.0,93.4,1.25,93.7,65.5,70.9,85.7,92.2,89.4,94.9,87.6,100.0,77.4,89.5,59.1,66.4,22.3,17.0
2026,D'Andre Smith,NYM,SS,25.0,25.363,56.3,115,76.9,93.0,1.31,96.3,64.2,67.2,51.1,51.6,54.1,55.2,52.6,54.2,59.2,62.7,66.2,81.1,80.3,87.4
2026,Franklin Arias,BOS,SS,20.0,20.835,99.8,181,76.9,93.0,1.3,95.6,71.5,79.3,48.2,48.1,93.5,97.2,70.8,88.5,82.5,93.7,66.6,81.9,34.8,26.6
2026,Patrick Clohisy,ATL,OF,24.0,24.789,66.9,161,76.8,92.6,1.3,95.6,50.6,49.7,52.9,54.9,75.0,82.9,64.0,76.7,62.8,69.2,71.8,88.4,89.9,97.3
2026,Travis Bazzana,CLE,2B,23.0,24.063,77.8,116,76.6,92.3,1.06,77.1,79.4,89.1,68.2,75.6,67.2,75.4,67.7,83.5,73.3,84.3,76.7,93.8,83.4,91.1
2026,Alek Thomas,LAD,CF,26.0,26.396,39.8,298,76.1,92.1,1.23,92.7,65.1,69.9,61.3,65.7,85.8,92.9,73.6,91.7,75.4,86.5,71.8,88.4,64.4,68.8
2026,Trey Paige,STL,3B,25.0,25.862,48.8,50,76.0,91.8,1.51,98.4,69.9,76.8,54.6,56.0,54.6,55.9,54.6,58.5,62.2,67.9,59.4,67.4,53.6,51.0
2026,Joshua Kuroda-Grauer,ATH,3B,23.0,23.636,83.5,218,75.9,91.5,1.23,92.7,70.5,77.8,33.4,27.3,93.2,96.7,63.3,75.8,81.8,93.0,75.0,91.8,61.4,62.9
2026,Caden Bodine,TBR,C,22.0,22.801,92.7,61,75.8,91.2,1.33,96.7,68.3,74.2,29.0,22.7,88.4,94.5,58.7,65.4,78.4,90.2,70.1,86.8,53.7,51.2
2026,Leandro Pineda,WSN,OF,24.0,24.296,75.0,174,75.5,91.0,1.21,91.2,73.6,81.8,78.3,86.1,72.4,80.2,75.4,93.0,73.0,83.6,56.1,61.4,22.4,17.3
2026,Noelvi Marte,CIN,RF,24.0,24.928,64.6,271,75.3,90.5,1.17,88.9,49.0,46.7,79.8,88.1,89.6,95.3,84.7,99.6,69.3,78.4,69.0,86.0,68.3,72.3
2026,Cam Cauley,TEX,CF,23.0,23.619,84.0,413,75.3,90.5,1.18,89.6,62.6,64.4,45.6,44.2,45.8,42.9,45.7,39.8,54.2,54.9,66.8,82.5,92.0,98.9
2026,Kody Huff,CLE,C,25.0,25.774,50.9,487,75.1,90.1,1.15,88.1,74.5,82.8,69.6,76.7,60.2,64.5,64.9,78.2,67.4,76.4,63.1,74.8,54.6,53.2
2026,James Triantos,CHC,2B,23.0,23.641,83.3,478,74.8,89.7,1.13,85.3,72.9,80.8,38.6,35.5,93.8,97.5,66.2,80.6,83.4,94.3,78.2,94.8,67.9,71.8
2026,Jasson Domínguez,NYY,RF,23.0,23.617,84.3,256,74.8,89.7,1.09,80.1,65.3,70.6,70.0,77.5,81.0,88.5,75.5,93.3,73.2,84.0,72.8,90.1,72.1,76.0
2026,Cayden Wallace,WSN,3B,24.0,25.12,61.2,234,74.7,89.2,1.3,95.6,49.9,48.9,70.0,77.5,76.4,84.4,73.2,90.9,63.2,70.1,61.1,70.4,57.1,56.8
2026,Edwin Arroyo,CIN,2B,22.0,23.072,90.4,338,74.7,89.2,1.13,85.3,48.2,44.5,66.5,73.2,85.0,91.9,75.8,93.6,66.6,76.2,72.2,88.8,83.4,91.1
2026,Anthony Volpe,NYY,SS,25.0,25.396,55.3,169,74.4,88.8,1.22,91.9,57.1,58.2,60.0,63.9,66.2,73.9,63.1,75.6,61.6,66.6,65.4,80.0,72.8,77.0
2026,Zach Ehrhard,LAD,OF,23.0,23.663,82.9,627,74.0,88.5,1.09,80.1,76.7,85.1,61.5,65.9,62.8,67.9,62.2,73.5,69.8,79.2,67.5,84.1,63.1,67.0
2026,Adael Amador,COL,2B,23.0,23.444,86.3,432,73.9,88.2,1.1,81.5,95.1,99.2,37.2,32.2,68.1,76.6,52.6,54.2,81.6,92.5,69.6,86.6,45.7,38.1
2026,Jim Jarvis,ATL,SS,25.0,25.87,48.4,449,73.6,87.9,1.07,77.9,85.4,93.0,35.5,30.3,84.6,91.5,60.0,69.5,85.0,95.4,84.3,98.6,82.9,89.9
2026,Tommy White,ATH,3B,23.0,23.554,85.3,252,73.5,87.7,1.18,89.6,64.8,69.0,66.3,72.8,86.5,93.7,76.4,94.8,75.6,87.3,60.2,69.2,29.2,22.2
2026,Logan O'Hoppe,TEX,C,26.0,26.612,36.4,106,73.1,87.3,1.17,88.9,85.7,93.5,79.1,87.1,65.2,72.7,72.2,90.1,75.4,86.5,52.9,55.8,7.8,7.8
2026,Drew Cavanaugh,SFG,C,24.0,24.646,67.9,137,73.1,87.3,1.12,83.3,61.6,63.4,71.9,80.1,80.2,87.7,76.1,93.9,70.9,80.6,66.8,82.5,58.5,57.9
2026,Robert Moore,PHI,2B,24.0,24.474,71.1,310,72.7,86.8,1.13,85.3,63.1,65.3,65.9,72.0,65.4,73.2,65.6,79.8,64.2,72.0,62.0,73.4,57.5,57.5
2026,Cooper Pratt,MIL,SS,21.0,22.089,97.0,253,72.6,86.6,1.01,72.2,78.4,87.8,35.4,30.0,80.8,88.2,58.1,63.8,79.6,91.5,82.8,97.8,89.3,96.2
2026,Alejandro Osuna,TEX,LF,23.0,23.945,79.7,212,71.9,86.3,1.03,74.5,89.2,96.8,35.4,30.0,94.8,98.1,65.1,79.1,92.0,98.5,80.1,96.7,56.2,55.1
2026,Angel Ortiz,ARI,CF,23.0,23.964,78.9,147,71.6,86.0,1.1,81.5,54.0,54.1,62.5,67.3,75.6,83.6,69.0,85.8,64.8,73.0,67.9,85.2,74.0,79.0
2026,James Tibbs III,LAD,RF,23.0,23.97,78.7,631,71.2,85.6,1.09,80.1,65.0,69.5,78.4,86.3,44.3,41.3,61.4,72.6,54.6,56.0,54.4,58.9,53.8,51.5
2026,Nate Furman,SFG,2B,24.0,25.161,60.0,454,71.2,85.6,1.02,73.3,90.0,97.4,35.3,29.6,97.5,99.4,66.4,81.4,93.8,99.2,82.4,97.4,59.8,59.0
2026,Christian Moore,LAA,2B,23.0,23.915,79.9,417,70.8,85.2,1.09,80.1,62.5,64.0,61.7,66.3,44.0,40.5,52.8,55.1,53.2,53.2,59.9,68.6,73.1,77.8
2026,Alex Freeland,LAD,2B,24.0,25.073,61.9,180,70.6,84.9,1.0,71.0,77.9,87.3,59.1,62.8,66.4,74.3,62.8,74.6,72.2,82.4,72.9,90.4,74.3,79.6
2026,Jarred Kelenic,NYY,RF,26.0,27.181,27.1,349,70.4,84.5,1.14,87.3,47.7,43.7,72.1,80.4,66.5,74.5,69.3,86.1,57.1,59.7,61.8,72.7,71.2,75.5
2026,Blake Rambusch,SEA,3B,26.0,27.055,28.3,79,70.4,84.5,1.12,83.3,74.6,83.0,14.2,5.3,82.1,89.7,48.2,45.6,78.4,90.2,82.4,97.4,90.4,97.5
2026,Abimelec Ortiz,WSN,1B,24.0,24.575,68.7,362,70.3,84.0,1.12,83.3,63.4,65.6,96.0,99.4,74.5,82.0,85.2,99.8,69.0,78.1,48.6,48.5,8.0,8.4
2026,Carlos Rodríguez,SDP,RF,25.0,25.785,50.4,535,70.3,84.0,1.1,81.5,76.3,84.2,21.4,13.7,88.2,94.1,54.8,58.8,82.2,93.5,78.9,95.5,72.3,76.4
2026,Michael Arroyo,SEA,SS,21.0,21.878,98.0,235,70.0,83.6,1.13,85.3,56.9,57.4,49.3,49.3,63.3,68.9,56.3,60.8,60.1,64.7,58.2,63.8,54.3,52.3
2026,Héctor Rodríguez,CIN,LF,22.0,22.527,95.1,448,69.8,83.3,1.12,83.3,42.5,39.6,87.8,93.1,64.5,71.3,76.2,94.3,53.5,53.8,50.8,51.8,45.5,37.7
2026,Jesus Rodriguez,SFG,C,24.0,24.411,72.2,223,69.7,82.9,1.0,71.0,76.6,84.6,52.0,53.5,85.8,92.9,68.9,85.4,81.2,92.3,74.9,91.5,62.4,64.8
2026,Alan Roden,MIN,RF,26.0,26.746,34.1,224,69.7,82.9,1.08,78.8,79.6,89.3,58.4,61.7,84.1,91.0,71.2,89.1,81.8,93.0,67.7,84.5,39.4,31.5
2026,Joshua Báez,STL,RF,23.0,23.231,89.4,455,69.6,82.5,1.19,90.5,12.4,5.4,97.6,99.8,34.1,26.3,65.8,80.0,23.2,13.1,42.3,35.1,80.3,87.4
2026,Leo Bernal,STL,C,22.0,22.601,94.7,431,69.5,81.8,1.06,77.1,59.0,59.9,82.7,90.1,68.0,76.4,75.4,93.0,63.5,70.7,55.0,61.1,37.9,30.1
2026,Adrian Del Castillo,ARI,DH,26.0,26.982,29.3,131,69.5,81.8,1.19,90.5,79.7,89.5,69.3,76.4,44.6,41.8,57.0,62.0,62.2,67.9,43.6,38.2,6.4,4.9
2026,Darrien Miller,MIL,C,25.0,25.53,53.0,84,69.5,81.8,1.05,76.0,91.9,98.2,26.6,19.9,79.4,87.1,53.0,55.5,85.6,95.9,75.2,92.1,54.4,52.7
2026,Osleivis Basabe,SFG,SS,25.0,26.018,46.3,309,69.5,81.8,1.02,73.3,77.2,86.3,50.7,51.3,91.4,95.8,71.1,88.8,84.3,95.2,76.6,93.4,61.1,62.2
2026,Deyvison De Los Santos,MIA,1B,23.0,23.25,89.0,420,69.0,81.1,1.11,82.3,43.6,40.4,74.2,83.9,58.4,62.1,66.3,80.9,51.0,50.1,54.1,58.5,60.2,60.0
2026,Kyler Fedko,MIN,LF,26.0,26.998,28.9,307,68.7,80.8,1.19,90.5,40.4,37.7,73.2,82.4,59.0,63.3,66.1,80.4,49.7,47.3,53.3,56.6,60.6,61.2
2026,Ralphy Velazquez,CLE,1B,21.0,21.314,99.0,361,68.4,80.5,1.13,85.3,39.8,37.3,89.3,95.2,50.2,49.4,69.8,86.9,45.0,39.6,41.7,32.3,35.2,27.0
2026,Brett Bateman,TOR,CF,24.0,24.507,70.5,356,68.3,80.3,0.97,65.8,88.2,96.0,25.1,17.7,83.0,90.3,54.0,57.0,85.6,95.9,83.4,98.1,78.9,84.7
2026,Jordan Groshans,ATL,SS,26.0,26.861,32.1,52,68.1,80.0,1.13,85.3,64.8,69.0,34.2,28.3,61.9,66.7,48.0,45.1,63.4,70.5,65.1,79.2,68.7,72.6
2026,Jase Bowen,SDP,RF,25.0,26.048,45.5,216,68.0,79.7,1.22,91.9,20.0,11.9,88.2,93.9,58.8,62.9,73.5,91.3,39.4,33.1,47.8,47.0,64.6,69.0
2026,Zach Levenson,STL,OF,24.0,24.542,69.8,58,67.7,79.5,1.48,97.8,28.0,22.6,90.4,96.5,75.8,83.9,83.1,98.6,51.9,51.4,36.5,21.2,5.7,3.3
2026,Mitch Jebb,PIT,SS,24.0,24.356,73.8,235,67.5,79.0,1.03,74.5,64.9,69.3,42.2,40.4,86.3,93.4,64.2,77.0,75.6,87.3,71.4,87.7,63.0,66.4
2026,BJ Murray Jr.,CHC,3B,26.0,26.708,34.3,524,67.5,79.0,1.01,72.2,70.7,78.2,73.9,83.3,73.6,81.6,73.8,92.1,72.2,82.4,64.5,77.8,49.2,44.4
2026,Felix Reyes,PHI,LF,25.0,25.487,53.7,379,67.2,78.6,1.14,87.3,35.9,31.9,90.4,96.5,71.0,78.8,80.7,97.6,53.4,53.5,46.6,44.4,33.0,24.7
2026,Cody Freeman,TEX,3B,25.0,25.706,51.6,118,67.0,78.2,1.11,82.3,77.4,86.7,19.9,12.1,79.4,87.1,49.7,47.9,78.4,90.2,67.4,83.8,45.5,37.7
2026,Cooper Ingle,CLE,C,24.0,24.572,68.9,464,67.0,78.2,1.03,74.5,77.4,86.7,64.4,69.4,68.3,76.8,66.4,81.4,72.8,83.2,56.3,61.6,23.2,18.1
2026,LuJames Groover,ARI,1B,24.0,24.43,72.0,432,66.7,77.7,0.99,69.6,84.8,92.3,38.8,35.8,70.3,78.1,54.6,58.5,77.6,89.7,68.4,85.8,50.0,44.9
2026,Ronny Mauricio,NYM,SS,25.0,25.462,54.3,304,66.7,77.7,1.13,85.3,26.5,20.5,93.4,98.5,63.8,69.7,78.6,96.2,45.2,40.0,47.8,47.0,53.0,49.3
2026,George Valera,CLE,LF,25.0,25.851,49.4,329,66.6,77.3,1.0,71.0,83.0,91.9,69.0,76.2,62.8,67.9,65.9,80.2,72.9,83.4,57.9,63.3,27.9,21.1
2026,Charles McAdoo,TOR,2B,24.0,24.542,69.8,385,66.4,77.0,0.97,65.8,62.9,65.1,75.9,85.3,82.2,89.9,79.1,97.0,72.6,82.8,66.9,83.0,55.7,53.4
2026,Ryan Waldschmidt,ARI,CF,23.0,23.953,79.3,227,66.3,76.7,0.97,65.8,68.3,74.2,66.0,72.3,54.4,55.6,60.2,70.3,61.4,66.1,62.6,74.1,65.2,69.7
2026,Jordan Beck,COL,LF,25.0,25.421,54.7,113,66.1,76.4,1.18,89.6,39.5,36.9,56.9,59.4,48.5,47.6,52.7,54.7,44.0,38.1,48.2,47.5,56.5,56.0
2026,Jack Pineda,KCR,SS,26.0,27.113,27.8,90,65.8,76.2,1.14,87.3,52.7,52.8,27.4,20.9,84.8,91.7,56.1,60.4,68.8,77.8,66.8,82.5,62.9,65.8
2026,Bryant Betancourt,COL,C,22.0,22.94,91.5,148,65.6,75.9,1.06,77.1,70.6,78.0,20.1,12.5,78.4,86.1,49.2,47.1,74.5,85.9,65.9,80.5,48.6,43.3
2026,Cole Conn,ATH,C,24.0,25.194,59.1,155,65.2,75.6,1.07,77.9,62.6,64.4,38.4,34.8,67.8,76.0,53.1,55.8,65.2,74.5,62.2,73.7,56.2,55.1
2026,Spencer Jones,NYY,CF,25.0,25.352,56.5,233,65.1,75.3,1.14,87.3,19.5,11.6,93.4,98.5,46.9,44.8,70.2,87.4,33.2,26.3,39.8,28.2,53.1,49.7
2026,Tommy Troy,ARI,LF,24.0,24.674,67.3,244,64.9,75.1,0.98,67.8,61.0,62.8,57.7,60.8,55.8,58.6,56.8,61.7,58.4,61.7,63.3,75.6,73.1,77.8
2026,Esmerlyn Valdez,PIT,RF,22.0,22.648,94.3,234,64.8,74.8,1.02,73.3,61.9,63.8,91.0,97.1,52.2,51.2,71.6,89.6,57.0,59.3,40.1,29.6,6.3,4.7
2026,Emmanuel Rodriguez,MIN,CF,23.0,23.559,84.8,219,64.6,74.5,0.98,67.8,54.5,54.7,92.1,98.0,27.3,20.2,59.7,68.5,40.9,35.4,44.7,40.4,52.4,47.7
2026,Kyle Teel,CHW,C,24.0,24.594,68.3,58,64.5,74.1,1.09,80.1,56.0,56.6,81.2,89.3,64.4,71.0,72.8,90.5,60.2,65.2,42.1,34.4,6.0,4.0
2026,Andrew Pintar,MIA,CF,25.0,25.495,53.5,357,64.5,74.1,0.98,67.8,59.1,60.2,58.1,61.2,53.1,52.7,55.6,59.9,56.1,58.0,64.2,77.1,80.3,87.4
2026,Petey Halpin,CLE,CF,24.0,24.32,74.4,189,64.4,73.7,0.99,69.6,43.4,40.2,58.9,62.4,58.6,62.4,58.8,66.0,51.0,50.1,63.9,76.7,89.8,97.0
2026,Max Anderson,DET,2B,24.0,24.559,69.3,473,64.3,73.4,1.03,74.5,67.6,73.5,55.9,57.8,62.0,66.9,59.0,66.7,64.8,73.0,53.4,57.1,30.6,22.7
2026,Kyren Paris,LAA,2B,24.0,24.857,65.2,289,63.9,73.2,1.09,80.1,44.8,41.8,57.2,60.1,34.4,26.9,45.8,40.1,39.6,33.4,47.5,46.0,63.4,67.7
2026,Allan Castro,BOS,CF,23.0,23.326,87.8,498,63.7,72.6,0.95,62.3,66.4,72.1,61.8,66.6,61.3,66.1,61.6,73.1,63.8,71.3,61.6,72.1,57.0,56.4
2026,Nick Morabito,NYM,LF,23.0,23.373,87.6,493,63.7,72.6,0.89,56.0,69.7,76.1,43.8,41.3,71.8,79.3,57.8,63.4,70.8,80.2,76.4,92.9,87.6,94.5
2026,Brett Squires,KCR,3B,26.0,26.565,37.4,405,63.7,72.6,1.12,83.3,20.5,12.3,86.0,92.5,34.2,26.5,60.1,69.9,27.4,18.0,43.4,37.7,75.6,80.8
2026,Reed Trimble,BAL,LF,26.0,26.289,41.7,62,63.6,72.1,1.26,94.2,27.4,21.9,35.3,29.6,11.5,6.2,23.4,6.3,19.4,9.9,42.5,36.0,88.5,95.1
2026,Charlie Condon,COL,OF,23.0,23.436,86.6,586,63.4,71.8,0.98,67.8,56.2,56.8,78.7,86.7,43.6,40.2,61.2,72.2,49.9,47.7,48.2,47.5,44.8,37.0
2026,Max Muncy,ATH,3B,23.0,24.071,77.6,77,63.3,71.5,1.24,93.3,26.6,20.8,85.3,91.7,37.2,29.9,61.2,72.2,31.9,24.8,24.3,8.8,9.1,9.6
2026,Jett Williams,MIL,SS,22.0,22.88,91.9,356,63.1,71.2,0.88,54.4,67.9,73.7,53.4,55.6,58.2,61.6,55.8,60.2,63.0,69.6,70.6,87.4,85.6,93.2
2026,Adam Zebrowski,ATL,C,25.0,25.977,47.6,70,62.9,70.8,1.04,75.3,62.6,64.4,82.3,89.9,58.8,62.9,70.6,88.1,60.7,65.5,43.0,37.0,7.6,7.3
2026,Cody Morissette,MIN,SS,26.0,26.678,35.3,316,62.9,70.8,1.1,81.5,51.7,51.1,48.1,47.7,46.8,44.5,47.4,43.4,49.2,46.9,50.9,52.1,54.2,52.1
2026,Jacob Berry,KCR,3B,25.0,25.377,55.7,407,62.7,70.4,0.96,64.0,80.9,89.7,39.8,36.8,73.2,81.1,56.5,61.4,77.1,89.1,67.1,83.3,47.2,41.4
2026,Braden Montgomery,CHW,RF,23.0,23.431,86.9,132,62.5,70.0,1.02,73.3,49.4,47.6,74.3,84.2,46.3,43.8,60.3,70.7,47.8,43.7,43.1,37.3,33.6,25.9
2026,Jacob Melton,TBR,LF,25.0,26.034,45.9,185,62.5,70.0,1.05,76.0,19.3,11.3,87.3,92.9,26.4,18.7,56.8,61.7,22.8,12.6,46.2,43.6,92.9,99.5
2026,Jimmy Crooks,STL,C,24.0,25.172,59.6,224,62.4,69.6,1.08,78.8,34.7,30.3,79.4,87.7,53.2,53.1,66.3,80.9,44.0,38.1,43.7,38.6,43.2,35.1
2026,Hendry Mendez,MIN,OF,22.0,22.869,92.1,324,62.3,69.3,0.89,56.0,86.7,94.6,56.5,58.4,80.3,87.9,68.4,84.3,83.5,94.5,63.7,76.3,24.2,18.9
2026,John Taylor,TEX,3B,25.0,25.402,55.0,368,62.1,69.0,0.94,61.0,74.9,83.4,40.4,38.3,57.4,60.6,48.9,46.9,66.2,76.0,67.8,84.9,71.2,75.5
2026,Eddys Leonard,SFG,SS,25.0,25.859,49.1,394,61.9,68.6,1.01,72.2,53.5,53.7,63.1,67.9,70.4,78.5,66.8,82.5,62.0,67.3,54.9,60.4,40.8,32.7
2026,Jihwan Bae,MIL,CF,26.0,27.154,27.6,368,61.9,68.6,0.95,62.3,66.1,71.7,40.6,38.8,64.4,71.0,52.5,53.5,65.2,74.5,73.2,90.7,89.1,95.9
2026,Raudi Rodriguez,LAA,OF,22.0,23.206,89.6,163,61.7,68.2,0.93,60.0,76.7,85.1,29.5,23.7,39.2,33.6,34.4,21.4,58.0,61.1,63.4,75.9,74.3,79.6
2026,Moisés Ballesteros,CHC,C,22.0,22.867,92.3,143,61.6,67.9,0.9,57.4,82.8,91.4,40.4,38.3,63.8,69.7,52.1,52.5,73.3,84.3,64.4,77.5,46.7,40.3
2026,Andrick Nava,MIL,C,24.0,24.956,64.0,64,61.5,67.7,1.15,88.1,57.0,57.8,36.2,30.9,19.2,11.9,27.7,9.5,38.1,31.5,33.6,16.2,24.5,19.2
2026,Yohandy Morales,WSN,3B,24.0,24.947,64.2,453,61.2,67.4,1.08,78.8,26.4,20.2,84.9,91.5,48.1,46.4,66.5,81.8,37.2,30.4,39.1,25.6,42.7,34.5
2026,Agustín Ramírez,MIA,C,24.0,25.027,63.3,241,61.1,67.1,0.92,59.2,49.7,48.2,74.0,83.6,49.0,47.9,61.5,72.9,49.4,47.1,59.4,67.4,79.6,85.8
2026,Keaton Anthony,PHI,OF,25.0,25.24,58.3,318,61.0,66.4,0.99,69.6,68.6,74.5,60.6,64.4,82.5,90.1,71.6,89.6,75.6,87.3,53.0,56.2,8.0,8.4
2026,Gavin Conticello,ARI,3B,23.0,23.277,88.7,176,61.0,66.4,1.05,76.0,44.7,41.6,47.8,47.0,60.4,65.3,54.1,57.2,52.6,52.3,48.9,49.2,41.6,33.7
2026,Luis Matos,MIL,RF,24.0,24.643,68.1,277,61.0,66.4,0.95,62.3,69.5,75.8,38.6,35.5,78.6,86.3,58.6,65.1,74.0,85.4,67.2,83.6,53.5,50.5
2026,Tyler Locklear,ARI,1B,25.0,25.821,49.6,302,61.0,66.4,0.97,65.8,64.7,68.5,73.1,82.2,63.8,69.7,68.4,84.3,64.2,72.0,52.2,54.0,28.0,21.5
2026,Jose Fernandez,ARI,DH,22.0,22.995,91.0,254,60.8,65.8,0.98,67.8,29.8,24.4,60.8,64.9,58.7,62.6,59.8,68.8,44.2,38.7,56.6,61.9,81.4,88.2
2026,Darell Hernaiz,ATH,SS,24.0,25.131,60.7,228,60.4,65.2,0.9,57.4,82.6,91.1,19.4,10.7,80.8,88.2,50.1,49.3,81.7,92.7,75.8,92.3,64.0,68.2
2026,Rece Hinds,BAL,RF,25.0,26.04,45.7,320,60.4,65.2,1.01,72.2,21.4,13.4,90.3,96.2,40.0,34.9,65.2,79.5,30.7,22.4,45.3,41.6,74.5,80.0
2026,Adrián Sugastey,SFG,C,23.0,23.91,80.1,92,60.4,65.2,0.98,67.8,81.2,90.2,26.3,19.4,93.4,97.0,59.8,68.8,87.3,97.0,60.9,70.0,8.2,8.8
2026,Eliezer Alfonzo,LAD,C,26.0,26.992,29.1,253,59.8,64.7,0.99,69.6,84.4,92.1,23.2,16.2,95.0,98.4,59.1,66.9,89.7,98.0,65.0,78.8,15.6,13.8
2026,Marco Luciano,NYY,SS,24.0,25.027,63.3,371,59.7,64.4,0.95,62.3,48.4,44.8,89.1,94.7,49.7,48.3,69.4,86.5,49.0,46.1,47.0,45.3,42.9,34.8
2026,Brayden Taylor,MIA,3B,24.0,24.331,74.0,124,59.2,64.1,0.88,54.4,71.1,79.0,36.5,31.6,20.8,14.1,28.6,10.7,45.9,41.2,61.2,70.7,91.6,98.4
2026,Brady House,WSN,3B,23.0,23.296,88.3,222,59.0,63.8,0.95,62.3,24.3,17.3,86.9,92.7,75.8,83.9,81.4,98.1,50.0,48.1,53.5,57.5,60.3,60.4
2026,Trey Lipscomb,WSN,3B,26.0,26.267,42.1,542,58.8,63.4,1.08,78.8,14.0,6.5,83.7,90.5,46.4,44.0,65.0,78.6,30.2,21.3,39.3,26.7,57.4,57.3
2026,George Lombard Jr.,NYY,SS,21.0,21.3,99.2,260,58.8,63.4,0.85,49.7,67.2,72.8,64.3,69.1,52.0,50.9,58.2,64.3,59.6,63.4,58.3,64.1,55.8,54.0
2026,Victor Scott II,STL,CF,25.0,25.602,52.2,243,58.7,63.0,0.88,54.4,73.7,82.0,11.3,2.6,75.0,82.9,43.2,34.1,74.4,85.7,80.4,97.0,92.4,99.2
2026,Seaver King,WSN,SS,23.0,23.406,87.3,345,58.6,62.7,0.96,64.0,29.2,23.8,74.5,84.6,63.1,68.7,68.8,85.1,46.2,41.9,51.5,53.2,62.1,63.8
2026,Eduardo Valencia,DET,C,26.0,26.653,36.0,353,57.8,62.5,0.97,65.8,51.0,50.2,87.9,93.3,53.4,54.1,70.6,88.1,52.2,51.9,41.7,32.3,20.7,15.9
2026,Drew Gilbert,SFG,CF,25.0,25.979,47.3,54,57.7,62.2,0.82,45.9,96.6,99.6,60.0,63.9,97.6,99.6,78.8,96.5,97.1,99.8,68.0,85.5,9.9,10.4
2026,Kala'i Rosario,MIN,OF,23.0,24.219,76.2,156,57.6,61.6,0.98,67.8,37.2,33.2,67.4,74.2,20.6,13.8,44.0,35.6,28.9,19.9,39.2,26.2,59.8,59.0
2026,Ben Malgeri,DET,RF,26.0,26.689,35.0,296,57.6,61.6,0.9,57.4,49.7,48.2,71.1,79.0,66.7,75.2,68.9,85.4,58.2,61.4,59.9,68.6,63.4,67.7
2026,Grant McCray,SFG,CF,25.0,25.785,50.4,239,57.6,61.6,0.87,52.7,63.8,66.5,53.1,55.4,42.6,39.1,47.8,44.3,53.2,53.2,61.8,72.7,79.0,85.1
2026,Ryan Galanie,CHW,3B,26.0,26.251,42.3,410,57.3,61.1,1.05,76.0,33.9,29.9,51.7,52.7,32.2,24.5,42.0,32.6,33.0,26.1,41.8,33.0,59.4,58.6
2026,Jonathon Long,MIA,3B,24.0,24.665,67.7,593,57.2,60.8,0.88,54.4,65.1,69.9,66.7,73.7,54.0,54.8,60.4,71.0,59.6,63.4,52.9,55.8,39.6,31.8
2026,Gage Miller,MIA,2B,23.0,23.556,85.0,192,57.0,60.4,0.9,57.4,77.1,86.1,33.8,27.7,31.6,24.0,32.7,17.5,54.4,55.5,51.3,52.6,45.2,37.3
2026,Lazaro Montes,SEA,OF,21.0,21.911,97.8,200,57.0,60.4,0.98,67.8,24.3,17.3,93.9,98.8,33.8,25.7,63.8,76.4,29.0,20.2,30.6,12.6,33.6,25.9
2026,Brayan Buelvas,ATH,CF,24.0,24.285,75.2,398,56.8,60.0,0.97,65.8,41.8,39.4,52.6,54.0,34.8,27.4,43.7,35.2,38.3,31.8,45.7,42.3,60.6,61.2
2026,Danny Serretti,ARI,IF,26.0,26.371,40.0,140,56.6,59.7,0.91,58.4,71.8,79.8,51.6,52.5,81.3,88.7,66.4,81.4,76.6,88.5,58.6,64.8,22.7,17.5
2026,Brennen Davis,SEA,CF,26.0,26.883,31.6,204,56.4,59.5,0.94,61.0,45.8,42.6,90.5,96.8,50.1,49.1,70.3,87.7,48.0,44.0,44.0,39.0,36.1,27.9
2026,Jose Ramos,NYM,CF,25.0,25.717,51.4,117,56.3,59.2,0.89,56.0,48.6,45.4,57.5,60.6,70.4,78.5,64.0,76.7,59.5,63.0,61.4,71.1,65.1,69.3
2026,Enrique Bradfield Jr.,BAL,OF,24.0,24.799,66.3,331,56.1,58.9,0.87,52.7,68.8,74.8,9.2,1.4,57.4,60.6,33.3,19.3,63.1,69.9,72.4,89.0,90.9,97.8
2026,RJ Schreck,TOR,LF,25.0,26.19,43.3,250,55.9,58.6,0.89,56.0,85.4,93.0,36.1,30.7,37.9,32.3,37.0,23.9,61.6,66.6,53.4,57.1,36.8,28.8
2026,Matthew Etzel,MIA,LF,24.0,24.392,72.8,492,55.8,58.4,0.88,54.4,46.8,43.1,60.9,65.4,50.3,49.7,55.6,59.9,48.6,44.9,54.9,60.4,67.7,71.5
2026,Kevin Parada,NYM,C,24.0,25.131,60.7,100,55.7,58.1,0.87,52.7,59.0,59.9,58.3,61.4,60.6,65.8,59.4,67.5,59.8,64.0,57.4,62.7,52.7,48.8
2026,Jared Serna,MIA,SS,24.0,24.304,74.8,327,55.4,57.7,0.87,52.7,64.6,68.1,41.1,39.0,53.8,54.5,47.4,43.4,59.2,62.7,58.1,63.6,55.8,54.0
2026,Nic Kent,COL,SS,26.0,26.445,39.0,361,55.4,57.7,1.03,74.5,39.8,37.3,40.4,38.3,37.6,31.5,39.0,27.4,38.7,32.5,42.3,35.1,49.4,44.7
2026,Nelson Rada,LAA,CF,20.0,21.073,99.6,531,55.2,57.1,0.82,45.9,73.0,81.1,11.5,3.1,52.4,51.7,32.0,15.8,62.7,68.8,70.3,87.1,85.6,93.2
2026,Duce Gourson,PIT,SS,23.0,24.0,78.5,192,55.2,57.1,0.83,47.3,49.2,47.2,67.5,74.5,62.2,67.1,64.8,78.0,55.7,57.6,59.5,67.9,67.2,71.1
2026,Thomas Saggese,STL,LF,24.0,24.446,71.7,242,54.9,56.7,0.91,58.4,40.4,37.7,58.4,61.7,48.4,47.1,53.4,56.0,44.4,39.0,50.1,51.0,61.4,62.9
2026,Bo Naylor,MIL,C,26.0,26.579,37.0,257,54.8,56.4,0.95,62.3,48.7,46.0,71.8,79.7,38.2,33.2,55.0,59.1,43.4,37.6,41.3,31.8,36.9,29.0
2026,Dylan Crews,WSN,RF,24.0,24.564,69.1,175,54.7,56.0,0.86,51.1,30.4,25.1,83.6,90.3,64.6,71.7,74.1,92.4,47.5,43.1,54.8,59.7,69.3,73.2
2026,Jonathan Ornelas,MIL,SS,26.0,26.319,41.4,350,54.7,56.0,0.94,61.0,41.4,38.8,67.9,75.3,46.6,44.2,57.2,62.4,44.0,38.1,46.8,44.9,52.4,47.7
2026,Kenedy Corona,NYY,CF,26.0,26.5,37.6,264,54.6,55.6,0.97,65.8,45.7,42.3,38.5,35.2,26.8,19.3,32.6,17.0,36.2,29.4,47.6,46.3,70.4,75.1
2026,Luke Mann,ATH,3B,26.0,26.437,39.2,86,54.4,55.3,0.99,69.6,54.7,54.9,63.6,68.1,29.9,22.5,46.8,41.6,42.3,36.6,31.3,13.4,9.3,9.9
2026,Yanquiel Fernández,NYY,RF,23.0,23.718,82.5,528,54.1,54.9,0.93,60.0,30.6,25.6,89.9,95.8,67.6,75.6,78.8,96.5,49.1,46.6,39.1,25.6,19.1,15.3
2026,Keyber Rodriguez,TEX,SS,25.0,25.906,48.2,332,54.1,54.9,0.94,61.0,44.3,41.0,33.2,26.7,56.0,59.1,44.6,36.7,50.2,48.5,57.5,63.0,72.1,76.0
2026,Josh Kasevich,TOR,SS,25.0,25.673,51.8,565,54.0,54.5,0.78,40.4,94.9,98.9,27.8,22.0,92.2,96.2,60.0,69.5,93.6,99.0,74.5,91.2,36.4,28.5
2026,Bryce Eldridge,SFG,DH,21.0,21.916,97.6,136,53.9,54.2,0.92,59.2,32.6,27.9,95.1,99.0,62.7,67.5,78.9,96.8,47.7,43.4,34.2,17.3,7.4,6.6
2026,Brock Rodden,SEA,SS,26.0,26.322,41.1,403,53.8,53.8,1.0,71.0,38.2,34.5,44.7,42.4,36.3,28.7,40.5,29.5,37.2,30.4,40.3,30.0,46.4,39.5
2026,Carlos Jorge,CIN,SS,22.0,22.995,91.0,120,53.8,53.8,0.88,54.4,49.0,46.7,16.3,7.1,47.3,45.2,31.8,15.4,48.2,44.3,61.6,72.1,88.6,95.3
2026,Ryan Ritter,COL,2B,25.0,25.859,49.1,260,53.7,53.4,0.89,56.0,51.1,50.6,30.0,24.4,56.8,59.6,43.4,34.5,54.0,54.4,61.6,72.1,76.8,82.2
2026,Jared Dickey,ATH,RF,24.0,24.556,69.5,403,53.5,53.2,0.86,51.1,74.7,83.2,21.1,13.1,53.2,53.1,37.2,24.9,64.0,71.5,59.8,68.2,51.5,46.6
2026,Jay Harry,TOR,2B,23.0,24.175,77.2,227,53.4,52.9,0.96,64.0,48.2,44.5,48.7,48.6,81.6,89.3,65.2,79.5,64.9,73.4,45.7,42.3,7.2,6.2
2026,Abrahan Gutierrez,NYY,C,26.0,26.888,31.1,55,53.3,52.6,0.85,49.7,90.8,97.8,46.2,45.6,66.6,74.8,56.4,61.1,78.7,90.9,54.9,60.4,7.2,6.2
2026,Tyler Black,MIL,DH,25.0,26.152,43.9,421,53.2,52.3,0.83,47.3,73.0,81.1,24.0,16.6,34.0,26.0,29.0,11.3,53.5,53.8,63.2,75.3,82.7,89.6
2026,Jace Jung,DET,3B,25.0,25.96,47.8,559,52.9,51.9,0.87,52.7,71.5,79.3,63.0,67.7,37.4,30.7,50.2,49.5,54.4,55.5,42.3,35.1,18.1,14.8
2026,Juan Matheus,MIA,SS,22.0,22.393,95.7,60,52.9,51.9,0.77,39.6,69.2,75.4,12.6,3.6,78.2,85.9,45.4,39.4,73.7,85.1,76.8,94.2,83.0,90.3
2026,Hao-Yu Lee,DET,2B,23.0,23.628,83.7,63,52.7,51.5,0.86,51.1,71.9,80.0,42.1,40.2,79.4,87.1,60.8,71.7,75.6,87.3,53.3,56.6,8.5,9.3
2026,Noah Miller,LAD,SS,23.0,23.855,80.7,571,52.4,51.2,0.81,44.5,58.0,58.8,37.8,33.8,78.1,85.5,58.0,63.6,68.0,77.2,65.6,80.3,60.6,61.2
2026,Victor Mesa Jr.,TBR,RF,24.0,25.032,63.0,98,52.1,50.8,0.96,64.0,32.3,27.1,67.8,74.8,29.6,22.2,48.7,46.7,31.0,23.0,32.7,14.8,36.3,28.2
2026,Colt Emerson,SEA,SS,20.0,21.169,99.4,165,52.1,50.8,0.96,64.0,23.0,15.8,34.0,28.0,25.6,17.5,29.8,11.9,24.3,14.7,42.0,33.7,77.3,83.4
2026,Kahlil Watson,CLE,RF,23.0,23.431,86.9,433,51.6,50.4,0.86,51.1,36.4,32.2,70.9,78.7,23.3,15.8,47.1,42.9,29.8,20.9,39.9,28.9,59.9,59.5
2026,Phillip Glasser,WSN,SS,26.0,26.798,33.5,407,51.5,50.1,0.8,43.2,81.0,89.9,19.9,12.1,85.1,92.1,52.5,53.5,83.0,94.1,72.6,89.6,51.8,47.1
2026,Cam Cannarella,MIA,OF,22.0,23.039,90.7,201,51.2,49.9,0.75,37.5,60.8,62.2,51.9,53.0,55.1,56.7,53.5,56.2,58.0,61.1,59.4,67.4,62.2,64.1
2026,Kevin Alcántara,CHC,DH,23.0,24.192,76.8,348,50.9,49.6,0.89,56.0,23.4,16.4,89.3,95.2,45.8,42.9,67.6,83.2,34.6,27.6,34.2,17.3,33.5,25.5
2026,Matthew Lugo,KCR,LF,25.0,25.366,56.1,255,50.7,49.3,0.93,60.0,28.4,23.1,69.7,77.0,51.1,50.5,60.4,71.0,39.8,33.7,38.4,24.2,35.7,27.7
2026,Rikuu Nishida,CHW,RF,25.0,25.374,55.9,451,50.6,49.0,0.74,35.8,89.0,96.5,11.5,3.1,63.0,68.4,37.2,24.9,76.0,88.1,72.6,89.6,65.9,70.7
2026,Jonatan Clase,TOR,LF,24.0,24.329,74.2,211,50.0,48.8,0.74,35.8,47.7,43.7,55.8,57.6,65.2,72.7,60.5,71.3,56.4,58.4,64.2,77.1,79.6,85.8
2026,Dayson Croes,SFG,IF,26.0,26.951,29.7,84,49.9,48.4,0.87,52.7,67.2,72.8,21.5,13.9,84.0,90.7,52.8,55.1,75.6,87.3,60.5,69.6,30.2,22.5
2026,Raynel Delgado,HOU,2B,26.0,26.461,38.8,448,49.9,48.4,0.84,48.5,49.2,47.2,25.1,17.7,74.8,82.6,50.0,48.9,62.0,67.3,66.4,81.4,75.2,80.5
2026,Victor Labrada,SEA,CF,26.0,26.678,35.3,483,49.7,47.9,0.85,49.7,51.1,50.6,42.8,40.8,51.0,50.3,46.9,41.9,51.0,50.1,54.1,58.5,60.3,60.4
2026,Colton Ledbetter,STL,CF,24.0,24.846,65.4,464,49.4,47.5,0.83,47.3,26.0,19.6,64.9,70.6,37.4,30.7,51.2,51.0,31.7,24.4,48.5,48.1,82.2,89.2
2026,Ramon Mendoza,STL,3B,25.0,26.053,45.2,454,49.4,47.5,0.86,51.1,55.4,56.2,45.2,43.8,74.6,82.3,59.9,69.1,65.0,73.8,51.9,53.7,25.8,20.0
2026,Zach Dezenzo,HOU,LF,26.0,26.36,40.7,228,49.3,47.1,0.7,29.2,79.2,88.3,45.3,44.0,46.2,43.5,45.8,40.1,62.7,68.8,66.5,81.6,74.0,79.0
2026,Johnny Olmstead,MIA,3B,25.0,26.196,43.1,309,49.1,46.8,0.75,37.5,59.3,60.7,57.4,60.4,31.4,23.7,44.4,36.3,45.3,40.3,54.6,59.3,73.1,77.8
2026,Demetrio Crisantes,ARI,SS,21.0,22.04,97.2,197,49.0,46.6,0.82,45.9,72.1,80.2,23.0,16.0,69.2,77.3,46.1,40.8,70.6,79.7,52.3,54.4,15.6,13.8
2026,Carson Roccaforte,KCR,OF,24.0,24.479,70.9,106,48.9,46.3,0.92,59.2,14.8,7.6,42.5,40.6,40.5,36.6,41.5,31.8,27.6,18.3,44.2,39.5,77.2,82.9
2026,Noah Mendlinger,STL,3B,25.0,26.114,44.7,240,48.8,45.9,0.77,39.6,89.5,97.0,19.3,10.5,89.1,94.7,54.2,57.6,89.3,97.8,66.1,80.8,19.6,15.6
2026,Christian Encarnacion-Strand,BAL,3B,26.0,26.804,33.3,295,48.8,45.9,0.91,58.4,9.0,2.6,92.0,97.7,55.3,57.2,73.6,91.7,32.2,25.2,36.3,20.3,44.7,36.7
2026,Johnathan Rodríguez,ATH,RF,26.0,26.877,31.9,423,48.7,45.5,0.74,35.8,69.3,75.6,70.9,78.7,62.8,67.9,66.8,82.5,66.0,75.8,54.6,59.3,31.8,23.6
2026,Nacho Alvarez Jr.,ATL,SS,23.0,23.444,86.3,168,48.6,45.1,0.74,35.8,82.9,91.7,20.4,12.7,47.4,45.5,33.9,20.2,65.2,74.5,58.9,65.8,46.3,38.9
2026,Brandon Compton,MIA,OF,22.0,22.899,91.7,62,48.6,45.1,0.81,44.5,22.0,14.7,66.8,73.9,29.0,21.6,47.9,44.8,25.5,15.8,45.1,41.4,84.2,92.1
2026,Drew Romo,CHW,C,24.0,25.06,62.2,64,48.4,44.7,1.0,71.0,22.0,14.7,31.7,25.5,59.2,63.6,45.4,39.4,40.6,34.5,35.3,18.9,24.7,19.7
2026,Tony Santa Maria,TBR,3B,24.0,24.457,71.5,50,48.2,44.4,0.74,35.8,59.6,61.2,38.3,34.5,64.0,70.2,51.2,51.0,61.8,66.9,62.6,74.1,64.1,68.5
2026,Jose Cordova,COL,C,26.0,26.691,34.7,191,48.1,44.1,0.84,48.5,52.1,51.9,36.4,31.3,72.2,79.8,54.3,58.1,62.2,67.9,56.7,62.2,45.8,38.4
2026,Roc Riggio,COL,2B,24.0,24.277,75.4,103,48.0,43.7,0.86,51.1,37.7,34.1,57.0,59.7,39.8,34.5,48.4,46.2,38.8,32.7,38.7,24.8,38.6,31.0
2026,Kyle Manzardo,CLE,1B,25.0,26.174,43.5,157,48.0,43.7,0.96,64.0,33.2,29.1,38.1,34.3,36.8,29.1,37.4,25.5,35.0,28.0,35.7,19.2,37.1,29.6
2026,Owen Ayers,CHC,C,25.0,25.287,57.7,196,47.9,43.3,0.73,34.1,68.1,73.9,38.4,34.8,53.4,54.1,45.9,40.5,60.8,65.7,61.5,71.5,62.9,65.8
2026,Joe Lampe,CLE,OF,25.0,25.791,50.0,57,47.5,42.6,0.8,43.2,54.8,55.2,34.4,28.9,70.1,77.8,52.2,52.8,62.4,68.3,58.8,65.5,51.4,46.3
2026,Caden Connor,CHW,OF,25.0,26.133,44.3,390,47.5,42.6,0.79,41.5,63.9,66.7,26.0,18.5,67.8,76.0,46.9,41.9,65.8,75.4,61.4,71.1,52.6,48.5
2026,Christian Franklin,BAL,LF,26.0,26.806,33.1,441,47.5,42.6,0.68,26.3,65.3,70.6,65.1,71.1,60.2,64.5,62.6,74.0,62.8,69.2,65.0,78.8,69.4,73.6
2026,Lucas Spence,HOU,,23.0,,,204,47.5,42.6,0.82,45.9,46.8,43.1,57.2,60.1,48.0,46.1,52.6,54.2,47.4,42.7,46.2,43.6,43.7,35.8
2026,Kristian Robinson,ARI,LF,25.0,25.774,50.9,482,47.4,41.9,0.79,41.5,37.5,33.8,65.6,71.6,24.2,16.4,44.9,37.6,30.8,22.6,46.2,43.6,76.9,82.5
2026,Rhylan Thomas,TOR,LF,26.0,26.431,39.4,238,47.3,41.6,0.75,37.5,76.7,85.1,13.7,4.2,94.8,98.1,54.2,57.6,85.8,96.2,71.7,87.9,43.7,35.8
2026,Juan Brito,CIN,2B,24.0,24.988,63.8,465,46.9,41.2,0.8,43.2,70.0,77.0,26.2,19.1,57.4,60.6,41.8,32.3,63.7,71.1,51.8,53.4,28.0,21.5
2026,Xavier Isaac,TBR,1B,22.0,22.76,93.3,75,46.9,41.2,0.77,39.6,33.4,29.6,78.8,86.9,20.3,13.2,49.6,47.5,26.8,16.9,36.7,21.6,56.5,56.0
2026,Ryan Bliss,SEA,2B,26.0,26.771,33.7,567,46.3,40.7,0.75,37.5,58.8,59.5,37.8,33.8,42.7,39.4,40.2,28.9,50.8,49.6,57.2,62.5,70.1,74.5
2026,Nick Lorusso,NYM,3B,25.0,26.023,46.1,105,46.3,40.7,0.69,27.5,59.2,60.4,52.0,53.5,59.0,63.3,55.5,59.6,59.1,62.4,64.7,78.1,75.8,81.1
2026,Wenceel Pérez,DET,RF,26.0,26.891,30.9,61,46.2,40.1,0.73,34.1,57.9,58.5,47.5,46.4,64.8,72.2,56.2,60.6,61.4,66.1,61.9,73.2,62.9,65.8
2026,Victor Bericoto,SFG,RF,24.0,24.797,66.5,229,46.2,40.1,0.81,44.5,39.3,36.2,73.3,82.6,73.8,81.8,73.6,91.7,56.6,58.8,42.0,33.7,12.8,12.1
2026,Gabriel Gonzalez,MIN,RF,22.0,22.71,93.5,470,46.0,39.7,0.8,43.2,55.9,56.4,40.2,37.5,61.4,66.4,50.8,50.4,58.6,62.0,44.7,40.4,16.8,14.5
2026,Milan Tolentino,CLE,SS,24.0,24.841,65.7,481,45.8,39.5,0.82,45.9,18.4,9.9,72.2,80.6,17.4,11.3,44.8,37.2,17.9,8.6,36.3,20.3,73.0,77.3
2026,Christian Cairo,NYM,SS,25.0,25.276,57.9,503,45.6,39.2,0.71,30.8,93.3,98.6,11.2,2.3,48.4,47.1,29.8,11.9,70.8,80.2,60.9,70.0,40.9,33.3
2026,Brendan Jones,MIA,CF,24.0,24.408,72.4,90,45.2,38.6,0.84,48.5,35.0,30.6,22.6,15.5,6.2,2.9,14.4,2.6,20.6,11.4,42.0,33.7,84.7,92.3
2026,Yohendrick Piñango,TOR,LF,24.0,24.372,73.2,294,45.2,38.6,0.76,38.8,37.3,33.5,70.1,77.9,37.4,30.7,53.8,56.6,37.3,30.7,40.7,31.1,47.4,42.1
2026,Jeremiah Jackson,BAL,2B,26.0,26.486,38.2,69,45.2,38.6,0.83,47.3,9.7,3.3,80.0,88.3,54.6,55.9,67.3,82.8,32.2,25.2,42.5,36.0,63.1,67.0
2026,Brandon Butterworth,BAL,SS,23.0,24.06,78.0,102,45.1,38.1,0.75,37.5,23.5,16.7,52.9,54.9,44.0,40.5,48.4,46.2,33.8,26.9,52.4,54.9,89.7,96.7
2026,Dakota Harris,STL,SS,24.0,24.583,68.5,54,44.9,37.8,0.85,49.7,27.9,22.4,37.3,32.6,66.3,74.1,51.8,51.7,47.1,42.4,47.0,45.3,46.8,40.7
2026,Jhostynxon Garcia,PIT,RF,23.0,23.775,81.5,276,44.7,37.5,0.79,41.5,25.0,18.8,74.2,83.9,40.4,35.9,57.3,62.8,32.7,25.9,37.3,22.6,46.5,39.9
2026,Creed Willems,BAL,C,23.0,23.296,88.3,438,44.1,37.3,0.79,41.5,44.0,40.6,69.8,77.2,47.8,45.8,58.8,66.0,45.9,41.2,32.3,14.2,5.2,2.2
2026,Mikey Romero,BOS,SS,22.0,22.689,94.1,480,44.0,36.8,0.69,27.5,48.6,45.4,66.2,72.5,59.8,63.8,63.0,75.4,54.2,54.9,49.8,50.4,40.9,33.3
2026,Ben Ross,MIN,SS,25.0,25.29,57.4,429,44.0,36.8,0.79,41.5,43.0,40.0,52.0,53.5,27.2,20.0,39.6,28.1,35.1,28.3,39.5,27.1,48.4,42.7
2026,Zach Morgan,SFG,C,26.0,26.475,38.6,136,43.5,36.3,0.75,37.5,86.3,93.9,21.3,13.4,52.6,52.1,37.0,23.9,69.4,78.7,48.8,48.8,7.6,7.3
2026,Dayan Frias,CLE,3B,24.0,24.238,75.8,331,43.5,36.3,0.7,29.2,49.4,47.6,33.0,26.3,48.1,46.4,40.6,29.9,48.8,45.5,58.6,64.8,78.4,84.4
2026,Leo Balcazar,CIN,SS,22.0,22.259,96.3,142,43.3,35.9,0.72,32.3,70.4,77.5,26.0,18.5,58.4,62.1,42.2,32.9,64.4,72.5,50.0,50.7,21.1,16.2
2026,Otto Kemp,PHI,LF,26.0,27.031,28.5,445,42.8,35.6,0.73,34.1,42.9,39.8,70.1,77.9,40.4,35.9,55.2,59.4,41.6,36.2,44.6,39.7,50.4,45.5
2026,Nick Schnell,SDP,RF,26.0,26.483,38.4,239,42.6,35.3,0.84,48.5,15.2,8.1,72.8,81.3,17.3,11.1,45.0,37.8,16.2,6.5,28.9,10.5,54.1,51.8
2026,Charlie Szykowny,SFG,3B,26.0,26.223,42.9,64,42.5,35.1,0.72,32.3,67.5,73.3,49.6,49.5,67.8,76.0,58.7,65.4,67.6,76.7,49.1,49.7,11.9,11.8
2026,Carlos Mendoza,TOR,2B,26.0,26.768,33.9,402,42.3,34.7,0.71,30.8,87.8,95.4,17.7,8.9,53.4,54.1,35.6,23.0,70.6,79.7,54.9,60.4,23.6,18.4
2026,Pascanel Ferreras,HOU,SS,24.0,24.819,66.1,295,42.3,34.7,0.84,48.5,32.9,28.7,36.0,30.5,34.6,27.1,35.3,22.5,33.8,26.9,35.2,18.6,38.2,30.4
2026,Keiner Delgado,PIT,2B,22.0,22.708,93.7,75,41.9,34.1,0.67,24.9,51.9,51.5,22.6,15.5,43.0,39.7,32.8,17.9,47.4,42.7,59.0,66.0,82.1,88.6
2026,Ryan Nicholson,LAA,1B,25.0,26.059,44.9,81,41.9,34.1,0.81,44.5,24.9,18.3,64.6,69.8,37.3,30.2,50.9,50.7,31.1,23.4,34.3,17.8,40.8,32.7
2026,Joe Mack,MIA,C,23.0,23.732,82.0,102,41.8,33.6,0.64,22.2,62.8,64.8,59.0,62.6,40.1,35.2,49.6,47.5,51.4,50.9,46.7,44.7,37.1,29.6
2026,Julian Brock,TEX,C,25.0,25.298,56.9,75,41.8,33.6,0.67,24.9,51.0,50.2,58.6,62.0,35.4,28.1,47.0,42.4,43.2,37.3,49.6,50.1,62.5,65.2
2026,Dru Baker,CHW,CF,26.0,26.497,37.8,326,41.7,33.2,0.78,40.4,24.6,18.0,33.7,27.5,56.8,59.6,45.2,38.7,40.7,34.8,53.9,57.9,80.4,87.9
2026,Nick Yorke,PIT,3B,24.0,24.468,71.3,138,41.6,32.7,0.67,24.9,50.6,49.7,51.5,52.2,53.3,53.6,52.4,53.1,52.0,51.7,52.8,55.3,54.4,52.7
2026,Émilien Pitre,NYM,SS,23.0,23.962,79.1,83,41.6,32.7,0.63,21.2,69.8,76.5,22.4,14.7,77.4,84.7,49.9,48.5,73.6,84.8,65.2,79.5,48.5,43.0
2026,Termarr Johnson,PIT,SS,22.0,22.275,96.1,398,41.5,32.3,0.65,23.0,52.5,52.4,45.7,44.6,12.2,7.1,29.0,11.3,32.4,25.5,46.1,43.0,73.5,78.6
2026,Gabriel Rincones Jr.,PHI,RF,25.0,25.55,52.8,169,41.0,31.9,0.7,29.2,39.2,36.0,84.6,91.2,58.3,61.8,71.4,89.3,48.8,45.5,40.7,31.1,24.6,19.5
2026,Gage Workman,SDP,3B,26.0,26.908,30.5,488,41.0,31.9,0.76,38.8,9.5,3.0,85.4,91.9,52.6,52.1,69.0,85.8,31.0,23.0,39.7,27.5,57.1,56.8
2026,Andrew Pinckney,WSN,LF,25.0,25.785,50.4,402,40.7,31.5,0.72,32.3,24.5,17.7,69.6,76.7,38.0,32.7,53.8,56.6,31.2,23.7,42.7,36.7,65.5,70.1
2026,Cal Conley,ATL,SS,26.0,27.179,27.4,208,40.4,31.2,0.8,43.2,21.8,14.2,26.4,19.6,39.5,33.9,33.0,18.4,30.6,22.2,49.1,49.7,85.9,94.0
2026,Brock Wilken,MIL,3B,24.0,24.26,75.6,532,40.3,31.0,0.62,20.3,53.0,53.3,67.8,74.8,28.5,21.2,48.2,45.6,40.8,35.2,43.4,37.7,48.8,44.1
2026,Ben Gobbel,LAA,SS,26.0,26.883,31.6,272,40.2,30.7,0.8,43.2,28.2,22.8,44.3,42.0,55.8,58.6,50.0,48.9,42.0,36.4,42.4,35.6,43.3,35.3
2026,Jeferson Quero,MIL,C,23.0,23.951,79.5,478,40.1,30.4,0.72,32.3,35.3,31.1,71.8,79.7,47.3,45.2,59.6,68.1,41.3,35.8,34.9,18.1,22.2,16.7
2026,Nick Goodwin,TOR,SS,24.0,25.038,62.7,106,40.0,30.0,0.69,27.5,52.4,52.1,56.4,58.2,92.0,96.0,74.2,92.7,72.2,82.4,50.6,51.2,7.5,6.8
2026,Aaron Zavala,TEX,OF,26.0,26.24,42.7,508,40.0,30.0,0.73,34.1,45.0,42.0,48.0,47.5,54.9,56.4,51.4,51.3,50.0,48.1,44.8,41.1,34.6,26.3
2026,Tanner Schobel,MIN,SS,25.0,25.295,57.1,359,39.9,29.6,0.62,20.3,74.1,82.5,21.3,13.4,54.8,56.2,38.0,26.0,64.4,72.5,60.2,69.2,51.6,46.8
2026,Gavin Cross,KCR,OF,25.0,25.599,52.4,462,39.7,29.3,0.73,34.1,14.5,7.1,60.7,64.6,28.2,20.8,44.4,36.3,21.4,11.7,42.1,34.4,83.6,91.5
2026,Manuel Pena,ARI,SS,22.0,22.793,93.1,225,39.6,29.0,0.71,30.8,26.1,19.8,49.8,50.0,75.3,83.2,62.6,74.0,50.7,49.2,48.5,48.1,44.0,36.3
2026,Graham Pauley,MIA,3B,25.0,25.988,47.0,190,39.3,28.8,0.77,39.6,35.4,31.4,29.8,24.2,21.0,14.3,25.4,7.8,28.2,19.0,39.3,26.7,61.4,62.9
2026,Anderdson Rojas,ARI,2B,22.0,22.535,94.9,418,39.0,28.5,0.67,24.9,55.1,55.7,16.9,7.9,55.6,57.9,36.2,23.4,55.4,57.4,53.9,57.9,51.0,46.0
2026,Tsung-Che Cheng,BOS,SS,24.0,25.153,60.2,336,38.6,28.2,0.68,26.3,51.9,51.5,37.1,31.9,26.2,18.4,31.6,14.7,39.0,32.9,44.7,40.4,56.0,54.5
2026,Chase Davis,STL,OF,24.0,24.791,66.7,191,38.5,27.9,0.72,32.3,38.8,35.6,45.7,44.6,23.2,15.6,34.4,21.4,31.0,23.0,36.5,21.2,47.4,42.1
2026,Brett Callahan,DET,OF,24.0,24.882,65.0,151,38.2,27.7,0.62,20.3,29.0,23.6,55.6,57.1,81.4,89.0,68.5,84.7,55.2,56.9,58.7,65.2,65.8,70.4
2026,David McCabe,ATL,3B,26.0,26.489,38.0,97,37.9,27.4,0.82,45.9,22.7,15.6,73.8,83.0,26.9,19.7,50.3,49.8,24.8,15.4,18.1,3.8,4.6,1.0
2026,Collin Price,HOU,C,26.0,26.847,32.3,355,37.6,27.1,0.68,26.3,38.3,34.7,81.1,89.0,22.6,14.8,51.8,51.7,30.4,21.9,33.1,15.3,38.5,30.7
2026,Davis Diaz,ATH,C,23.0,23.554,85.3,77,37.3,26.8,0.7,29.2,48.6,45.4,14.7,5.7,52.7,52.5,33.7,20.0,50.7,49.2,47.7,46.6,41.9,34.2
2026,Jack Brannigan,PIT,SS,25.0,25.528,53.3,192,37.2,26.4,0.66,23.8,49.7,48.2,34.3,28.6,25.7,17.8,30.0,13.1,37.7,31.0,46.3,44.1,63.4,67.7
2026,Everson Pereira,STL,RF,25.0,25.446,54.5,57,37.2,26.4,0.79,41.5,21.4,13.4,78.1,85.9,25.9,18.0,52.0,52.3,23.6,13.7,17.4,2.9,5.0,1.8
2026,Brody Moore,STL,SS,25.0,26.168,43.7,334,37.1,25.8,0.66,23.8,61.2,63.0,12.7,3.8,65.4,73.2,39.1,27.7,63.3,70.3,58.4,64.4,48.7,43.7
2026,Kemp Alderman,MIA,OF,23.0,24.085,77.4,426,37.1,25.8,0.68,26.3,8.6,2.4,88.6,94.3,40.5,36.6,64.6,77.5,24.6,15.2,34.1,16.7,53.2,50.1
2026,Billy Amick,NYM,3B,23.0,23.877,80.5,90,37.1,25.8,0.75,37.5,14.8,7.6,88.5,94.1,32.0,24.2,60.2,70.3,23.4,13.5,17.4,2.9,5.5,2.7
2026,Axel Sanchez,SEA,SS,23.0,23.778,81.3,76,36.8,25.2,0.72,32.3,27.2,21.5,24.8,17.4,12.8,7.4,18.8,3.9,20.0,10.5,38.7,24.8,76.2,81.6
2026,Diego Velasquez,SFG,SS,22.0,22.971,91.3,130,36.4,24.9,0.55,16.2,70.2,77.2,21.7,14.2,60.6,65.8,41.2,31.2,65.4,74.9,52.4,54.9,26.4,20.3
2026,Euribiel Angeles,ATH,3B,24.0,24.361,73.6,84,36.2,24.5,0.61,19.5,58.8,59.5,18.9,10.0,42.2,38.5,30.6,14.1,50.5,48.7,51.4,52.9,53.1,49.7
2026,Parks Harber,SFG,,24.0,,,242,36.2,24.5,0.71,30.8,48.7,46.0,49.7,49.7,40.5,36.6,45.1,38.1,44.6,39.2,35.0,18.4,15.8,14.2
2026,Liover Peguero,WSN,SS,25.0,25.719,51.2,365,35.7,24.1,0.65,23.0,46.1,42.8,44.9,43.0,25.0,16.8,35.0,22.1,35.6,28.9,40.4,30.5,50.2,45.2
2026,Nick Cimillo,PIT,C,26.0,26.574,37.2,369,35.5,23.8,0.69,27.5,34.1,30.1,90.0,96.0,26.4,18.7,58.2,64.3,30.2,21.3,23.7,7.4,10.6,11.0
2026,Kristian Campbell,BOS,2B,24.0,24.23,76.0,457,35.1,23.6,0.56,17.1,48.1,44.2,52.8,54.5,31.2,23.4,42.0,32.6,39.6,33.4,39.9,28.9,40.3,32.3
2026,Peyton Williams,TOR,1B,25.0,26.015,46.5,75,35.0,23.3,0.74,35.8,25.3,19.2,75.3,84.8,29.9,22.5,52.6,54.2,27.6,18.3,19.9,4.9,4.4,0.3
2026,Nathan Hickey,BOS,C,26.0,26.825,32.9,227,34.7,22.9,0.66,23.8,53.6,53.9,52.7,54.3,43.0,39.7,47.8,44.3,48.3,44.6,37.3,22.6,15.3,13.2
2026,Je'Von Ward,TOR,RF,26.0,26.905,30.7,199,34.7,22.9,0.72,32.3,21.6,13.7,81.9,89.7,32.4,24.8,57.2,62.4,27.0,17.4,24.2,8.5,18.7,15.1
2026,Lizandro Espinoza,ATL,SS,23.0,23.833,80.9,109,34.5,22.3,0.7,29.2,27.8,22.2,22.3,14.5,15.2,9.3,18.8,3.9,21.5,12.0,37.3,22.6,69.0,72.9
2026,Carson Williams,TBR,SS,23.0,23.239,89.2,469,34.5,22.3,0.6,18.8,19.2,11.0,62.2,67.1,16.4,10.7,39.3,27.9,17.8,8.3,36.3,20.3,73.4,78.4
2026,Jesus Castillo,PIT,SS,22.0,23.192,89.8,85,34.3,21.9,0.54,15.5,52.5,52.4,11.0,2.0,77.4,84.7,44.2,35.9,65.0,73.8,59.1,66.4,47.3,41.6
2026,Bryan Ramos,BAL,3B,24.0,24.526,70.1,356,33.9,21.6,0.47,11.4,66.0,71.5,45.1,43.5,23.4,16.0,34.2,20.9,44.7,39.4,40.3,30.0,31.5,23.3
2026,Christian Cerda,ARI,C,23.0,23.732,82.0,235,33.5,21.2,0.67,24.9,59.3,60.7,29.6,24.0,22.7,15.2,26.2,8.6,41.0,35.6,29.3,11.5,5.8,3.6
2026,Justyn-Henry Malloy,TBR,RF,26.0,26.585,36.8,229,33.5,21.2,0.45,10.1,69.1,75.2,32.4,25.7,41.5,37.6,37.0,23.9,55.3,57.2,52.3,54.4,46.3,38.9
2026,Ben Cowles,CHC,3B,26.0,26.595,36.6,428,33.4,20.5,0.7,29.2,35.2,30.9,25.3,18.0,25.6,17.5,25.5,8.1,30.4,21.9,38.9,25.2,55.8,54.0
2026,Payton Eeles,BAL,2B,26.0,26.845,32.5,247,33.4,20.5,0.55,16.2,73.2,81.6,21.7,14.2,46.2,43.5,34.0,20.5,59.7,63.8,48.9,49.2,27.4,20.8
2026,Junior Perez,CHW,CF,24.0,25.213,58.7,352,33.4,20.5,0.6,18.8,20.8,12.5,55.5,56.8,7.8,4.0,31.6,14.7,14.3,5.3,38.1,23.4,85.8,93.7
2026,Peyton Wilson,KCR,2B,26.0,26.886,31.3,360,33.3,20.0,0.7,29.2,29.5,24.2,30.7,25.3,28.8,21.4,29.8,11.9,29.2,20.6,39.7,27.5,60.9,61.9
2026,Romeo Sanabria,SDP,1B,24.0,24.386,73.0,81,33.2,19.7,0.64,22.2,48.6,45.4,40.3,37.8,60.4,65.3,50.3,49.8,54.5,55.8,38.3,23.8,6.0,4.0
2026,Garret Forrester,MIA,3B,24.0,24.83,65.9,106,33.1,19.5,0.37,7.4,60.3,61.7,45.0,43.2,37.7,32.0,41.4,31.5,49.0,46.1,47.3,45.8,44.0,36.3
2026,Rafael Flores Jr.,PIT,C,25.0,25.867,48.6,274,33.0,19.2,0.61,19.5,55.2,56.0,56.6,58.6,25.1,17.0,40.8,30.3,40.2,34.3,30.5,12.3,11.1,11.5
2026,Sam Petersen,WSN,OF,23.0,23.666,82.7,143,32.7,18.8,0.65,23.0,14.7,7.3,27.6,21.4,33.3,25.3,30.4,13.9,24.0,14.2,44.0,39.0,84.0,91.8
2026,Edgar Quero,CHW,C,23.0,23.458,86.0,115,32.7,18.8,0.47,11.4,79.3,88.7,26.2,19.1,37.5,31.1,31.8,15.4,58.4,61.7,40.4,30.5,4.5,0.5
2026,Tyler Callihan,PIT,LF,26.0,26.245,42.5,364,32.4,18.2,0.63,21.2,38.0,34.3,30.2,24.6,34.3,26.7,32.2,16.4,36.2,29.4,43.6,38.2,58.5,57.9
2026,Robert Hassell III,PIT,CF,24.0,25.098,61.6,329,32.4,18.2,0.54,15.5,35.8,31.7,44.8,42.7,45.6,42.6,45.2,38.7,40.7,34.8,44.7,40.4,52.8,49.0
2026,CJ Kayfus,CLE,LF,24.0,24.895,64.8,198,32.3,17.8,0.56,17.1,23.1,16.0,47.6,46.7,52.3,51.5,50.0,48.9,37.7,31.0,45.9,42.7,62.3,64.4
2026,Thomas Gavello,SFG,C,25.0,25.29,57.4,314,32.2,17.5,0.52,14.9,41.6,39.1,45.1,43.5,21.6,14.5,33.4,19.6,31.6,24.1,39.8,28.2,56.2,55.1
2026,Ethan O'Donnell,MIA,CF,24.0,24.485,70.7,230,32.0,17.3,0.61,19.5,28.5,23.4,29.4,23.4,20.0,12.7,24.7,7.3,24.2,14.5,41.2,31.5,75.0,80.3
2026,Jack Hurley,ARI,OF,24.0,24.523,70.3,120,31.5,17.0,0.63,21.2,32.7,28.2,64.7,70.1,27.9,20.6,46.3,41.2,30.3,21.6,25.3,9.2,15.2,12.9
2026,Maxwell Romero Jr.,WSN,C,25.0,25.394,55.5,154,31.2,16.7,0.68,26.3,23.5,16.7,79.5,87.9,20.2,12.9,49.8,48.2,21.8,12.3,16.4,2.2,5.6,3.0
2026,Juan Benjamin,CLE,SS,23.0,23.406,87.3,51,31.0,16.4,0.47,11.4,21.8,14.2,33.3,27.0,51.4,50.7,42.3,33.1,36.6,29.9,51.1,52.3,80.1,86.8
2026,Endy Rodríguez,PIT,C,26.0,26.319,41.4,143,30.7,16.0,0.49,13.0,57.0,57.8,50.6,51.1,58.0,61.4,54.3,58.1,57.5,60.0,40.0,29.3,4.9,1.4
2026,Ethan Murray,MIL,SS,26.0,26.355,40.9,393,30.7,16.0,0.56,17.1,44.6,41.3,34.0,28.0,40.4,35.9,37.2,24.9,42.5,37.0,41.7,32.3,40.0,32.1
2026,Jackson Holliday,BAL,2B,22.0,22.795,92.9,66,30.4,15.6,0.28,4.2,39.1,35.8,45.7,44.6,36.4,28.9,41.0,30.6,37.8,31.3,45.4,41.9,60.6,61.2
2026,Will Banfield,CIN,C,26.0,26.839,32.7,294,30.3,15.3,0.73,34.1,23.6,17.0,51.4,51.9,31.0,23.1,41.2,31.2,27.3,17.8,20.0,5.3,5.4,2.5
2026,Maximo Acosta,MIA,SS,23.0,23.893,80.3,180,29.9,15.1,0.37,7.4,30.2,24.8,30.3,24.8,39.8,34.5,35.0,22.1,35.0,28.0,50.7,51.5,82.1,88.6
2026,Harry Ford,WSN,C,23.0,23.578,84.6,254,29.6,14.8,0.47,11.4,64.2,67.2,29.1,23.0,27.6,20.4,28.4,10.4,45.9,41.2,33.4,15.9,8.4,9.0
2026,Colton Becker,KCR,SS,25.0,25.402,55.0,57,29.5,14.5,0.18,1.9,45.7,42.3,19.2,10.3,40.8,37.2,30.0,13.1,43.2,37.3,59.3,66.8,91.5,98.1
2026,Noah Cardenas,MIN,C,26.0,27.028,28.7,265,29.1,14.2,0.63,21.2,52.8,53.1,17.2,8.3,35.2,27.8,26.2,8.6,44.0,38.1,37.0,21.9,23.1,17.8
2026,A.J. Vukovich,ARI,OF,24.0,25.169,59.8,247,29.0,14.0,0.7,29.2,18.9,10.6,49.9,50.4,31.0,23.1,40.4,29.3,25.0,15.6,20.0,5.3,10.0,10.7
2026,Fernando Peguero,BAL,SS,21.0,21.73,98.6,93,28.8,13.7,0.55,16.2,15.6,8.3,19.9,12.1,13.2,7.8,16.5,3.2,14.4,5.5,38.1,23.4,85.6,93.2
2026,Zach Cole,HOU,LF,25.0,26.127,44.5,241,28.0,13.4,0.36,6.8,17.8,9.5,72.8,81.3,5.2,2.2,39.0,27.4,11.5,2.2,33.2,15.6,76.5,81.9
2026,Homer Bush Jr.,TBR,CF,24.0,24.936,64.4,375,27.9,13.2,0.64,22.2,14.4,6.9,12.2,3.4,11.9,6.7,12.0,1.4,13.2,4.3,36.2,19.6,82.2,89.2
2026,Jean Walters,ARI,2B,24.0,25.103,61.4,100,27.7,12.9,0.49,13.0,58.2,59.2,16.7,7.6,49.9,48.8,33.3,19.3,54.0,54.4,39.2,26.2,9.6,10.1
2026,Jud Fabian,BAL,OF,25.0,25.979,47.3,439,27.6,12.6,0.46,10.5,40.8,38.0,58.0,61.0,16.0,10.4,37.0,23.9,28.4,19.3,28.3,9.9,28.1,21.9
2026,Max Ferguson,BOS,2B,26.0,27.077,28.0,133,27.5,12.2,0.5,14.1,33.2,29.1,27.4,20.9,29.2,21.8,28.3,10.1,31.2,23.7,41.8,33.0,63.0,66.4
2026,Ryan Clifford,NYM,1B,22.0,23.17,90.0,465,27.5,12.2,0.4,8.8,14.9,7.9,76.5,85.5,8.8,4.6,42.6,33.3,11.9,3.0,23.4,7.1,46.5,39.9
2026,Colby Halter,ATH,2B,24.0,25.073,61.9,201,27.2,11.8,0.52,14.9,27.4,21.9,16.5,7.3,7.2,3.7,11.8,1.2,17.3,7.9,37.3,22.6,77.2,82.9
2026,Nolan Gorman,STL,3B,26.0,26.363,40.3,198,27.1,11.5,0.59,18.4,23.2,16.2,59.5,63.0,4.8,1.8,32.2,16.4,14.0,5.1,21.2,5.8,35.5,27.4
2026,Luis Vázquez,BAL,SS,26.0,26.946,29.9,194,27.0,11.2,0.58,17.9,16.8,8.9,40.4,38.3,19.6,12.5,30.0,13.1,18.2,9.0,33.9,16.4,65.2,69.7
2026,Jordyn Adams,MIL,CF,26.0,26.924,30.1,53,26.7,11.0,0.42,9.3,18.9,10.6,43.8,41.3,1.6,0.4,22.7,6.1,10.2,1.8,38.4,24.2,94.7,99.7
2026,Willy Vasquez,BAL,3B,24.0,25.038,62.7,152,26.5,10.7,0.44,9.7,17.0,9.1,55.7,57.4,13.8,8.4,34.8,21.8,15.4,5.9,31.1,13.2,62.4,64.8
2026,Jeremy Rivas,STL,SS,23.0,23.548,85.6,98,26.4,10.1,0.5,14.1,22.4,15.2,27.7,21.8,7.2,3.7,17.4,3.5,14.8,5.7,29.9,12.1,60.0,59.7
2026,Nathan Martorella,MIA,1B,25.0,25.585,52.6,106,26.4,10.1,0.38,8.1,32.5,27.6,41.8,39.8,24.3,16.6,33.0,18.4,28.4,19.3,36.4,20.8,52.5,48.2
2026,Aeverson Arteaga,SFG,SS,23.0,23.515,85.8,292,26.4,10.1,0.56,17.1,21.1,12.7,37.5,33.1,42.2,38.5,39.8,28.5,31.6,24.1,29.1,11.2,24.0,18.6
2026,Josh Rivera,TOR,SS,25.0,25.944,48.0,354,25.6,9.6,0.41,9.0,32.5,27.6,52.6,54.0,23.5,16.2,38.0,26.0,28.0,18.7,29.7,11.8,33.1,25.1
2026,Dom Keegan,TBR,C,25.0,26.136,44.1,214,25.2,9.2,0.29,4.7,26.5,20.5,49.8,50.0,6.6,3.2,28.2,9.8,16.6,7.4,34.2,17.3,69.4,73.6
2026,Dustin Dickerson,KCR,SS,25.0,25.481,54.0,77,25.2,9.2,0.38,8.1,41.6,39.1,28.6,22.4,6.1,2.6,17.4,3.5,23.8,13.9,32.1,14.0,48.7,43.7
2026,Devin Taylor,ATH,OF,22.0,22.705,93.9,60,24.9,8.8,0.5,14.1,31.4,26.6,37.4,32.9,26.8,19.3,32.1,16.0,29.1,20.4,22.0,6.3,7.8,7.8
2026,Brock Jones,TBR,OF,25.0,25.481,54.0,169,24.3,8.5,0.34,6.3,5.8,1.3,56.8,59.1,1.0,0.2,28.9,10.9,3.4,0.2,30.8,12.9,85.5,92.6
2026,Caleb Ricketts,PHI,C,26.0,26.363,40.3,174,24.1,8.2,0.49,13.0,17.4,9.3,55.6,57.1,15.0,9.1,35.3,22.5,16.2,6.5,23.9,8.1,39.3,31.2
2026,Omar Martinez,LAA,C,24.0,25.21,58.9,249,22.8,7.7,0.48,12.2,19.5,11.6,68.4,76.0,12.8,7.4,40.6,29.9,16.2,6.5,13.0,1.6,6.8,5.5
2026,Colby Thomas,PHI,RF,25.0,25.648,52.0,189,22.8,7.7,0.48,12.2,10.8,4.0,70.2,78.2,15.5,9.7,42.8,33.6,13.2,4.3,16.0,1.9,21.7,16.4
2026,Jay Allen II,CIN,OF,23.0,23.828,81.1,84,22.8,7.7,0.27,3.7,8.3,2.0,25.9,18.2,22.8,15.4,24.4,7.0,15.6,6.1,39.8,28.2,88.3,94.8
2026,Austin Hendrick,CIN,OF,25.0,25.265,58.1,209,22.5,7.1,0.39,8.5,12.5,5.7,46.2,45.6,28.3,21.0,37.2,24.9,20.4,11.0,29.0,11.0,46.3,38.9
2026,Blake Burke,MIL,1B,23.0,23.277,88.7,137,22.1,6.8,0.31,5.6,11.5,4.4,49.1,49.0,41.6,37.9,45.4,39.4,26.6,16.5,28.6,10.1,32.7,24.2
2026,Shawn Ross,TOR,C,26.0,26.973,29.5,186,21.9,6.6,0.22,3.0,30.5,25.3,64.2,68.8,2.2,0.6,33.2,19.0,16.4,7.0,21.9,6.0,33.1,25.1
2026,Jair Camargo,ATL,C,26.0,27.222,26.6,216,21.7,6.2,0.33,6.0,2.5,0.4,84.3,90.9,32.2,24.5,58.2,64.3,17.4,8.1,23.9,8.1,37.1,29.6
2026,Luca Tresh,KCR,C,26.0,26.691,34.7,380,21.7,6.2,0.58,17.9,11.6,4.6,50.2,50.7,26.6,19.0,38.4,26.6,19.1,9.7,17.5,3.3,14.4,12.6
2026,Garret Guillemette,HOU,C,24.0,25.043,62.4,72,21.5,5.6,0.37,7.4,9.9,3.8,14.6,5.5,49.8,48.5,32.2,16.4,29.8,20.9,42.6,36.4,68.0,72.1
2026,Cooper Kinney,TBR,2B,23.0,23.647,83.1,198,21.5,5.6,0.46,10.5,11.0,4.2,33.3,27.0,10.2,5.7,21.8,5.7,10.6,2.0,22.7,6.6,46.8,40.7
2026,Nate Baez,BOS,C,25.0,25.344,56.7,56,21.4,4.8,0.27,3.7,51.9,51.5,19.5,10.9,40.4,35.9,30.0,13.1,46.2,41.9,32.4,14.5,5.0,1.8
2026,Carlos Colmenarez,TBR,SS,22.0,22.847,92.5,77,21.4,4.8,0.3,5.1,13.7,6.1,16.2,6.9,3.2,1.0,9.7,0.4,8.4,1.4,31.6,13.7,77.8,83.8
2026,Lenyn Sosa,TOR,2B,26.0,26.653,36.0,68,21.4,4.8,0.5,14.1,32.3,27.1,28.3,22.2,25.4,17.2,26.8,8.9,28.8,19.6,22.9,6.8,11.0,11.2
2026,Josue Briceño,DET,C,21.0,21.99,97.4,59,21.4,4.8,0.28,4.2,30.9,26.1,47.9,47.3,15.4,9.5,31.6,14.7,23.2,13.1,17.6,3.6,6.6,5.2
2026,Alfonsin Rosario,CLE,OF,22.0,22.248,96.5,161,20.1,4.1,0.08,1.0,6.0,1.6,37.6,33.3,4.9,2.0,21.2,5.5,5.4,0.8,26.8,9.6,69.5,74.0
2026,Eduardo Garcia,MIL,SS,23.0,24.197,76.6,208,20.0,3.8,0.31,5.6,9.4,2.8,26.1,18.8,15.8,10.1,21.0,5.3,12.6,3.3,28.9,10.5,61.4,62.9
2026,Michael Siani,DET,CF,26.0,27.181,27.1,257,19.6,3.6,0.35,6.6,25.0,18.8,13.9,4.8,11.8,6.5,12.8,2.2,18.4,9.3,32.9,15.1,61.8,63.6
2026,Tre' Morgan,TBR,1B,23.0,24.181,77.0,236,18.5,3.3,0.49,13.0,9.7,3.3,37.2,32.2,10.0,5.3,23.6,6.5,9.8,1.6,11.2,1.2,13.8,12.3
2026,Bennett Lee,DET,C,24.0,24.402,72.6,84,18.0,3.0,0.19,2.5,16.4,8.7,51.5,52.2,19.4,12.2,35.4,22.8,17.9,8.6,17.1,2.5,15.5,13.4
2026,Cooper Bowman,TBR,2B,26.0,26.653,36.0,68,17.6,2.7,0.21,2.7,8.5,2.2,14.0,5.1,17.2,10.9,15.6,2.8,12.8,3.9,36.2,19.6,83.0,90.3
2026,Ivan Melendez,ARI,1B,26.0,26.656,35.6,50,17.5,2.5,0.44,9.7,4.5,1.0,73.5,82.8,8.4,4.2,41.0,30.6,6.4,1.1,5.8,0.5,4.6,1.0
2026,Silas Ardoin,BAL,C,25.0,26.001,46.7,235,16.5,2.2,0.06,0.5,35.0,30.6,16.7,7.6,4.0,1.4,10.4,0.7,19.5,10.1,23.8,7.7,32.3,23.8
2026,Derek Berg,PIT,C,24.0,24.997,63.6,133,16.2,1.9,0.11,1.4,5.8,1.3,43.9,41.6,7.0,3.4,25.4,7.8,6.4,1.1,18.2,4.1,41.7,34.0
2026,Jhonkensy Noel,BAL,RF,24.0,25.183,59.3,120,14.9,1.6,0.18,1.9,11.9,4.8,52.9,54.9,13.2,7.8,33.0,18.4,12.6,3.3,10.7,0.8,7.0,5.8
2026,Arol Vera,LAA,SS,23.0,24.022,78.3,133,14.7,1.4,0.08,1.0,20.3,12.1,3.8,0.4,20.5,13.5,12.2,1.6,20.4,11.0,25.3,9.2,35.2,27.0
2026,Dominic Pitelli,CIN,SS,24.0,24.671,67.5,200,14.3,1.1,0.3,5.1,12.0,5.1,10.1,1.6,14.8,8.8,12.4,1.8,13.4,4.6,19.8,4.7,32.7,24.2
2026,Ethan Hearn,CHC,C,25.0,26.053,45.2,70,14.1,0.8,0.23,3.3,0.9,0.2,51.9,53.0,6.2,2.9,29.0,11.3,3.6,0.5,11.2,1.2,26.5,20.5
2026,Dayne Leonard,CIN,,26.0,,,110,9.8,0.5,0.03,0.3,21.2,13.0,4.4,0.6,4.2,1.6,4.3,0.2,12.7,3.6,18.8,4.4,31.0,23.0
2026,Cameron Barstad,PIT,C,25.0,25.807,49.8,72,9.7,0.3,0.18,1.9,4.0,0.8,35.2,29.3,3.1,0.8,19.2,4.4,3.6,0.5,4.4,0.3,6.2,4.4
2026,Jack Suwinski,TBR,CF,28.0,28.145,11.7,537,,,,,52.7,52.8,85.7,92.2,44.4,41.6,65.0,78.6,48.6,44.9,,,,
2026,Oswaldo Cabrera,NYY,3B,27.0,27.556,20.7,518,,,,,49.8,48.7,50.3,50.9,79.0,86.6,64.6,77.5,64.4,72.5,,,,
2026,Trevor Hauver,TEX,2B,27.0,27.833,16.1,506,,,,,50.1,49.1,36.3,31.1,60.2,64.5,48.2,45.6,55.2,56.9,,,,
2026,Nolan Jones,SEA,RF,28.0,28.372,8.7,506,,,,,54.3,54.3,72.5,81.0,45.3,42.4,58.9,66.5,49.8,47.5,,,,
2026,Brett Wisely,ATL,2B,27.0,27.37,23.6,503,,,,,70.9,78.4,37.7,33.5,48.4,47.1,43.0,33.9,59.6,63.4,,,,
2026,José Barrero,BAL,SS,28.0,28.46,7.9,495,,,,,18.5,10.1,49.1,49.0,16.0,10.4,32.6,17.0,17.2,7.7,,,,
2026,Marcos Castañon,SDP,SS,27.0,27.496,21.5,484,,,,,49.0,46.7,63.9,68.5,66.1,73.7,65.0,78.6,57.6,60.4,,,,
2026,Enmanuel Valdez,PIT,1B,27.0,27.729,17.5,481,,,,,67.3,73.1,53.6,55.8,72.2,79.8,62.9,75.2,69.8,79.2,,,,
2026,Drew Swift,ATH,SS,27.0,27.595,20.5,475,,,,,63.6,66.2,17.9,9.1,48.3,46.7,33.1,18.8,56.0,57.8,,,,
2026,Ryan Ward,LAD,LF,28.0,28.572,6.8,473,,,,,71.6,79.6,60.8,64.9,74.6,82.3,67.7,83.5,73.1,83.8,,,,
2026,Francisco Urbaez,CIN,2B,28.0,28.936,1.2,468,,,,,77.5,87.1,27.3,20.5,64.6,71.7,45.9,40.5,71.0,80.9,,,,
2026,Aaron Sabato,MIN,1B,27.0,27.296,25.2,467,,,,,29.4,24.0,79.2,87.4,39.8,34.5,59.5,67.7,34.6,27.6,,,,
2026,Jack Winkler,ATH,2B,27.0,27.877,15.2,448,,,,,38.4,34.9,32.5,26.0,30.1,22.8,31.3,14.3,34.2,27.3,,,,
2026,Ernesto Martinez Jr.,NYY,1B,27.0,27.253,26.1,446,,,,,33.4,29.6,83.9,90.7,57.2,60.0,70.6,88.1,45.3,40.3,,,,
2026,Mario Camilletti,CHW,2B,27.0,27.422,22.6,440,,,,,67.0,72.5,27.6,21.4,37.7,32.0,32.7,17.5,52.4,52.1,,,,
2026,Drew Waters,KCR,LF,27.0,27.723,17.7,433,,,,,24.5,17.7,71.6,79.4,45.9,43.2,58.8,66.0,35.2,28.5,,,,
2026,Braiden Ward,BOS,CF,27.0,27.671,18.1,427,,,,,58.1,59.0,8.5,1.2,55.2,57.0,31.8,15.4,56.6,58.8,,,,
2026,Kameron Misner,PHI,CF,28.0,28.695,4.5,425,,,,,32.8,28.5,84.6,91.2,40.9,37.4,62.8,74.6,36.8,30.1,,,,
2026,Chad Stevens,COL,2B,27.0,27.628,19.3,414,,,,,31.4,26.6,56.3,58.0,66.6,74.8,61.4,72.6,49.0,46.1,,,,
2026,Logan Davidson,TBR,1B,28.0,28.734,3.9,411,,,,,14.0,6.5,54.9,56.5,13.8,8.4,34.4,21.4,13.9,4.8,,,,
2026,Matt Wallner,MIN,RF,28.0,28.772,3.5,409,,,,,30.8,25.9,72.9,81.7,14.8,8.8,43.8,35.4,22.8,12.6,,,,
2026,Trei Cruz,DET,CF,28.0,28.211,10.7,409,,,,,64.7,68.5,46.0,45.1,55.6,57.9,50.8,50.4,60.2,65.2,,,,
2026,Will Brennan,SFG,LF,28.0,28.63,5.4,404,,,,,68.8,74.8,36.5,31.6,85.6,92.5,61.0,71.9,77.2,89.3,,,,
2026,Diego Castillo,TEX,SS,28.0,28.895,1.6,402,,,,,77.0,85.8,23.9,16.4,79.9,87.5,51.9,52.1,78.4,90.2,,,,
2026,Michael Toglia,CIN,1B,28.0,28.096,12.1,401,,,,,48.9,46.3,91.8,97.4,63.4,69.1,77.6,95.5,56.2,58.2,,,,
2026,Korey Lee,CHW,C,28.0,28.156,11.4,390,,,,,18.6,10.3,67.9,75.3,22.6,14.8,45.2,38.7,20.6,11.4,,,,
2026,Tatem Levins,TBR,C,27.0,27.313,24.8,376,,,,,60.9,62.5,60.0,63.9,37.3,30.2,48.6,46.5,49.1,46.6,,,,
2026,Nick Pratto,SDP,1B,27.0,27.956,13.8,372,,,,,60.7,62.0,29.5,23.7,64.6,71.7,47.0,42.4,62.6,68.5,,,,
2026,Hyeseong Kim,LAD,SS,27.0,27.647,18.8,360,,,,,35.4,31.4,18.7,9.7,57.8,61.2,38.2,26.3,46.6,42.2,,,,
2026,Blake Sabol,TBR,C,28.0,28.701,4.3,359,,,,,26.3,20.0,46.4,45.9,13.4,8.1,29.9,12.4,19.8,10.3,,,,
2026,Tyler Hardman,NYY,1B,27.0,27.647,18.8,359,,,,,32.3,27.1,66.3,72.8,19.4,12.2,42.8,33.6,25.8,16.1,,,,
2026,Turner Hill,SFG,OF,27.0,27.463,22.2,357,,,,,98.0,99.8,41.3,39.2,98.6,100.0,69.9,87.1,98.3,100.0,,,,
2026,Austin Gauthier,LAD,SS,27.0,27.373,23.4,356,,,,,63.4,65.6,17.6,8.7,42.3,38.8,30.0,13.1,52.8,52.5,,,,
2026,Shay Whitcomb,SFG,3B,27.0,27.978,13.4,354,,,,,39.4,36.5,62.8,67.5,55.6,57.9,59.2,67.2,47.5,43.1,,,,
2026,César Prieto,STL,3B,27.0,27.365,23.9,351,,,,,61.3,63.2,37.3,32.6,84.1,91.0,60.7,71.5,72.7,83.0,,,,
2026,John Rave,KCR,RF,28.0,28.723,4.1,346,,,,,82.2,90.8,60.0,63.9,59.9,64.0,60.0,69.5,71.0,80.9,,,,
2026,Cristian Pache,NYM,OF,27.0,27.836,15.9,344,,,,,12.9,5.9,44.8,42.7,20.3,13.2,32.6,17.0,16.6,7.4,,,,
2026,Cooper Johnson,TEX,C,28.0,28.405,8.1,341,,,,,47.8,44.0,19.8,11.7,37.0,29.3,28.4,10.4,42.4,36.8,,,,
2026,Bryan Lavastida,ATH,C,27.0,27.814,16.5,337,,,,,73.1,81.4,16.1,6.6,64.2,70.6,40.2,28.9,68.6,77.6,,,,
2026,Heston Kjerstad,BAL,LF,27.0,27.603,20.1,326,,,,,22.0,14.7,71.2,79.2,69.2,77.3,70.2,87.4,45.6,40.6,,,,
2026,Brett Harris,SFG,3B,28.0,28.241,10.0,315,,,,,78.2,87.5,41.9,40.0,72.5,80.5,57.2,62.4,75.4,86.5,,,,
2026,Jake Holton,SFG,1B,28.0,28.553,7.1,307,,,,,82.8,91.4,48.2,48.1,56.8,59.6,52.5,53.5,69.8,79.2,,,,
2026,Will Wagner,SDP,DH,28.0,28.145,11.7,296,,,,,78.6,88.1,15.1,5.9,53.2,53.1,34.2,20.9,65.9,75.6,,,,
2026,MJ Melendez,NYM,DH,27.0,27.808,16.7,295,,,,,38.6,35.2,92.0,97.7,38.2,33.2,65.1,79.1,38.4,32.2,,,,
2026,Bryce Teodosio,LAA,LF,27.0,27.258,25.8,295,,,,,18.2,9.7,47.8,47.0,33.5,25.5,40.6,29.9,25.8,16.1,,,,
2026,Michael Turner,CHW,C,28.0,28.09,12.4,294,,,,,41.3,38.6,24.7,17.2,62.4,67.3,43.6,34.9,51.8,51.1,,,,
2026,Jacob Amaya,ARI,SS,28.0,28.047,12.8,289,,,,,66.5,72.3,64.8,70.3,72.2,79.8,68.5,84.7,69.4,78.7,,,,
2026,Duke Ellis,NYY,CF,28.0,28.676,4.9,287,,,,,44.1,40.8,38.0,34.1,52.2,51.2,45.1,38.1,48.2,44.3,,,,
2026,Paul McIntosh,PHI,C,28.0,28.832,2.6,286,,,,,60.3,61.7,73.0,82.0,65.8,73.5,69.4,86.5,63.0,69.6,,,,
2026,Niko Kavadas,LAA,1B,27.0,27.899,14.6,284,,,,,55.1,55.7,77.7,85.7,37.1,29.6,57.4,63.0,46.1,41.6,,,,
2026,Steward Berroa,PHI,RF,27.0,27.294,25.5,283,,,,,63.5,65.9,17.3,8.5,37.6,31.5,27.4,9.3,50.6,48.9,,,,
2026,Tyler Gentry,DET,OF,27.0,27.633,19.1,277,,,,,57.0,57.8,48.7,48.6,45.2,42.2,47.0,42.4,51.1,50.5,,,,
2026,Buddy Kennedy,WSN,1B,27.0,27.959,13.6,270,,,,,85.4,93.0,39.3,36.5,87.9,93.9,63.6,76.2,86.6,96.4,,,,
2026,Ivan Johnson,CIN,2B,27.0,27.943,14.0,267,,,,,28.4,23.1,66.6,73.5,48.5,47.6,57.6,63.2,38.4,32.2,,,,
2026,Greg Jones,CHC,LF,28.0,28.539,7.3,264,,,,,24.9,18.3,27.1,20.2,11.5,6.2,19.3,4.6,18.2,9.0,,,,
2026,Joey Loperfido,HOU,LF,27.0,27.362,24.2,260,,,,,40.9,38.2,41.6,39.4,50.7,50.1,46.2,41.0,45.8,40.8,,,,
2026,Akil Baddoo,MIL,LF,28.0,28.096,12.1,257,,,,,49.7,48.2,88.0,93.6,63.6,69.3,75.8,93.6,56.6,58.8,,,,
2026,Yonny Hernández,NYM,SS,28.0,28.381,8.5,256,,,,,79.3,88.7,17.0,8.1,78.0,85.1,47.5,43.8,78.6,90.7,,,,
2026,Vidal Bruján,NYM,SS,28.0,28.611,5.9,251,,,,,77.4,86.7,24.2,16.8,75.4,83.4,49.8,48.2,76.4,88.3,,,,
2026,Andrew Navigato,DET,SS,28.0,28.315,9.2,247,,,,,75.4,83.6,19.6,11.1,76.0,84.2,47.8,44.3,75.7,87.9,,,,
2026,Joey Wiemer,CHW,RF,27.0,27.606,19.8,245,,,,,25.7,19.4,54.7,56.2,38.0,32.7,46.4,41.4,31.8,24.6,,,,
2026,Samad Taylor,SDP,LF,28.0,28.194,11.0,245,,,,,59.8,61.4,27.3,20.5,49.9,48.8,38.6,27.1,54.8,56.4,,,,
2026,Will Benson,CIN,RF,28.0,28.263,9.8,237,,,,,64.4,67.8,51.1,51.6,53.3,53.6,52.2,52.8,58.8,62.2,,,,
2026,Ismael Munguia,TOR,LF,27.0,27.921,14.2,229,,,,,87.5,95.2,19.7,11.4,96.6,98.8,58.2,64.3,92.0,98.5,,,,
2026,Carson Taylor,SEA,1B,27.0,27.302,25.0,226,,,,,69.8,76.5,22.8,15.8,54.2,55.4,38.5,26.9,62.0,67.3,,,,
2026,Logan Driscoll,MIA,C,28.0,28.879,1.8,222,,,,,36.8,32.5,40.1,37.2,43.3,40.0,41.7,32.1,40.0,33.9,,,,
2026,Rafael Lantigua,TOR,2B,28.0,28.397,8.3,221,,,,,61.8,63.6,19.7,11.4,40.7,37.0,30.2,13.7,51.2,50.7,,,,
2026,Davis Schneider,TOR,LF,27.0,27.65,18.5,218,,,,,86.4,94.2,68.3,75.8,41.8,38.2,55.0,59.1,64.1,71.7,,,,
2026,Ramón Rodríguez,MIL,C,27.0,27.89,14.8,210,,,,,66.2,71.9,15.4,6.2,64.0,70.2,39.7,28.3,65.1,74.1,,,,
2026,Colin Davis,SEA,OF,27.0,27.614,19.5,208,,,,,27.2,21.5,64.4,69.4,26.0,18.2,45.2,38.7,26.6,16.5,,,,
2026,Matt Koperniak,STL,LF,28.0,28.613,5.7,205,,,,,64.2,67.2,32.5,26.0,44.2,40.9,38.4,26.6,54.2,54.9,,,,
2026,Gilberto Celestino,TEX,CF,27.0,27.6,20.3,204,,,,,65.1,69.9,16.1,6.6,32.6,25.1,24.4,7.0,48.8,45.5,,,,
2026,Braxton Fulford,COL,DH,27.0,27.781,16.9,201,,,,,37.2,33.2,61.6,66.1,20.6,13.8,41.1,30.9,28.9,19.9,,,,
2026,Sam Huff,BAL,C,28.0,28.682,4.7,199,,,,,7.5,1.8,64.9,70.6,15.6,9.9,40.2,28.9,11.6,2.4,,,,
2026,Riley Tirotta,TOR,3B,28.0,28.082,12.6,197,,,,,39.4,36.5,58.7,62.2,8.6,4.4,33.6,19.8,24.0,14.2,,,,
2026,Anthony Vilar,SDP,C,27.0,27.472,21.7,197,,,,,30.6,25.6,15.4,6.2,9.7,5.1,12.6,2.0,20.2,10.7,,,,
2026,Spencer Packard,SEA,OF,28.0,28.939,1.0,196,,,,,95.8,99.4,18.1,9.3,71.6,79.0,44.8,37.2,83.7,94.7,,,,
2026,Dylan Carlson,PHI,LF,27.0,27.91,14.4,195,,,,,72.4,80.6,34.3,28.6,31.4,23.7,32.8,17.9,51.9,51.4,,,,
2026,Anthony Seigler,BOS,2B,27.0,27.253,26.1,192,,,,,91.0,98.0,27.6,21.4,73.2,81.1,50.4,50.1,82.1,93.3,,,,
2026,James Nelson,HOU,3B,28.0,28.923,1.4,190,,,,,22.5,15.4,65.0,70.9,42.6,39.1,53.8,56.6,32.6,25.7,,,,
2026,Rodolfo Durán,SDP,C,28.0,28.583,6.5,189,,,,,38.7,35.4,61.8,66.6,63.0,68.4,62.4,73.7,50.8,49.6,,,,
2026,Ben Rortvedt,LAD,C,28.0,28.986,0.4,181,,,,,37.5,33.8,39.0,36.0,35.2,27.8,37.1,24.4,36.4,29.7,,,,
2026,Tommy Sacco Jr.,HOU,SS,27.0,27.335,24.5,171,,,,,36.9,32.7,33.1,26.5,19.1,11.7,26.1,8.3,28.0,18.7,,,,
2026,Jacob Hurtubise,MIL,LF,28.0,28.775,3.3,167,,,,,70.4,77.5,2.2,0.2,35.6,28.3,18.9,4.2,53.0,52.9,,,,
2026,Nelson Velázquez,STL,LF,27.0,27.734,17.1,163,,,,,37.0,32.9,88.8,94.5,34.8,27.4,61.8,73.3,35.9,29.1,,,,
2026,Zach Humphreys,LAA,C,28.0,28.947,0.6,160,,,,,53.3,53.5,13.6,4.0,26.9,19.7,20.2,4.8,40.1,34.1,,,,
2026,Blake Hunt,SDP,C,27.0,27.86,15.4,155,,,,,41.2,38.4,54.9,56.5,41.6,37.9,48.2,45.6,41.4,36.0,,,,
2026,Jesús Bastidas,MIA,SS,28.0,28.016,13.2,151,,,,,15.8,8.5,56.7,58.8,38.0,32.7,47.4,43.4,26.9,17.2,,,,
2026,Matt Gorski,LAD,1B,28.0,28.745,3.7,149,,,,,14.0,6.5,65.6,71.6,9.5,4.8,37.6,25.7,11.8,2.7,,,,
2026,Hayden Cantrelle,CHC,2B,27.0,27.819,16.3,148,,,,,36.4,32.2,10.8,1.8,10.1,5.5,10.4,0.7,23.2,13.1,,,,
2026,Freddy Zamora,MIL,SS,27.0,27.885,15.0,147,,,,,65.2,70.3,41.7,39.6,45.0,42.0,43.4,34.5,55.1,56.6,,,,
2026,Orlando Martinez,TEX,OF,28.0,28.589,6.3,145,,,,,86.7,94.6,26.6,19.9,91.1,95.6,58.8,66.0,88.9,97.6,,,,
2026,Alika Williams,ATH,SS,27.0,27.526,21.3,144,,,,,71.0,78.7,62.1,66.9,97.0,99.2,79.6,97.2,84.0,94.9,,,,
2026,Andrés Chaparro,WSN,1B,27.0,27.381,23.2,143,,,,,56.8,57.2,60.9,65.4,57.4,60.6,59.2,67.2,57.1,59.7,,,,
2026,Justin Foscue,TEX,2B,27.0,27.554,20.9,140,,,,,88.1,95.7,40.0,37.0,55.6,57.9,47.8,44.3,71.8,81.9,,,,
2026,Tyler McDonough,BOS,2B,27.0,27.469,22.0,140,,,,,50.6,49.7,66.5,73.2,39.6,34.1,53.0,55.5,45.1,39.8,,,,
2026,Christopher Morel,NYM,1B,27.0,27.242,26.4,139,,,,,39.5,36.9,96.3,99.6,56.0,59.1,76.2,94.3,47.8,43.7,,,,
2026,Leo Rivas,SEA,3B,28.0,28.945,0.8,139,,,,,79.3,88.7,13.8,4.5,35.8,28.5,24.8,7.5,57.6,60.4,,,,
2026,Andy Yerzy,STL,C,28.0,28.211,10.7,134,,,,,26.8,21.2,34.8,29.1,5.9,2.4,20.3,5.1,16.4,7.0,,,,
2026,Blake Dunn,CIN,CF,28.0,28.041,13.0,130,,,,,57.9,58.5,43.2,41.0,83.8,90.5,63.5,76.0,70.8,80.2,,,,
2026,Kyle McCann,COL,C,28.0,28.799,3.0,127,,,,,21.7,13.9,22.5,15.1,3.8,1.2,13.2,2.4,12.8,3.9,,,,
2026,Josh Lowe,LAA,LF,28.0,28.63,5.4,124,,,,,29.9,24.6,88.0,93.6,37.6,31.5,62.8,74.6,33.8,26.9,,,,
2026,Tim Elko,CHW,1B,27.0,27.732,17.3,124,,,,,19.2,11.0,81.1,89.0,18.0,11.5,49.6,47.5,18.6,9.5,,,,
2026,Justice Bigbie,DET,OF,27.0,27.655,18.3,121,,,,,82.2,90.8,47.5,46.4,71.8,79.3,59.6,68.1,77.0,88.8,,,,
2026,Jose F Miranda,SDP,3B,28.0,28.227,10.2,119,,,,,50.2,49.3,44.4,42.2,72.5,80.5,58.4,64.8,61.4,66.1,,,,
2026,Eric Yang,CHC,C,28.0,28.487,7.7,119,,,,,31.0,26.3,20.9,12.9,12.0,6.9,16.4,3.0,21.5,12.0,,,,
2026,Gavin Lux,TBR,LF,28.0,28.824,2.8,118,,,,,77.0,85.8,7.8,1.0,37.1,29.6,22.4,5.9,57.0,59.3,,,,
2026,Sebastián Rivero,LAA,C,27.0,27.844,15.7,116,,,,,60.9,62.5,40.2,37.5,93.2,96.7,66.7,82.2,77.0,88.8,,,,
2026,Nick Raposo,SEA,C,28.0,28.298,9.6,116,,,,,65.8,71.1,29.0,22.7,54.0,54.8,41.5,31.8,59.9,64.2,,,,
2026,Ryan Kreidler,MIN,SS,28.0,28.854,2.2,113,,,,,26.7,21.0,92.3,98.2,44.2,40.9,68.2,84.0,35.4,28.7,,,,
2026,Jordan Nwogu,CHC,OF,27.0,27.532,21.1,111,,,,,32.7,28.2,64.6,69.8,55.8,58.6,60.2,70.3,44.2,38.7,,,,
2026,JJ Bleday,CIN,LF,28.0,28.86,2.0,104,,,,,72.3,80.4,95.6,99.2,70.3,78.1,82.9,98.4,71.3,81.4,,,,
2026,Griffin Lockwood-Powell,LAD,C,28.0,28.572,6.8,103,,,,,75.7,84.0,44.2,41.8,44.3,41.3,44.2,35.9,60.0,64.4,,,,
2026,Mike Jarvis,PIT,SS,28.0,28.359,8.9,103,,,,,12.4,5.4,11.2,2.3,11.1,5.9,11.1,1.0,11.8,2.7,,,,
2026,Tyler Freeman,COL,RF,27.0,27.335,24.5,96,,,,,86.1,93.7,24.6,17.0,88.3,94.3,56.4,61.1,87.2,96.7,,,,
2026,Billy Cook,PIT,CF,27.0,27.702,17.9,93,,,,,59.4,61.0,81.4,89.5,47.8,45.8,64.6,77.5,53.6,54.1,,,,
2026,Edouard Julien,COL,2B,27.0,27.392,23.0,90,,,,,88.1,95.7,39.1,36.2,55.1,56.7,47.1,42.9,71.6,81.6,,,,
2026,Tim Tawa,ARI,LF,27.0,27.455,22.4,87,,,,,81.6,90.5,91.0,97.1,65.2,72.7,78.1,95.8,73.4,84.6,,,,
2026,Darren Baker,SFG,2B,27.0,27.606,19.8,86,,,,,47.5,43.4,7.2,0.8,52.6,52.1,29.9,12.4,50.0,48.1,,,,
2026,Maverick Handley,ATL,C,28.0,28.531,7.5,84,,,,,84.9,92.5,39.3,36.5,50.4,49.9,44.8,37.2,67.6,76.7,,,,
2026,Braden Shewmake,HOU,SS,28.0,28.835,2.4,82,,,,,25.0,18.8,18.2,9.5,29.4,22.0,23.8,6.7,27.2,17.6,,,,
2026,Ryan McCarty,TOR,SS,27.0,27.414,22.8,82,,,,,69.7,76.1,29.3,23.2,57.4,60.6,43.4,34.5,63.6,70.9,,,,
2026,Tyler Tolbert,KCR,SS,28.0,28.646,5.1,80,,,,,56.7,57.0,18.9,10.0,49.1,48.1,34.0,20.5,52.9,52.7,,,,
2026,Bennett Hostetler,MIA,C,28.0,28.991,0.2,79,,,,,21.2,13.0,80.5,88.5,55.4,57.4,68.0,83.8,38.3,31.8,,,,
2026,Hogan Windish,SEA,1B,27.0,27.365,23.9,76,,,,,9.8,3.6,49.9,50.4,39.2,33.6,44.6,36.7,24.5,14.9,,,,
2026,Mike Antico,COL,OF,28.0,28.591,6.1,70,,,,,33.2,29.1,22.5,15.1,34.0,26.0,28.2,9.8,33.6,26.5,,,,
2026,Matt Rudick,NYM,OF,28.0,28.219,10.4,70,,,,,89.6,97.2,13.8,4.5,40.2,35.4,27.0,9.1,64.9,73.4,,,,
2026,Royce Lewis,MIN,3B,27.0,27.294,25.5,67,,,,,51.6,50.9,99.1,100.0,68.6,77.0,83.8,98.8,60.1,64.7,,,,
2026,Will Wilson,SEA,3B,28.0,28.167,11.2,61,,,,,54.9,55.4,11.4,2.8,60.4,65.3,35.9,23.2,57.6,60.4,,,,
2026,Pedro León,PHI,RF,28.0,28.315,9.2,52,,,,,3.4,0.6,75.4,85.1,50.2,49.4,62.8,74.6,26.8,16.9,,,,
