Season,team,PA_home,PA_road,xwOBA_home,xwOBA_road,PF_xwOBA,K_pct_home,K_pct_road,PF_K
2023,NOR,2805,2870,0.34416073710453726,0.2993748220987069,115.0,0.20998217468805705,0.2564459930313589,81.9
2023,SWB,2668,2736,0.3268620816087142,0.29822926889652585,109.6,0.22188905547226387,0.2595029239766082,85.5
2023,OKC,2711,2719,0.3284010015152313,0.300812594365261,109.2,0.20472150497971228,0.24163295329165135,84.7
2023,TAC,2905,2973,0.3229885834960896,0.3016362260468149,107.1,0.24027538726333908,0.2115708039017827,113.6
2023,NAS,2732,2791,0.3270096509530004,0.3059754541519597,106.9,0.20827232796486092,0.21855965603726263,95.3
2023,RR,2787,2757,0.316274524235423,0.2970243682858036,106.5,0.20631503408683172,0.24591947769314473,83.9
2023,RNO,2987,3001,0.3520441317803134,0.3334013992617202,105.6,0.16303983930364915,0.2149283572142619,75.9
2023,STP,2842,2929,0.33489987619732725,0.31707174664995585,105.6,0.24806474313863477,0.24035506998975759,103.2
2023,DUR,2709,2799,0.3094581079635559,0.2960290791535657,104.5,0.2724252491694352,0.24615934262236513,110.7
2023,LHV,2758,2875,0.3428603480047124,0.32917867950145996,104.2,0.22588832487309646,0.21217391304347827,106.5
2023,IND,2738,2736,0.3195517977080322,0.30799037571454135,103.8,0.22826880934989044,0.22807017543859648,100.1
2023,IOW,2725,2800,0.3201141005144078,0.31458690966837816,101.8,0.2363302752293578,0.2382142857142857,99.2
2023,SAC,2855,3030,0.30767551384799907,0.3036646847865926,101.3,0.24168126094570927,0.24224422442244226,99.8
2023,BUF,2828,2833,0.318410993931701,0.3150401351907731,101.1,0.1867043847241867,0.25132368513942815,74.3
2023,GWN,2600,2736,0.31320575771600967,0.3099653547754751,101.0,0.2230769230769231,0.22587719298245615,98.8
2023,SYR,2717,2853,0.33111755928159414,0.32868006474015404,100.7,0.20794994479205006,0.21556256572029442,96.5
2023,LV,2982,3150,0.317867779134311,0.3189845942263709,99.6,0.21562709590878604,0.2111111111111111,102.1
2023,TOL,2639,2825,0.3169639944095262,0.3188992836742106,99.4,0.2319060250094733,0.25557522123893806,90.7
2023,ELP,2836,3048,0.32256229892948485,0.3254816887379702,99.1,0.19851904090267983,0.21423884514435695,92.7
2023,LOU,2891,2984,0.33656931411804203,0.3402543681599676,98.9,0.22933241093047388,0.1933646112600536,118.6
2023,SUG,2819,2977,0.30656042446060355,0.31060211909316593,98.7,0.2621496984746364,0.23681558616056433,110.7
2023,MEM,2835,2994,0.3130402650999999,0.3186023479647735,98.3,0.20634920634920634,0.20975283901135605,98.4
2023,ABQ,3003,3126,0.32565729453453385,0.3333989770128203,97.7,0.21045621045621046,0.19833653230966092,106.1
2023,OMA,2811,2957,0.3111298040015179,0.31937861390001654,97.4,0.22696549270722163,0.22015556307067974,103.1
2023,WOR,2679,2804,0.3143730885050265,0.3241682062682634,97.0,0.24076147816349383,0.22325249643366618,107.8
2023,COL,2733,2854,0.30892224008753705,0.3207517428960292,96.3,0.23124771313574827,0.23335669236159776,99.1
2023,JAX,2674,2816,0.3101597101365289,0.32227291571651634,96.2,0.2423335826477188,0.22301136363636365,108.7
2023,SL,2709,2878,0.31214144113775966,0.32691961188307506,95.5,0.21040974529346623,0.21056289089645588,99.9
2023,ROC,2723,2927,0.299812439307133,0.3226485321502544,92.9,0.2144693352919574,0.20635462931329004,103.9
2023,CLT,2667,3000,0.2908149159565539,0.333650448676333,87.2,0.2013498312710911,0.206,97.7
2024,TAC,2751,2769,0.336984327580509,0.3039971686966488,110.9,0.2202835332606325,0.20837847598410977,105.7
2024,WOR,2797,2848,0.3359579555331765,0.30972756167186133,108.5,0.2320343224883804,0.23314606741573032,99.5
2024,TOL,2663,2741,0.3266133087080541,0.30179025094162737,108.2,0.2594817874577544,0.2801897117840204,92.6
2024,RNO,2863,2902,0.32783783633517805,0.30870993235577804,106.2,0.1830247991617185,0.2074431426602343,88.2
2024,NAS,2559,2634,0.30683902191600765,0.2900499409252408,105.8,0.23329425556858147,0.2509491268033409,93.0
2024,SUG,2582,2723,0.3195288526891729,0.3019792079425175,105.8,0.22850503485670023,0.2478883584282042,92.2
2024,SAC,2690,2744,0.3106240059359652,0.2962998206404102,104.8,0.22676579925650558,0.26749271137026237,84.8
2024,OKC,2713,2790,0.31175210558032956,0.2976930534173274,104.7,0.2296350903059344,0.23189964157706094,99.0
2024,NOR,2597,2802,0.3014603683370972,0.2901788781652462,103.9,0.27570273392375816,0.2458957887223412,112.1
2024,DUR,2699,2843,0.2895715685699122,0.2808796735666465,103.1,0.2426824749907373,0.27013717903622936,89.8
2024,SWB,2688,2807,0.3223623557379519,0.31485330783604737,102.4,0.2113095238095238,0.23049519059494122,91.7
2024,JAX,2631,2712,0.2987395041811634,0.29219910854655773,102.2,0.23033067274800456,0.26216814159292035,87.9
2024,IND,2658,2791,0.3110781463350627,0.30621903670692463,101.6,0.23175319789315274,0.23969903260480116,96.7
2024,IOW,2688,2892,0.3092597809800956,0.304551353707261,101.5,0.24441964285714285,0.2413554633471646,101.3
2024,COL,2681,2825,0.3244551205557153,0.3209719323032879,101.1,0.2174561730697501,0.25203539823008847,86.3
2024,STP,2708,2844,0.30997245538028,0.306685227930661,101.1,0.2448301329394387,0.2348804500703235,104.2
2024,OMA,2612,2681,0.3070942050164545,0.3046408342246932,100.8,0.22817764165390506,0.22044013427825437,103.5
2024,BUF,2637,2781,0.3195203164286435,0.31858877776145295,100.3,0.2317026924535457,0.21610931319669183,107.2
2024,LV,2857,3005,0.3043496724705033,0.305268224204061,99.7,0.21981099054952746,0.2372712146422629,92.6
2024,GWN,2694,2749,0.31128625581720276,0.31276387088346175,99.5,0.20378619153674832,0.22699163332120773,89.8
2024,RR,2636,2820,0.295709005599974,0.2979664291839518,99.2,0.24317147192716237,0.23652482269503547,102.8
2024,MEM,2624,2820,0.30730793092498104,0.3127506151052147,98.3,0.1871189024390244,0.19609929078014185,95.4
2024,ELP,2779,2969,0.31200825909059393,0.3204603696214559,97.4,0.18495861820798848,0.20882452004041765,88.6
2024,ROC,2679,2813,0.298031849935529,0.3072919255755672,97.0,0.23068309070548712,0.21507287593316743,107.3
2024,CLT,2552,2710,0.29017223784629204,0.30117442832463553,96.3,0.23158307210031348,0.22287822878228783,103.9
2024,SYR,2608,2831,0.3066626474212509,0.31868533232607205,96.2,0.21625766871165644,0.203108442246556,106.5
2024,LOU,2642,2766,0.30175843776048944,0.31693295326612125,95.2,0.24375473126419378,0.20462762111352134,119.1
2024,ABQ,2831,3069,0.3047877266341883,0.32749232559636715,93.1,0.23277993641822678,0.18670576735092864,124.7
2024,SL,2697,2898,0.29020850317274555,0.31346159796613465,92.6,0.2347052280311457,0.1956521739130435,120.0
2024,LHV,2531,2735,0.30351427572161654,0.3298835334235362,92.0,0.24693796918214145,0.226691042047532,108.9
2025,DUR,2625,2691,0.3023527895378121,0.2728584812460614,110.8,0.248,0.27499070977331846,90.2
2025,TAC,2795,2830,0.32143729795490783,0.29301909840227774,109.7,0.19499105545617174,0.21554770318021202,90.5
2025,SWB,2728,2731,0.324127094762543,0.2962577836972175,109.4,0.2118768328445748,0.2343463932625412,90.4
2025,IOW,2757,2845,0.3146285330419705,0.28899679333024736,108.9,0.21835328255350017,0.2586994727592267,84.4
2025,NAS,2565,2616,0.30664076823614056,0.28152579937291417,108.9,0.23391812865497075,0.2519113149847095,92.9
2025,SYR,2629,2701,0.3083520062459058,0.290250272531049,106.2,0.201217192848992,0.23361717882265828,86.1
2025,SUG,2490,2622,0.32833212016426694,0.31164974692610886,105.4,0.2497991967871486,0.2379862700228833,105.0
2025,TOL,2502,2542,0.3100957068673686,0.29478531460622764,105.2,0.2777777777777778,0.27773406766325726,100.0
2025,LV,2814,2795,0.3115947190064066,0.29781794878665624,104.6,0.20113717128642503,0.23005366726296958,87.4
2025,OKC,2770,2896,0.32606033671363976,0.31398283021986706,103.8,0.21155234657039712,0.2244475138121547,94.3
2025,ABQ,2756,2861,0.314848708977127,0.30527145305017056,103.1,0.20174165457184326,0.19818245368752185,101.8
2025,JAX,2594,2700,0.2967956809302882,0.28775527788711935,103.1,0.23862760215882806,0.24333333333333335,98.1
2025,BUF,2644,2758,0.3098813949059895,0.301283614103766,102.9,0.22087745839636913,0.233502538071066,94.6
2025,NOR,2540,2721,0.3117562920064171,0.3035385808056007,102.7,0.23937007874015748,0.21205439176773244,112.9
2025,ELP,2773,2946,0.3195776234146957,0.3134379342659494,102.0,0.18752253876667868,0.19382213170400542,96.7
2025,WOR,2616,2747,0.3106338079448406,0.30447612850357725,102.0,0.24388379204892965,0.25409537677466326,96.0
2025,STP,2708,2866,0.31313871030004337,0.31039722457916297,100.9,0.25738552437223045,0.23098394975575715,111.4
2025,LHV,2532,2649,0.3178165347362851,0.3164048766220639,100.4,0.2207740916271722,0.23782559456398641,92.8
2025,IND,2640,2739,0.29434541271881637,0.2935253705823302,100.3,0.2178030303030303,0.2566630156991603,84.9
2025,CLT,2626,2785,0.30956859665520275,0.31487100210164,98.3,0.2402894135567403,0.19964093357271095,120.4
2025,LOU,2605,2751,0.31296732371973585,0.3197251800185293,97.9,0.2287907869481766,0.1984732824427481,115.3
2025,GWN,2498,2648,0.29002868933136466,0.2975390435463508,97.5,0.20376301040832667,0.22658610271903323,89.9
2025,OMA,2607,2823,0.3033913066531821,0.3125218953859046,97.1,0.24319140774836978,0.21076868579525326,115.4
2025,SAC,2668,2824,0.29648023252953365,0.30755795031693045,96.4,0.2485007496251874,0.2507082152974504,99.1
2025,COL,2540,2668,0.3049469006213298,0.3183411614624614,95.8,0.23622047244094488,0.2312593703148426,102.1
2025,MEM,2605,2724,0.29286583703248914,0.30638740269252057,95.6,0.18349328214971208,0.21145374449339208,86.8
2025,RR,2661,2804,0.28873308652771196,0.3036522148669482,95.1,0.22998872604284104,0.22860199714693294,100.6
2025,RNO,2895,3095,0.31667972459370186,0.33355467968066993,94.9,0.2075993091537133,0.18739903069466882,110.8
2025,SL,2848,3087,0.2990289641342654,0.31923552134693545,93.7,0.25,0.20699708454810495,120.8
2025,ROC,2689,2927,0.30343219632262575,0.33326410226772524,91.0,0.2413536630717739,0.20635462931329004,117.0
