Rank,Name,Team,Pos,Age,ExactAge,Age_R,PA,PPPA,PPPA_R,Overall,Overall_R,Discipline,Discipline_R,Power,Power_R,Contact,Contact_R,ConPow,ConPow_R,ConDis,ConDis_R,ConDisSpd,ConDisSpd_R,Speed,Speed_R,BB%-2K%,BB%-2K%_R,Chase%,Chase%_R,ZContact%,ZContact%_R,Whiff%,Whiff%_R,MaxEV,MaxEV_R,EV90,EV90_R,HardHit%,HardHit%_R,Barrel%,Barrel%_R,PullAir%,PullAir%_R,xBA,xBA_R,xSLG,xSLG_R,Spd,Spd_R,SB_rate,SB_rate_R,SB_succ,SB_succ_R
1,Jordan Lawlar,ARI,LF,20.0,21.205,99.7,79,1.61,98.2,86.5,100.0,86.6,94.8,59.6,61.6,72.5,77.7,66.0,80.1,79.6,89.9,78.4,93.1,76.2,83.2,-19.0,89.8,21.936,93.0,82.178,46.2,23.704,68.8,108.6,37.9,102.0,30.3,33.9,31.7,6.3,76.3,12.3,23.5,0.309,98.8,0.498,93.3,7.347,88.7,0.038,79.0,0.75,52.4
2,Luis Matos,SFG,RF,21.0,21.67,98.2,151,1.59,97.6,85.1,99.4,74.1,80.4,59.9,62.7,96.8,99.4,78.4,95.1,85.4,94.8,82.8,95.8,77.6,86.2,-7.3,98.8,36.194,16.8,95.364,99.7,13.306,98.2,107.5,24.9,104.2,62.1,39.1,58.7,5.3,63.9,17.1,52.9,0.291,94.0,0.452,84.1,6.401,76.6,0.039,81.1,0.857,74.3
3,Alek Thomas,ARI,CF,23.0,23.422,85.9,125,1.39,93.4,84.0,98.8,80.1,87.3,63.2,66.4,97.2,99.7,80.2,96.5,88.6,97.2,83.6,97.3,73.5,81.7,-23.2,80.1,26.104,72.2,91.216,95.4,18.31,92.0,109.2,48.0,105.5,79.4,49.5,92.5,5.6,66.7,4.2,1.8,0.311,99.1,0.459,85.9,7.187,87.5,0.016,45.5,1.0,90.4
4,Tyler Freeman,COL,RF,24.0,24.361,68.7,115,1.34,91.0,83.8,97.9,87.1,95.7,46.8,46.8,89.4,95.9,68.1,82.9,88.2,96.9,90.8,99.4,95.9,100.0,-14.8,93.3,26.357,70.3,87.387,80.4,15.642,96.9,109.5,53.7,106.1,84.9,38.7,55.7,0.9,5.7,19.7,71.6,0.306,98.5,0.404,66.2,8.632,97.9,0.086,97.6,1.0,90.4
5,Brice Turang,MIL,2B,23.0,23.858,80.4,63,1.52,95.8,83.8,97.9,74.8,82.0,71.3,77.4,90.0,96.3,80.6,97.4,82.4,92.8,78.4,93.1,70.4,75.4,-22.3,82.7,28.571,55.2,89.552,91.1,20.0,84.3,107.2,20.6,102.0,30.3,42.6,72.8,14.3,100.0,21.3,78.6,0.281,89.0,0.549,97.6,5.145,57.8,0.032,70.4,1.0,90.4
6,Matt McLain,CIN,2B,23.0,24.151,73.4,172,1.58,97.0,82.5,96.7,74.0,80.1,77.4,81.7,60.4,64.8,68.9,83.8,67.2,74.0,67.3,78.4,67.4,69.5,-23.9,79.4,23.762,84.1,80.12,30.6,27.863,45.3,108.9,42.2,104.2,62.1,44.3,80.3,8.7,93.4,19.6,70.8,0.283,90.2,0.537,96.6,5.624,67.6,0.056,89.8,0.667,35.9
7,Nick Allen,ATL,SS,24.0,24.977,56.3,157,1.43,94.6,82.5,96.7,94.8,99.1,18.5,10.7,95.2,98.2,56.8,63.9,95.0,99.7,93.9,100.0,91.7,98.2,-7.7,98.2,23.438,86.2,91.848,96.0,11.197,99.4,105.8,9.5,101.3,21.1,30.8,17.1,0.0,1.8,13.6,32.4,0.292,94.5,0.369,46.0,7.944,95.1,0.08,96.4,0.929,79.6
8,Tyler Black,MIL,DH,22.0,23.179,89.3,173,1.31,89.8,80.3,95.8,93.7,98.3,30.5,26.0,68.8,74.0,49.6,47.6,81.2,91.3,80.2,94.0,78.1,87.4,-11.0,95.7,20.419,96.6,86.036,72.8,20.0,84.3,109.6,56.1,101.6,23.9,32.5,24.8,1.7,14.8,15.0,40.7,0.248,64.8,0.354,36.9,7.784,93.6,0.046,83.8,0.727,45.5
9,Xavier Edwards,MIA,2B,23.0,24.142,73.7,407,1.35,91.6,79.4,95.2,88.6,96.2,13.4,4.0,95.5,98.5,54.4,59.3,92.0,99.4,89.8,98.8,85.3,92.2,-1.7,99.4,27.485,63.6,91.703,95.7,11.584,99.1,102.3,1.5,97.9,2.8,23.1,4.9,1.0,6.3,9.7,10.1,0.295,95.3,0.371,47.2,6.843,82.0,0.074,95.5,0.889,76.3
10,Lawrence Butler,ATH,RF,22.0,23.222,88.7,94,1.47,95.2,77.8,94.6,59.6,63.0,58.5,60.6,22.0,14.4,40.2,28.1,40.8,34.4,58.8,64.7,94.9,99.4,-29.7,59.2,27.835,61.2,79.167,24.2,25.862,58.0,109.6,56.1,105.5,79.4,41.8,68.7,4.3,51.7,17.9,60.2,0.214,19.9,0.381,52.6,8.145,96.0,0.085,97.0,1.0,90.4
11,Wilyer Abreu,BOS,RF,24.0,24.268,71.4,362,1.24,88.0,77.2,94.0,70.2,75.7,77.9,83.2,60.2,64.1,69.1,84.9,65.2,71.9,64.3,73.4,62.4,61.4,-24.8,75.4,25.977,73.4,84.009,60.2,26.418,52.6,112.7,83.6,103.8,56.9,38.9,57.0,7.7,88.7,16.6,48.9,0.246,60.2,0.471,87.8,5.232,59.9,0.022,55.4,0.889,76.3
12,Vaughn Grissom,BOS,2B,22.0,22.732,91.7,466,1.16,83.8,77.0,93.4,77.9,85.8,49.5,49.8,86.0,92.7,67.8,82.6,82.0,92.0,78.3,92.2,71.0,77.2,-16.0,93.0,28.66,53.8,87.661,82.6,21.924,76.5,109.8,59.8,102.3,36.4,37.4,51.1,3.6,42.0,13.7,32.7,0.282,89.4,0.42,74.3,6.101,74.6,0.028,64.1,0.867,74.9
13,José Fermín,STL,LF,24.0,24.507,65.1,80,1.2,85.9,76.8,92.8,94.2,98.8,24.5,17.1,87.5,95.1,56.0,63.0,90.8,98.2,83.6,97.3,69.1,72.8,2.4,100.0,24.551,80.7,92.857,97.6,9.6,99.7,109.0,43.4,99.8,7.0,36.7,47.6,1.3,7.6,19.4,68.8,0.261,77.4,0.345,31.5,6.931,83.2,0.012,37.7,1.0,90.4
14,Drew Waters,KCR,LF,24.0,24.75,59.9,58,1.23,87.1,76.7,92.2,50.8,54.0,78.7,84.4,88.6,95.4,83.6,98.6,69.7,77.2,75.5,90.4,87.0,94.6,-34.5,44.6,30.709,39.1,87.143,79.8,20.184,83.8,111.8,77.7,104.3,63.5,33.3,29.7,6.9,81.2,20.5,74.6,0.301,97.4,0.487,90.8,8.53,97.2,0.034,72.8,1.0,90.4
15,Jonny DeLuca,TBR,RF,24.0,25.224,49.2,181,1.27,89.2,76.6,91.6,74.7,81.7,57.7,58.6,75.8,81.3,66.8,81.0,75.2,86.7,73.0,86.8,68.5,71.9,-21.0,85.5,29.87,45.6,92.174,96.6,18.551,91.4,110.2,65.7,102.1,32.4,30.7,16.8,5.0,59.6,24.6,88.4,0.242,55.0,0.383,55.2,6.102,74.9,0.016,45.5,1.0,90.4
16,Royce Lewis,MIN,3B,24.0,24.32,70.2,51,1.8,99.4,76.4,91.0,32.4,26.8,92.0,98.5,69.6,74.6,80.8,97.9,51.0,52.3,55.9,61.1,65.6,66.5,-41.2,27.5,29.167,50.9,82.692,50.8,33.333,16.8,111.2,72.8,106.9,90.5,48.5,90.5,9.8,96.9,30.3,98.5,0.28,88.4,0.562,97.9,4.909,51.2,0.059,91.6,0.75,52.4
17,Justin Foscue,TEX,2B,24.0,24.58,63.6,563,1.16,83.8,75.8,90.4,90.3,97.1,46.7,46.3,74.7,80.7,60.7,71.7,82.5,93.4,74.4,88.6,58.3,56.0,-9.7,96.8,25.411,77.1,91.877,96.3,17.729,93.9,109.9,61.5,103.1,48.9,34.5,34.6,3.0,33.0,23.9,86.4,0.241,53.1,0.353,36.1,5.739,70.0,0.025,60.8,0.667,35.9
18,Iván Herrera,STL,DH,23.0,23.329,87.5,375,1.12,77.2,75.7,89.8,83.0,91.7,70.9,76.5,57.8,60.7,64.4,78.6,70.4,78.7,69.0,82.6,66.1,67.1,-21.0,85.5,20.941,95.1,80.788,37.6,25.856,58.4,113.3,88.8,106.6,88.1,43.3,76.8,5.1,61.3,13.5,32.0,0.262,78.1,0.425,76.6,5.309,62.1,0.029,66.2,0.846,72.5
19,Elly De La Cruz,CIN,SS,21.0,21.717,97.6,186,1.39,93.4,75.5,89.2,32.0,26.0,92.3,98.8,51.0,51.7,71.6,88.2,41.5,35.9,53.5,56.3,77.5,85.6,-39.8,31.5,30.043,43.7,78.363,21.1,33.44,15.9,118.8,100.0,110.2,99.8,55.0,97.6,9.1,95.6,15.6,44.5,0.269,80.9,0.541,96.9,7.798,93.9,0.059,91.6,0.647,31.7
20,Elehuris Montero,0,1B,24.0,25.12,52.0,163,1.75,98.8,73.8,88.6,50.8,54.0,91.7,97.4,91.4,96.9,91.6,100.0,71.1,80.1,50.4,48.5,9.1,7.2,-25.8,70.0,35.989,17.4,91.083,94.5,26.389,52.9,114.4,95.4,107.1,91.7,41.2,67.1,7.4,87.6,32.8,99.4,0.28,88.4,0.495,92.0,2.038,9.2,0.0,9.0,0.0,9.0
21,Jordan Westburg,BAL,3B,24.0,24.613,62.5,300,1.26,88.6,73.5,88.0,49.4,50.9,78.1,83.8,57.0,58.6,67.6,82.3,53.2,56.6,59.6,65.3,72.5,80.2,-33.3,48.8,27.823,61.5,79.946,29.7,30.241,32.7,110.2,65.7,106.0,83.5,51.2,95.7,7.3,86.5,13.2,27.7,0.272,84.4,0.502,94.3,6.552,78.3,0.02,53.0,1.0,90.4
22,Christian Encarnacion-Strand,CIN,3B,23.0,23.83,80.7,315,1.37,92.2,73.4,87.1,35.4,29.7,92.4,99.1,68.7,73.7,80.6,97.4,52.0,54.1,53.3,55.4,55.7,53.3,-33.6,47.6,40.417,6.7,82.051,45.0,27.57,47.7,114.0,93.4,106.8,89.9,48.6,91.0,8.3,92.4,24.6,88.4,0.285,92.4,0.53,96.0,5.259,60.6,0.006,25.4,1.0,90.4
23,Henry Davis,PIT,C,23.0,24.025,75.2,61,1.08,70.4,73.4,87.1,74.3,80.9,80.3,87.0,76.6,82.0,78.4,95.1,75.4,87.5,74.4,88.6,72.3,79.6,-22.9,80.9,24.49,81.5,84.615,63.0,27.723,46.8,109.2,48.0,106.0,83.5,42.9,74.6,8.2,91.9,19.4,68.8,0.283,90.2,0.482,90.2,5.882,72.2,0.048,86.5,0.75,52.4
24,Davis Schneider,TOR,LF,24.0,24.676,60.9,390,1.14,80.8,73.3,86.2,74.3,80.9,78.6,84.1,62.8,68.2,70.7,87.2,68.6,75.8,62.4,70.7,50.0,49.1,-26.0,69.3,20.985,94.8,82.957,52.9,26.143,56.0,109.7,58.1,104.4,64.7,42.7,73.5,7.2,84.7,25.4,91.1,0.254,72.6,0.494,91.4,4.428,42.5,0.023,56.9,0.75,52.4
25,Curtis Mead,CHW,3B,22.0,22.927,90.8,277,1.14,80.8,73.2,85.6,75.7,82.9,59.8,62.4,82.0,89.0,70.9,87.5,78.8,89.6,67.5,79.6,44.7,37.1,-22.3,82.7,28.495,56.0,88.0,85.9,19.172,87.8,109.5,53.7,104.6,67.4,40.6,65.0,4.7,55.5,15.6,44.5,0.262,78.1,0.418,73.4,4.927,52.3,0.014,42.2,0.667,35.9
26,Wade Meckler,SFG,LF,23.0,23.441,85.6,101,1.09,72.5,73.1,85.0,84.1,93.3,34.8,34.3,79.6,84.6,57.2,65.4,81.8,91.7,83.8,98.2,87.8,95.8,-21.8,83.8,20.763,95.4,85.849,70.9,23.871,67.9,102.5,1.8,99.9,7.3,20.6,2.4,3.0,33.0,28.1,95.9,0.28,88.4,0.395,60.4,6.758,80.1,0.069,94.6,1.0,90.4
27,Ronny Mauricio,NYM,SS,22.0,22.489,93.9,526,1.14,80.8,72.5,84.4,44.8,44.3,79.3,85.9,80.2,87.2,79.8,96.0,62.5,68.7,66.3,76.6,74.0,82.6,-30.7,55.2,38.394,11.0,86.492,76.1,23.554,69.4,116.0,98.2,109.1,98.3,43.2,75.8,5.9,71.4,16.0,46.3,0.272,84.4,0.425,76.6,6.145,75.5,0.045,83.2,0.774,58.7
28,Alika Williams,PIT,SS,24.0,24.553,64.5,144,1.15,82.3,72.1,83.8,81.0,88.5,45.1,43.6,83.8,90.2,64.4,78.6,82.4,92.8,70.6,84.4,46.9,40.4,-20.2,86.4,26.923,67.0,87.582,81.7,19.13,88.4,105.9,10.4,103.1,48.9,37.5,51.8,4.2,50.2,15.0,40.7,0.274,85.9,0.402,64.4,4.178,38.2,0.02,53.0,0.75,52.4
29,Masyn Winn,STL,SS,21.0,21.528,98.5,496,1.12,77.2,71.7,83.2,66.5,70.8,39.1,37.5,78.9,83.8,59.0,68.3,72.7,82.3,76.1,91.6,82.9,90.4,-24.5,76.8,31.876,33.6,88.353,87.2,18.765,89.9,110.1,63.9,101.9,28.7,31.8,20.9,2.6,27.4,15.4,43.1,0.252,70.6,0.369,46.0,8.033,95.4,0.034,72.8,0.895,77.2
30,Brett Baty,NYM,3B,23.0,23.88,79.8,120,1.39,93.4,71.6,82.6,44.2,43.4,90.0,96.6,58.1,61.5,74.0,90.8,51.2,53.1,43.8,37.7,29.2,23.1,-35.9,39.8,27.333,65.4,78.146,19.6,32.189,23.2,112.9,85.6,107.4,93.0,57.9,99.4,9.2,96.2,17.1,52.9,0.3,96.6,0.579,98.8,2.714,15.9,0.017,48.8,0.5,23.1
31,Christopher Morel,TBR,1B,24.0,24.268,71.4,134,1.54,96.4,71.3,82.0,16.1,8.3,97.3,100.0,30.8,25.5,64.0,78.0,23.5,11.8,41.2,32.3,76.6,84.1,-48.5,15.0,33.766,23.2,72.185,5.2,36.471,8.3,114.2,94.6,109.3,98.8,54.1,97.2,11.2,98.8,25.7,92.5,0.243,56.4,0.563,98.2,7.664,91.7,0.03,68.3,0.8,64.1
32,Bo Naylor,CLE,C,23.0,23.606,83.5,264,1.11,75.4,70.3,81.4,79.2,86.9,75.8,80.1,64.2,69.7,70.0,86.2,71.7,80.7,57.1,62.9,27.9,22.2,-23.1,80.4,24.49,81.5,82.838,52.3,23.094,72.5,111.1,71.9,105.5,79.4,44.9,82.3,6.4,78.0,16.2,47.6,0.259,76.1,0.465,86.2,3.724,30.3,0.007,28.7,0.5,23.1
33,Samad Taylor,SEA,LF,24.0,25.221,49.5,406,1.16,83.8,70.2,80.8,67.4,72.5,31.8,30.3,48.6,46.9,40.2,28.1,58.0,62.7,68.3,80.5,88.9,96.4,-25.5,71.1,26.798,67.9,83.088,54.1,25.882,57.5,106.5,15.0,100.9,15.3,28.1,11.8,3.7,44.2,13.2,27.7,0.233,43.1,0.362,41.4,7.775,93.0,0.104,99.4,0.811,67.7
34,Jo Adell,LAA,RF,24.0,24.479,65.7,325,1.17,85.0,69.8,80.2,36.0,30.6,93.7,99.4,50.8,50.8,72.2,89.4,43.4,39.1,50.2,47.3,63.7,63.5,-41.0,28.0,28.871,52.9,81.414,41.3,30.565,30.6,118.4,99.7,110.2,99.8,41.8,68.7,9.2,96.2,21.1,77.5,0.246,60.2,0.467,86.9,5.088,55.4,0.027,62.6,0.9,78.4
35,Noelvi Marte,CIN,RF,21.0,21.955,96.3,167,1.08,70.4,69.4,79.6,54.6,57.2,59.7,62.1,83.4,89.9,71.6,88.2,69.0,76.1,74.4,88.6,85.1,91.6,-25.2,72.5,32.558,29.1,87.097,79.2,27.341,48.0,113.8,92.2,105.6,80.3,41.2,67.1,3.0,33.0,17.4,56.4,0.279,87.6,0.397,61.8,8.345,96.9,0.048,86.5,0.8,64.1
36,Brayan Rocchio,CLE,SS,22.0,22.71,92.0,534,1.09,72.5,69.3,79.0,76.5,84.4,28.2,22.6,72.8,78.3,50.5,50.3,74.6,85.6,75.8,91.0,78.0,86.8,-13.8,94.3,29.882,45.3,87.667,82.9,21.466,78.9,107.4,23.9,101.7,25.4,31.8,20.9,2.4,25.2,14.1,35.6,0.247,62.7,0.353,36.1,6.934,83.5,0.047,85.0,0.781,59.6
37,Miguel Vargas,CHW,3B,23.0,23.869,80.1,285,1.06,66.5,68.4,78.1,85.7,94.2,53.3,53.7,49.2,47.9,51.2,51.8,67.4,74.6,66.3,76.6,64.0,64.1,-23.9,79.4,18.182,99.1,82.682,50.3,20.675,81.3,109.4,51.2,102.6,41.9,34.1,33.0,4.2,50.2,21.7,79.7,0.238,48.2,0.39,57.6,4.71,47.4,0.028,64.1,1.0,90.4
38,Ceddanne Rafaela,BOS,CF,22.0,23.031,90.5,219,1.32,90.4,68.4,78.1,23.3,13.5,70.3,75.4,73.8,79.2,72.0,89.0,48.6,49.4,52.5,53.6,60.5,58.7,-38.3,34.9,43.232,2.8,84.549,62.4,31.767,25.1,106.4,13.8,103.9,57.6,45.7,85.0,8.7,93.4,19.7,71.6,0.273,85.3,0.473,88.5,6.736,79.8,0.027,62.6,0.545,26.6
39,Enmanuel Valdez,PIT,1B,24.0,24.756,59.6,229,1.08,70.4,68.2,77.2,82.3,90.2,65.7,68.8,56.8,58.0,61.2,72.5,69.6,76.8,62.0,70.1,47.0,41.3,-22.7,82.0,21.378,94.2,86.694,76.5,24.39,65.4,108.5,36.5,103.0,46.8,35.2,38.2,6.6,79.7,26.1,93.4,0.228,37.0,0.409,69.3,5.136,57.2,0.017,48.8,0.571,28.1
40,Joey Ortiz,MIL,SS,24.0,25.213,50.2,389,1.12,77.2,68.0,76.6,56.0,58.6,55.5,55.7,94.6,97.9,75.0,92.8,75.3,87.2,71.9,85.9,65.1,65.9,-27.2,64.7,35.68,18.3,89.738,91.7,18.663,90.8,114.9,97.2,105.3,76.6,45.6,84.6,2.1,20.8,14.0,35.2,0.301,97.4,0.413,71.7,6.453,77.4,0.028,64.1,0.733,47.0
41,Hunter Goodman,COL,C,23.0,23.978,76.1,67,2.34,100.0,67.5,76.0,16.6,8.9,91.9,98.2,79.9,85.8,85.9,99.4,48.2,48.2,35.7,21.3,10.5,10.8,-44.8,19.9,37.956,12.5,84.848,65.1,33.898,14.7,111.5,75.5,107.0,91.0,42.2,71.7,13.4,99.7,22.2,81.3,0.294,94.8,0.578,98.5,2.489,12.8,0.0,9.0,0.0,9.0
42,Mark Vientos,NYM,1B,23.0,23.803,81.7,267,1.23,87.1,66.5,75.4,43.4,41.3,91.7,97.4,54.2,54.1,73.0,90.2,48.8,50.0,35.7,21.3,9.4,8.4,-32.5,51.1,30.333,40.7,76.568,15.0,30.722,28.4,112.8,84.6,108.4,96.6,57.4,99.1,10.5,97.9,17.6,58.1,0.289,93.3,0.594,99.1,2.155,10.1,0.0,9.0,0.0,9.0
43,Yonathan Perlaza,SDP,2B,24.0,24.887,57.0,540,1.15,82.3,66.3,74.6,50.3,52.8,63.3,66.7,40.4,38.2,51.8,53.8,45.3,43.0,50.1,46.4,59.7,57.5,-29.3,61.2,29.17,50.5,79.284,25.7,32.271,22.6,110.1,63.9,104.7,68.7,38.9,57.0,5.0,59.6,19.5,70.0,0.242,55.0,0.396,61.2,5.745,70.3,0.024,58.7,0.722,44.3
44,Jorge Barrosa,ARI,CF,22.0,22.615,92.7,493,1.06,66.5,66.3,74.6,78.2,86.2,33.3,32.7,67.0,72.5,50.2,49.2,72.6,82.0,71.1,85.0,68.2,71.0,-17.2,91.7,28.357,57.8,86.122,73.7,22.286,74.9,109.1,45.1,101.2,19.4,35.6,40.4,2.2,22.3,18.4,63.5,0.246,60.2,0.358,39.8,7.085,85.6,0.03,68.3,0.682,40.1
45,Everson Pereira,TBR,RF,22.0,22.472,94.2,158,1.13,79.3,65.3,73.1,26.6,17.4,82.1,90.2,25.3,17.6,53.7,59.0,26.0,15.3,42.8,35.6,76.6,84.1,-47.4,15.9,28.418,56.6,75.688,11.6,36.42,8.6,114.5,96.2,107.1,91.7,45.8,85.6,7.0,82.4,14.6,38.7,0.23,39.0,0.44,82.6,6.837,81.7,0.025,60.8,1.0,90.4
46,Darell Hernaiz,ATH,SS,21.0,22.157,95.4,245,1.03,64.1,65.3,73.1,77.6,85.2,39.1,37.5,70.8,76.1,55.0,60.7,74.2,85.0,69.4,83.5,59.9,58.1,-12.2,95.4,30.279,41.9,87.546,81.3,19.529,86.5,112.0,80.4,105.0,72.2,40.0,62.5,1.6,12.5,10.6,13.8,0.246,60.2,0.347,33.3,5.531,65.7,0.024,58.7,0.75,52.4
47,Oswald Peraza,LAA,2B,23.0,23.291,88.1,300,1.08,70.4,65.3,73.1,49.0,49.8,59.1,61.2,56.4,57.0,57.8,66.4,52.7,55.0,61.4,68.9,78.8,88.0,-26.9,66.4,32.612,28.4,84.824,64.5,29.138,36.4,112.1,81.5,103.8,56.9,36.1,43.4,4.3,51.7,22.1,80.9,0.238,48.2,0.367,43.9,6.705,79.2,0.053,88.9,0.8,64.1
48,Wenceel Pérez,DET,RF,23.0,23.918,78.0,160,1.09,72.5,65.1,71.6,77.1,84.7,21.6,14.5,43.8,42.2,32.7,17.1,60.4,65.6,63.4,71.9,69.2,73.7,-19.3,89.1,27.749,62.4,85.454,68.7,23.616,69.1,104.8,5.5,100.4,11.8,37.3,50.2,2.5,26.5,16.9,51.2,0.213,18.8,0.326,20.9,7.169,87.2,0.038,79.0,0.545,26.6
49,Coby Mayo,BAL,3B,21.0,21.804,97.2,267,1.07,68.3,65.1,71.6,60.9,65.1,80.9,88.1,48.0,45.9,64.4,78.6,54.4,58.4,49.6,45.2,39.8,31.7,-30.7,55.2,25.323,77.4,82.353,48.8,26.906,50.2,112.0,80.4,106.1,84.9,52.5,96.6,6.4,78.0,33.5,99.7,0.237,47.2,0.418,73.4,3.338,25.1,0.004,20.4,1.0,90.4
50,Zack Gelof,ATH,3B,23.0,23.948,77.4,306,1.1,74.3,64.8,70.7,39.1,35.5,69.7,73.7,39.6,37.0,54.6,60.1,39.4,32.6,53.3,55.4,81.1,89.8,-43.1,22.8,23.697,84.4,72.995,7.6,34.924,11.9,108.2,33.0,104.0,59.0,42.7,73.5,7.2,84.7,17.9,60.2,0.253,71.6,0.474,89.1,6.808,80.4,0.065,94.0,0.8,64.1
51,Colt Keith,DET,3B,21.0,22.127,95.7,300,1.1,74.3,64.4,70.1,60.2,64.2,71.4,77.7,56.0,56.1,63.7,76.8,58.1,63.0,45.7,41.3,20.9,18.6,-27.3,63.9,28.641,54.1,82.229,47.1,25.54,60.2,110.1,63.9,104.4,64.7,40.1,63.3,5.7,67.9,23.7,85.5,0.248,64.8,0.446,83.0,3.039,20.8,0.003,19.5,0.5,23.1
52,Austin Martin,MIN,RF,24.0,24.523,64.8,250,0.97,57.2,64.1,69.5,92.6,97.9,25.4,18.5,79.5,84.1,52.4,56.3,86.0,95.4,80.8,94.6,70.2,74.9,-20.0,86.9,17.286,100.0,90.813,94.2,17.287,95.7,106.9,18.0,101.1,18.3,31.7,20.0,2.8,29.8,9.8,10.7,0.248,64.8,0.355,37.9,5.015,54.1,0.063,93.1,0.8,64.1
53,Eddys Leonard,ATL,SS,22.0,22.886,91.1,170,1.13,79.3,63.8,68.9,38.6,34.7,66.5,69.7,78.8,83.3,72.6,89.9,58.7,63.6,50.5,49.4,34.2,28.7,-32.4,51.4,35.714,18.0,85.075,66.4,29.003,37.6,111.6,76.3,105.8,82.1,39.1,58.7,3.5,40.2,20.9,76.5,0.284,91.3,0.455,85.0,3.712,30.0,0.012,37.7,0.667,35.9
54,Edouard Julien,MIN,2B,24.0,24.419,66.5,169,0.95,54.2,63.5,68.0,71.5,77.1,77.8,82.7,79.6,84.6,78.7,95.7,75.6,87.9,69.4,83.5,57.0,54.5,-31.5,53.7,18.284,98.5,87.94,85.6,22.143,75.5,112.7,83.6,105.1,73.9,41.9,70.0,7.7,88.7,8.6,7.0,0.256,73.7,0.496,92.5,4.352,41.4,0.018,50.9,1.0,90.4
55,José Tena,WSN,DH,22.0,22.53,93.6,66,1.2,85.9,63.5,68.0,30.3,23.9,77.7,82.1,57.2,59.5,67.4,82.0,43.8,40.1,36.3,22.8,21.4,19.8,-45.5,18.5,28.873,52.6,78.313,20.5,31.452,26.3,107.3,22.2,104.7,68.7,43.2,75.8,10.6,98.2,22.7,82.4,0.291,94.0,0.503,94.8,4.285,40.1,0.0,9.0,0.0,9.0
56,Endy Rodríguez,PIT,C,23.0,23.346,87.0,307,0.96,55.7,63.1,67.1,73.2,79.2,55.8,56.6,65.3,70.9,60.6,71.1,69.2,76.5,68.6,81.4,67.3,68.9,-18.9,90.2,30.084,43.1,85.373,67.9,21.96,76.1,108.9,42.2,104.8,70.0,32.0,22.3,4.6,54.7,16.4,48.3,0.247,62.7,0.395,60.4,6.449,77.1,0.013,39.5,1.0,90.4
57,Heliot Ramos,SFG,LF,23.0,24.063,74.6,262,1.1,74.3,63.0,66.2,26.8,18.5,82.1,90.2,56.0,56.1,69.0,84.3,41.4,35.5,50.3,47.9,68.2,71.0,-40.1,30.1,33.677,23.9,81.25,39.4,32.2,22.9,112.3,82.3,107.8,95.1,43.3,76.8,7.3,86.5,14.5,38.2,0.254,72.6,0.454,84.4,6.829,81.0,0.034,72.8,0.692,41.3
58,Jaylen Palmer,CHC,SS,22.0,23.165,89.6,79,1.12,77.2,63.0,66.2,29.6,23.1,79.4,86.2,21.8,14.1,50.6,50.8,25.7,14.7,39.2,27.5,66.3,67.7,-56.9,6.0,23.037,87.2,78.667,21.7,42.017,2.1,107.8,27.7,105.4,78.0,61.1,99.7,8.9,94.8,40.5,100.0,0.216,22.0,0.47,87.5,5.449,63.9,0.038,79.0,0.75,52.4
59,Rafael Marchán,PHI,C,24.0,24.594,63.0,206,1.07,68.3,62.9,65.3,82.1,89.9,28.7,23.7,93.8,97.6,61.2,72.5,87.9,96.5,68.8,82.0,30.6,24.9,-6.7,99.1,30.075,43.4,93.011,98.2,13.726,97.9,108.4,35.8,98.6,4.3,21.5,2.8,1.5,10.6,22.7,82.4,0.282,89.4,0.376,49.5,4.549,45.3,0.005,21.9,0.333,19.2
60,Sal Frelick,MIL,RF,23.0,23.447,85.3,182,0.92,52.1,62.7,64.7,96.1,99.7,17.5,8.7,86.2,93.6,51.8,53.8,91.2,99.1,83.0,96.4,66.6,68.3,-9.4,97.2,22.081,92.4,93.401,99.1,11.62,98.8,106.5,15.0,100.1,8.1,28.0,11.3,1.6,12.5,13.5,32.0,0.255,73.4,0.343,29.8,5.881,71.9,0.044,82.6,0.667,35.9
61,Nick Loftin,KCR,3B,24.0,25.013,54.7,357,1.01,62.0,62.4,64.1,75.2,82.6,62.6,65.4,86.6,94.5,74.6,91.9,80.9,90.8,64.4,74.3,31.4,27.2,-16.9,92.0,30.79,38.5,89.333,90.8,19.135,88.1,109.9,61.5,103.0,46.8,36.9,48.9,5.3,63.9,18.3,62.7,0.27,82.4,0.422,75.2,2.907,17.4,0.017,48.8,0.6,29.6
62,Blake Hunt,SEA,C,24.0,24.887,57.0,125,1.12,77.2,62.3,63.5,47.9,48.6,80.3,87.0,80.3,87.5,80.3,96.9,64.1,70.6,46.3,41.9,10.6,11.4,-28.8,62.2,39.344,8.0,87.671,83.2,23.14,71.9,112.3,82.3,105.3,76.6,34.4,34.3,7.2,84.7,19.4,68.8,0.261,77.4,0.434,79.8,2.498,13.1,0.0,9.0,0.0,9.0
63,Colton Cowser,BAL,CF,23.0,23.529,84.4,393,1.01,62.0,60.5,62.9,49.2,50.5,70.2,74.8,63.6,69.1,66.9,81.3,56.4,60.2,55.5,59.9,53.8,52.7,-38.9,34.1,23.642,85.0,81.368,40.7,30.174,33.3,110.3,66.4,105.0,72.2,48.2,90.2,5.3,63.9,17.5,57.5,0.276,86.5,0.474,89.1,4.92,52.0,0.023,56.9,0.75,52.4
64,Parker Meadows,DET,CF,23.0,23.91,78.4,515,0.96,55.7,60.0,62.3,43.5,41.6,71.1,76.8,62.2,67.6,66.6,80.7,52.8,55.4,63.3,71.3,84.1,91.0,-36.7,38.5,30.966,37.3,85.882,71.3,24.433,65.1,110.8,69.6,105.1,73.9,39.0,58.1,5.8,69.1,21.5,78.9,0.241,53.1,0.409,69.3,7.778,93.3,0.037,77.2,0.905,79.0
65,Kyle Manzardo,CLE,1B,22.0,23.201,89.0,403,0.92,52.1,59.8,61.7,75.8,83.3,78.8,84.9,74.4,80.3,76.6,93.9,75.1,86.2,55.8,60.5,17.1,16.2,-25.6,70.6,24.75,80.1,88.182,86.2,20.362,82.6,111.9,79.1,104.2,62.1,44.8,81.7,6.5,79.2,26.7,94.5,0.247,62.7,0.455,85.0,2.444,12.2,0.002,18.3,0.5,23.1
66,Michael Toglia,COL,1B,24.0,25.123,51.7,364,1.0,61.1,59.3,61.1,57.8,60.6,76.3,81.0,56.4,57.0,66.4,80.4,57.1,61.5,51.9,52.1,41.6,33.5,-31.3,54.1,25.055,78.9,82.207,46.5,29.552,35.5,113.1,87.3,105.2,75.5,41.9,70.0,6.0,74.0,19.7,71.6,0.249,66.2,0.419,74.0,4.471,43.4,0.008,31.7,0.75,52.4
67,Dustin Harris,TEX,LF,23.0,24.23,72.2,287,0.99,59.9,58.4,60.5,59.1,62.1,21.6,14.5,56.2,56.6,38.9,26.5,57.6,61.9,67.4,79.0,86.8,94.0,-30.4,56.4,28.374,57.5,87.906,85.3,23.855,68.2,106.2,12.1,99.2,4.9,22.1,3.4,2.1,20.8,23.2,84.1,0.221,27.2,0.315,15.0,7.524,91.1,0.059,91.6,0.85,73.1
68,Alexander Canario,PIT,LF,23.0,23.398,86.2,161,1.07,68.3,57.6,59.9,32.3,26.3,80.6,87.6,20.4,12.4,50.5,50.3,26.4,15.9,33.8,18.0,48.6,44.6,-46.7,16.5,27.324,65.7,77.832,18.7,32.333,21.7,112.0,80.4,107.2,92.4,39.6,60.9,7.5,88.1,15.8,45.0,0.216,22.0,0.421,74.6,3.84,32.1,0.012,37.7,1.0,90.4
69,Tyler Soderstrom,ATH,LF,21.0,21.848,96.9,333,1.03,64.1,57.5,59.3,25.1,15.0,85.1,94.5,53.8,53.7,69.4,85.6,39.4,32.6,42.8,35.6,49.5,47.6,-45.9,17.1,36.443,15.6,83.844,58.1,25.78,59.3,113.5,90.5,107.6,94.3,47.1,87.8,8.4,92.7,12.7,26.3,0.239,49.5,0.473,88.5,4.537,45.0,0.006,25.4,1.0,90.4
70,Ryan Bliss,SEA,2B,23.0,23.797,82.0,286,1.03,64.1,57.3,58.7,46.6,46.8,28.9,24.5,32.9,27.5,30.9,14.4,39.8,33.3,55.0,59.3,85.5,92.8,-32.9,50.0,31.455,35.8,82.716,51.1,26.286,54.4,108.1,31.8,102.0,30.3,29.1,13.8,3.1,34.9,10.8,14.1,0.21,14.7,0.33,22.2,7.502,90.5,0.087,98.2,0.781,59.6
71,Jordan Diaz,ATH,2B,22.0,23.129,89.9,167,1.06,66.5,57.2,58.1,49.0,49.8,59.6,61.6,90.4,96.6,75.0,92.8,69.7,77.2,48.8,43.7,7.1,1.8,-29.4,60.2,35.398,19.3,88.726,89.6,24.383,65.7,113.4,89.6,105.4,78.0,44.9,82.3,3.6,42.0,13.4,31.0,0.284,91.3,0.399,62.7,1.389,4.3,0.0,9.0,0.0,9.0
72,Osleivis Basabe,SFG,SS,22.0,23.044,90.2,422,0.96,55.7,57.1,57.5,57.4,60.2,30.9,27.2,69.0,74.3,50.0,48.9,63.2,70.0,65.4,75.4,69.7,74.3,-23.5,79.8,38.754,9.8,83.649,57.8,22.955,72.8,109.5,53.7,102.7,43.0,40.2,63.8,1.7,14.8,9.8,10.7,0.267,80.3,0.357,39.0,6.401,76.6,0.038,79.0,0.727,45.5
73,Buddy Kennedy,TOR,1B,24.0,24.986,55.7,460,0.92,52.1,57.0,56.9,88.6,96.2,42.2,41.0,85.4,91.9,63.8,77.4,87.0,96.0,64.3,73.4,18.9,17.4,-19.3,89.1,23.786,83.8,87.674,83.5,17.612,94.5,110.8,69.6,103.2,50.3,37.0,49.4,2.0,19.9,14.1,35.6,0.277,87.2,0.382,54.0,2.196,10.6,0.006,25.4,0.5,23.1
74,Símon Muzziotti,0,CF,24.0,24.758,59.3,513,0.95,54.2,56.9,56.3,62.0,66.7,32.2,31.2,84.6,91.1,58.4,67.6,73.3,83.5,71.9,85.9,69.1,72.8,-22.8,81.5,39.088,8.9,87.703,83.8,18.081,92.7,110.2,65.7,102.8,43.9,28.9,13.3,1.4,8.9,12.4,24.8,0.273,85.3,0.355,37.9,5.761,70.6,0.05,87.7,0.684,40.7
75,Damiano Palmegiani,TOR,3B,23.0,23.682,82.6,96,1.02,62.9,56.8,55.7,41.0,37.8,69.6,73.4,46.2,43.7,57.9,66.8,43.6,39.4,44.1,38.3,45.1,37.7,-42.8,24.2,24.201,83.2,83.516,56.9,32.639,19.6,109.4,51.2,107.6,94.3,56.3,98.2,5.2,62.5,27.1,95.0,0.227,35.6,0.399,62.7,3.352,25.4,0.01,35.3,1.0,90.4
76,Jackson Holliday,BAL,2B,19.0,19.822,100.0,90,0.87,45.5,56.1,55.1,82.6,91.1,41.6,40.7,79.8,85.2,60.7,71.7,81.2,91.3,64.2,72.5,30.1,24.0,-21.1,84.7,22.703,89.0,84.466,61.5,24.138,67.6,104.9,5.8,102.5,40.4,43.1,75.2,3.3,38.2,13.8,33.6,0.305,98.2,0.446,83.0,3.614,29.1,0.011,36.2,0.5,23.1
77,César Prieto,STL,3B,24.0,24.392,67.6,281,0.99,59.9,56.0,54.5,61.7,66.4,18.0,10.1,81.0,88.1,49.5,47.1,71.4,80.4,66.3,76.6,56.1,53.9,-19.7,87.6,43.885,2.1,88.35,86.9,19.53,86.2,105.0,6.1,100.9,15.3,36.7,47.6,1.4,8.9,17.4,56.4,0.258,75.1,0.34,27.2,5.376,63.3,0.014,42.2,0.8,64.1
78,Brooks Lee,MIN,3B,22.0,22.623,92.4,168,0.87,45.5,55.7,53.9,55.3,57.8,58.2,59.8,86.2,93.6,72.2,89.4,70.8,79.7,66.7,77.8,58.6,56.9,-24.5,76.8,38.667,10.7,86.702,76.8,23.724,68.5,109.2,48.0,102.8,43.9,48.0,89.4,4.8,56.9,15.2,42.4,0.297,95.7,0.477,89.9,5.625,67.9,0.006,25.4,1.0,90.4
79,Connor Norby,MIA,1B,23.0,23.31,87.8,632,0.98,58.4,55.3,53.3,43.9,42.5,51.4,52.0,69.8,75.2,60.6,71.1,56.8,61.0,54.3,57.8,49.1,46.1,-34.5,44.6,32.769,27.8,84.676,63.6,24.376,66.1,109.9,61.5,101.3,21.1,35.3,39.3,4.1,48.6,21.2,78.1,0.259,76.1,0.397,61.8,5.113,55.7,0.016,45.5,0.714,43.4
80,Luis García Jr.,WSN,1B,23.0,23.373,86.5,108,0.9,49.7,54.6,52.7,66.8,72.0,25.7,19.7,64.8,70.0,45.2,40.7,65.8,72.5,64.5,74.9,61.9,59.9,-16.6,92.4,40.67,5.8,92.92,97.9,17.677,94.2,109.6,56.1,103.7,55.5,27.6,10.9,0.0,1.8,14.9,39.8,0.223,31.7,0.292,7.6,4.932,52.9,0.019,51.8,1.0,90.4
81,Canaan Smith-Njigba,0,CF,24.0,24.419,66.5,437,0.97,57.2,53.6,52.1,36.2,30.9,61.8,64.5,28.4,21.9,45.1,40.2,32.3,24.8,45.4,40.4,71.5,78.7,-42.2,25.2,27.925,60.6,78.794,22.3,31.203,27.2,111.8,77.7,103.0,46.8,36.4,45.7,5.9,71.4,11.7,19.4,0.226,34.4,0.404,66.2,5.31,62.4,0.047,85.0,0.808,67.1
82,Heston Kjerstad,BAL,LF,24.0,24.63,61.8,336,0.89,47.9,53.3,51.5,39.2,35.9,82.2,90.8,85.0,91.4,83.6,98.6,62.1,67.7,57.2,63.5,47.5,41.9,-33.3,48.8,36.812,15.0,86.059,73.4,26.635,51.7,113.5,90.5,105.2,75.5,42.9,74.6,6.8,80.4,18.3,62.7,0.3,96.6,0.5,93.9,6.018,74.0,0.006,25.4,0.667,35.9
83,Jordyn Adams,0,CF,23.0,23.951,77.1,475,1.04,65.3,53.0,50.9,29.4,22.2,23.3,15.6,16.6,10.7,20.0,3.4,23.0,11.0,46.6,42.5,93.8,98.8,-44.4,20.8,29.058,51.4,76.937,15.9,33.136,17.7,106.3,12.8,101.0,17.1,31.0,18.2,3.2,36.9,10.3,12.4,0.212,17.4,0.325,19.7,8.9,99.4,0.092,98.8,0.898,77.8
84,Ronny Simon,PIT,2B,23.0,23.452,85.0,131,0.84,41.9,51.2,50.0,66.8,72.0,40.5,38.7,50.9,51.4,45.7,41.6,58.8,63.9,56.9,62.3,53.1,52.1,-25.9,69.7,28.571,55.2,86.029,72.3,21.739,77.1,107.9,29.1,104.5,66.2,31.4,19.3,3.8,45.7,13.3,29.2,0.222,29.5,0.333,23.7,4.258,39.4,0.036,75.7,0.714,43.4
85,Pete Crow-Armstrong,CHC,CF,21.0,21.517,98.8,154,0.99,59.9,51.2,50.0,11.4,4.7,50.7,51.1,20.2,11.9,35.4,21.7,15.8,4.9,40.6,30.2,90.1,97.0,-51.3,11.2,38.965,9.2,72.826,7.3,33.639,15.3,107.3,22.2,103.2,50.3,42.2,71.7,5.8,69.1,11.7,19.4,0.225,33.2,0.392,58.9,8.904,99.7,0.063,93.1,0.833,70.7
86,Orelvis Martinez,WSN,2B,21.0,21.862,96.6,244,0.98,58.4,50.9,49.1,22.8,12.4,62.9,66.1,34.7,29.7,48.8,45.6,28.8,19.3,36.7,24.0,52.5,51.2,-43.0,23.4,32.274,30.6,83.882,58.7,35.815,9.8,109.6,56.1,103.5,53.2,34.9,36.1,6.1,75.2,31.3,98.8,0.2,10.7,0.355,37.9,4.706,47.1,0.008,31.7,1.0,90.4
87,Brett Wisely,ATL,2B,24.0,24.397,67.3,268,0.86,43.7,50.5,48.5,63.3,67.7,46.9,47.1,42.8,41.9,44.8,39.1,53.0,55.7,52.5,53.6,51.3,50.3,-30.3,57.0,25.493,76.8,83.389,56.0,25.8,59.0,109.7,58.1,101.3,21.1,32.2,23.7,4.1,48.6,18.9,66.4,0.222,29.5,0.372,47.9,4.824,48.9,0.025,60.8,0.7,41.9
88,Miguel Amaya,CHC,C,24.0,24.561,64.2,59,0.92,52.1,50.3,47.9,50.3,52.8,70.7,75.8,71.6,76.5,71.2,87.8,61.0,66.4,42.6,34.7,5.8,0.6,-30.5,56.0,29.167,50.9,83.929,59.3,29.592,35.2,110.5,67.1,104.2,62.1,35.3,39.3,5.1,61.3,32.4,99.1,0.271,83.8,0.451,83.8,0.518,0.9,0.0,9.0,0.0,9.0
89,Tirso Ornelas,SDP,LF,23.0,23.554,84.1,239,0.82,39.5,50.0,47.3,54.8,57.5,51.1,51.7,74.2,79.7,62.6,74.6,64.5,71.1,59.8,65.9,50.4,49.7,-29.8,58.6,31.818,34.6,84.727,63.9,22.122,75.8,114.0,93.4,104.0,59.0,41.9,70.0,2.5,26.5,16.7,49.4,0.272,84.4,0.38,52.0,5.267,60.9,0.017,48.8,0.667,35.9
90,Justyn-Henry Malloy,DET,RF,23.0,23.611,83.2,610,0.84,41.9,49.5,46.1,63.9,68.5,54.1,54.7,33.3,28.1,43.7,36.7,48.6,49.4,45.4,40.4,39.0,30.8,-31.9,52.3,19.631,97.9,80.54,34.9,28.355,41.9,109.9,61.5,102.4,38.7,38.9,57.0,4.6,54.7,18.6,65.1,0.223,31.7,0.383,55.2,3.426,25.7,0.008,31.7,0.833,70.7
91,Otto Lopez,MIA,SS,24.0,24.997,55.4,342,0.8,36.5,49.5,46.1,59.3,62.4,28.8,24.2,85.4,91.9,57.1,65.1,72.4,81.7,74.6,89.8,79.1,88.6,-25.5,71.1,34.568,21.1,89.744,92.0,19.478,86.9,110.7,68.5,102.4,38.7,33.0,27.7,1.5,10.6,7.9,5.4,0.263,78.9,0.343,29.8,7.737,92.4,0.038,79.0,0.765,57.8
92,Gilberto Celestino,NYM,CF,24.0,24.627,62.1,232,0.84,41.9,49.5,46.1,81.0,88.5,28.5,23.2,22.1,14.8,25.3,7.3,51.6,53.8,50.8,50.9,49.3,46.7,-13.7,94.8,22.011,92.7,73.958,8.6,30.693,29.1,109.7,58.1,103.6,54.1,45.6,84.6,1.7,14.8,4.5,2.1,0.227,35.6,0.322,17.7,5.166,58.1,0.017,48.8,0.667,35.9
93,Tyler Gentry,KCR,OF,24.0,24.66,61.2,569,0.81,38.3,48.9,44.9,67.6,73.1,43.8,42.8,37.1,33.3,40.4,29.2,52.4,54.4,54.3,57.8,58.3,56.0,-29.8,58.6,22.321,91.1,81.388,41.0,26.282,54.7,106.7,16.5,103.0,46.8,39.1,58.7,4.4,52.9,17.2,54.6,0.225,33.2,0.366,43.0,4.909,51.2,0.024,58.7,0.824,68.9
94,Casey Schmitt,SFG,LF,24.0,24.583,63.3,216,0.9,49.7,48.8,44.3,37.2,32.4,53.0,53.2,68.0,73.1,60.5,70.6,52.6,54.7,50.5,49.4,46.4,38.9,-33.3,48.8,43.243,2.4,83.064,53.5,25.454,60.6,110.1,63.9,103.6,54.1,36.7,47.6,3.7,44.2,15.2,42.4,0.27,82.4,0.4,63.6,4.599,46.2,0.014,42.2,0.75,52.4
95,Andrés Chaparro,WSN,1B,24.0,24.408,67.0,599,0.87,45.5,48.6,43.7,39.9,36.7,68.2,71.7,47.6,45.3,57.9,66.8,43.8,40.1,44.7,39.5,46.7,39.5,-33.3,48.8,33.616,24.2,85.054,65.7,28.381,41.3,114.2,94.6,105.7,81.2,39.8,61.5,5.0,59.6,23.8,85.9,0.222,29.5,0.359,40.4,4.011,35.2,0.007,28.7,1.0,90.4
96,Bryan Lavastida,ATH,C,24.0,24.841,58.7,214,0.92,52.1,48.5,43.1,46.8,47.9,34.4,33.9,14.2,9.8,24.3,6.4,30.5,22.8,42.9,36.5,67.6,70.1,-34.2,45.6,28.132,59.0,75.876,12.5,30.39,31.5,105.2,6.4,102.4,38.7,29.7,14.2,3.7,44.2,16.9,51.2,0.211,15.9,0.342,28.6,5.241,60.2,0.032,70.4,0.875,75.4
97,Oscar Colás,LAA,RF,24.0,25.035,54.3,234,0.87,45.5,48.3,42.2,32.4,26.8,82.1,90.2,52.0,52.3,67.0,81.7,42.2,36.9,43.5,37.1,46.1,38.3,-36.2,39.4,38.94,9.5,84.17,60.9,27.119,49.5,114.0,93.4,107.9,95.7,38.6,55.2,7.3,86.5,16.1,46.9,0.233,43.1,0.41,70.3,3.76,30.9,0.008,31.7,1.0,90.4
98,Jacob Amaya,0,SS,24.0,25.073,53.2,566,0.8,36.5,48.3,42.2,82.4,90.5,27.5,22.2,58.1,61.5,42.8,33.5,70.2,78.3,61.2,68.3,43.0,35.3,-25.0,73.7,22.297,91.4,86.058,73.1,18.694,90.5,107.4,23.9,101.6,23.9,36.0,42.5,2.8,29.8,12.1,22.2,0.233,43.1,0.346,32.3,4.448,43.1,0.011,36.2,0.75,52.4
99,Maikel Garcia,KCR,3B,23.0,23.576,83.8,112,0.78,34.1,47.1,41.3,83.2,92.0,14.4,5.5,52.2,52.6,33.3,17.4,67.7,75.2,59.9,66.5,44.3,36.5,-24.9,74.6,20.0,97.6,81.538,41.6,20.33,82.9,106.7,16.5,102.2,34.3,45.8,85.6,0.9,5.7,6.8,3.5,0.247,62.7,0.317,15.6,3.462,26.9,0.036,75.7,0.571,28.1
100,Jordan Walker,STL,RF,21.0,21.358,99.4,135,0.72,29.0,46.7,40.7,42.3,39.1,72.9,78.7,53.1,53.2,63.0,75.5,47.7,47.2,52.9,54.5,63.3,62.3,-35.5,41.4,31.629,35.2,82.482,49.2,26.271,55.0,114.7,96.6,108.5,97.2,49.4,91.9,5.9,71.4,9.6,9.6,0.244,57.0,0.403,65.1,4.414,41.9,0.03,68.3,1.0,90.4
101,Luis Vázquez,BAL,SS,23.0,23.973,76.5,268,0.89,47.9,46.2,40.1,47.4,48.3,42.7,41.9,27.2,19.9,35.0,21.1,37.3,29.5,37.9,25.1,39.0,30.8,-26.8,66.8,34.88,20.2,80.374,32.4,28.571,39.9,109.8,59.8,103.5,53.2,35.9,41.4,3.4,39.3,15.5,43.7,0.216,22.0,0.335,24.3,3.454,26.6,0.022,55.4,0.667,35.9
102,Darren Baker,0,2B,24.0,24.632,61.5,435,0.75,32.9,45.7,39.5,67.9,73.7,9.4,2.1,63.4,68.5,36.4,22.6,65.6,72.2,68.3,80.5,73.5,81.7,-25.4,71.6,30.021,44.6,89.91,92.4,17.808,93.6,107.9,29.1,100.1,8.1,27.3,9.6,0.5,4.1,8.2,6.1,0.226,34.4,0.278,4.6,6.001,73.7,0.042,82.0,0.792,61.1
103,Zach DeLoach,CHW,RF,24.0,25.117,52.3,621,0.84,41.9,45.4,38.9,38.0,33.8,72.3,78.0,41.0,39.4,56.6,63.6,39.5,33.0,40.2,28.7,41.5,32.9,-42.2,25.2,25.849,73.7,77.968,19.3,33.394,16.2,111.9,79.1,103.8,56.9,39.6,60.9,6.3,76.3,17.8,58.9,0.247,62.7,0.435,80.3,4.287,40.7,0.013,39.5,0.727,45.5
104,Luke Waddell,ATL,SS,24.0,25.216,49.8,130,0.66,18.6,45.3,38.3,95.9,99.4,7.2,1.2,86.2,93.6,46.7,42.8,91.1,98.8,82.2,95.2,64.6,65.0,-7.6,98.5,22.378,90.8,87.838,84.7,15.566,97.2,101.9,0.6,98.0,3.2,22.6,4.3,0.0,1.8,7.5,4.9,0.279,87.6,0.34,27.2,6.65,78.9,0.023,56.9,0.75,52.4
105,Addison Barger,TOR,RF,23.0,23.882,79.5,395,0.74,31.4,45.2,37.7,56.0,58.6,62.3,64.8,64.9,70.3,63.6,76.5,60.4,65.6,50.7,50.3,31.1,25.7,-30.1,57.6,29.338,49.2,86.986,78.6,24.965,62.4,113.7,91.6,106.3,86.1,37.9,53.5,3.8,45.7,22.7,82.4,0.24,51.2,0.351,35.2,3.284,24.2,0.013,39.5,0.625,30.5
106,Eguy Rosario,SDP,3B,23.0,24.099,74.3,184,0.87,45.5,44.9,37.1,38.6,34.7,46.2,45.0,42.2,41.0,44.2,38.1,40.4,33.9,41.0,31.7,42.3,34.7,-32.6,50.8,38.325,11.3,79.343,26.0,27.198,48.9,111.3,73.7,102.9,45.0,36.5,46.2,3.3,38.2,15.0,40.7,0.245,58.3,0.36,40.8,4.504,44.0,0.021,54.2,0.5,23.1
107,Jorbit Vivas,NYY,3B,22.0,22.56,93.1,121,0.62,17.4,44.7,36.5,80.6,87.8,17.8,9.8,68.4,73.4,43.1,34.3,74.5,85.3,73.5,87.4,71.4,77.8,-19.0,89.8,27.801,61.8,93.077,98.8,19.797,85.6,107.3,22.2,100.5,12.4,26.5,8.0,1.7,14.8,14.3,37.0,0.229,38.1,0.312,14.4,6.369,76.1,0.033,71.3,0.8,64.1
108,Jonathan Araúz,0,2B,24.0,25.158,51.4,411,0.79,35.0,43.8,35.9,50.4,53.2,47.3,47.4,57.1,59.0,52.2,55.4,53.8,57.2,52.0,52.7,48.6,44.6,-30.4,56.4,32.396,29.4,84.615,63.0,24.309,67.0,111.1,71.9,104.0,59.0,42.8,74.0,2.4,25.2,25.6,92.0,0.24,51.2,0.346,32.3,4.589,45.9,0.005,21.9,1.0,90.4
109,Jonathan Ornelas,ATL,SS,23.0,23.346,87.0,507,0.69,24.3,43.7,35.3,58.3,61.2,40.5,38.7,38.6,35.8,39.6,27.5,48.4,48.6,56.5,61.7,72.6,80.8,-33.2,49.5,25.817,74.9,83.966,59.8,26.202,55.4,114.4,95.4,104.6,67.4,33.8,31.2,2.4,25.2,9.8,10.7,0.212,17.4,0.302,11.3,5.995,73.4,0.029,66.2,0.938,80.2
110,Jeter Downs,0,SS,24.0,25.177,51.1,191,0.75,32.9,43.5,34.7,46.4,46.5,39.7,37.9,37.8,34.6,38.8,25.8,42.1,36.4,54.5,58.7,79.3,89.2,-35.1,42.8,30.303,41.4,82.949,52.6,24.93,63.0,107.6,26.0,101.7,25.4,34.8,35.3,3.7,44.2,25.7,92.5,0.217,23.1,0.343,29.8,6.836,81.3,0.057,90.4,0.786,60.5
111,Corey Joyce,CHC,SS,24.0,25.114,52.6,206,0.75,32.9,43.2,34.1,53.1,56.0,32.8,31.8,24.6,16.8,28.7,11.6,38.8,30.9,51.7,51.5,77.4,85.0,-39.8,31.5,17.506,99.7,81.323,40.4,29.08,37.0,109.1,45.1,102.3,36.4,28.1,11.8,2.4,25.2,21.9,80.4,0.197,8.9,0.295,8.7,6.873,82.6,0.039,81.1,0.8,64.1
112,Nick Gonzales,PIT,3B,24.0,24.345,69.1,436,0.84,41.9,42.9,33.5,31.8,25.7,58.2,59.8,25.3,17.6,41.8,31.8,28.6,19.0,35.1,19.8,48.3,43.1,-41.9,26.0,30.031,44.3,77.304,17.4,31.121,27.8,108.8,40.8,102.5,40.4,34.2,33.8,6.0,74.0,18.5,64.2,0.225,33.2,0.391,58.3,5.959,73.1,0.009,34.4,0.571,28.1
113,Jhailyn Ortiz,0,RF,24.0,24.865,57.8,125,0.73,30.2,42.7,32.9,46.8,47.9,87.6,95.4,27.6,20.6,57.6,65.9,37.2,29.1,35.3,20.4,31.4,27.2,-32.0,52.0,28.772,53.5,75.776,12.2,32.099,23.5,117.0,99.4,107.5,93.6,51.9,96.3,7.2,84.7,23.4,84.6,0.233,43.1,0.432,78.9,4.101,36.4,0.008,31.7,0.5,23.1
114,Johnathan Rodríguez,CLE,RF,23.0,23.904,78.9,202,0.9,49.7,41.8,32.3,12.3,5.8,82.6,91.4,22.1,14.8,52.4,56.3,17.2,6.3,17.6,3.0,18.5,16.8,-53.0,9.3,34.615,20.8,74.779,9.8,37.28,7.0,113.3,88.8,107.8,95.1,49.5,92.5,7.4,87.6,17.4,56.4,0.226,34.4,0.41,70.3,3.851,32.7,0.0,9.0,0.0,9.0
115,José Rodríguez,LAD,P,22.0,22.201,95.1,88,0.83,40.1,41.6,31.7,43.7,42.0,31.4,28.3,42.0,40.2,36.7,23.2,42.8,38.1,39.1,26.9,31.5,28.1,-27.3,63.9,49.057,0.6,77.083,16.2,25.862,58.0,107.6,26.0,102.1,32.4,30.1,15.3,2.3,23.9,23.0,83.8,0.25,67.7,0.33,22.2,0.0,0.5,0.034,72.8,0.5,23.1
116,Michael Siani,STL,CF,23.0,24.208,72.8,471,0.71,27.8,40.6,30.8,56.4,59.2,16.9,7.8,34.2,29.2,25.6,8.3,45.3,43.0,54.0,56.9,71.5,78.7,-32.9,50.0,25.579,76.1,83.08,53.8,28.167,42.8,107.9,29.1,99.7,6.6,32.6,25.7,1.5,10.6,16.8,50.3,0.21,14.7,0.298,10.1,5.191,58.4,0.047,85.0,0.852,73.7
117,Austin Wells,NYY,C,23.0,24.219,72.5,146,0.81,38.3,40.6,30.8,43.2,40.7,42.3,41.4,35.0,30.3,38.6,25.4,39.1,31.3,36.5,23.4,31.2,26.3,-35.6,40.8,31.579,35.5,81.921,44.0,25.448,60.9,108.7,39.6,101.1,18.3,33.3,29.7,5.5,65.3,8.4,6.7,0.22,26.0,0.367,43.9,2.953,18.7,0.014,42.2,0.667,35.9
118,Wyatt Young,NYM,SS,23.0,23.819,81.3,192,0.69,24.3,40.3,29.9,66.4,70.3,17.7,9.5,80.6,87.8,49.2,46.3,73.5,83.9,61.0,67.1,35.9,29.3,-27.1,65.6,28.933,52.0,88.479,88.7,18.75,90.2,102.2,1.2,97.3,1.7,19.1,1.5,2.1,20.8,17.0,52.0,0.254,72.6,0.333,23.7,2.547,14.1,0.005,21.9,1.0,90.4
119,Blaze Alexander,ARI,3B,24.0,24.304,70.9,300,0.81,38.3,40.2,29.3,33.4,27.5,60.8,64.2,27.6,20.6,44.2,38.1,30.5,22.8,30.5,14.4,30.6,24.9,-41.7,26.6,27.99,60.2,75.135,10.4,35.678,10.1,110.7,68.5,104.8,70.0,41.8,68.7,5.3,63.9,12.9,26.9,0.234,44.8,0.39,57.6,4.137,37.0,0.007,28.7,0.5,23.1
120,Cristian Pache,ARI,OF,24.0,24.862,58.1,60,0.68,22.2,39.3,28.7,61.5,65.6,15.7,6.4,51.2,52.0,33.4,17.7,56.4,60.2,61.1,67.7,70.6,76.6,-30.1,57.6,22.835,88.1,79.365,26.3,30.435,31.2,108.9,42.2,100.9,15.3,39.5,60.1,0.0,1.8,8.9,7.3,0.259,76.1,0.33,22.2,5.579,67.0,0.05,87.7,0.75,52.4
121,Lenyn Sosa,CHW,2B,23.0,23.68,82.9,306,0.89,47.9,38.8,28.1,23.0,13.0,53.4,54.1,27.4,20.2,40.4,29.2,25.2,14.1,19.4,4.8,7.8,4.8,-43.1,22.8,38.281,11.6,79.032,23.2,28.468,40.7,108.6,37.9,103.1,48.9,43.7,78.0,4.9,58.3,20.0,72.6,0.223,31.7,0.381,52.6,1.727,6.1,0.0,9.0,0.0,9.0
122,Daniel Montano,0,LF,24.0,24.501,65.4,319,0.69,24.3,38.5,27.5,44.1,42.8,53.3,53.7,24.9,17.1,39.1,26.9,34.5,26.3,42.1,33.8,57.4,55.1,-42.6,24.5,22.841,87.8,78.866,22.6,31.159,27.5,108.1,31.8,104.1,60.6,36.7,47.6,5.0,59.6,17.1,52.9,0.221,27.2,0.382,54.0,5.472,64.8,0.006,25.4,1.0,90.4
123,Nelson Velázquez,PIT,LF,24.0,24.761,59.0,350,0.7,26.3,38.4,26.9,21.0,11.3,76.8,81.3,22.8,15.9,49.8,48.3,21.9,10.1,38.1,26.3,70.5,76.0,-49.3,13.9,31.98,33.0,78.524,21.4,32.475,20.8,111.2,72.8,105.8,82.1,44.1,78.9,7.1,83.3,22.1,80.9,0.218,24.2,0.397,61.8,7.5,90.2,0.025,60.8,0.75,52.4
124,Steward Berroa,MIL,RF,24.0,24.32,70.2,51,0.66,18.6,38.2,26.3,60.1,63.9,5.7,0.6,34.8,30.0,20.2,3.8,47.4,46.3,61.8,69.5,90.6,97.6,-37.3,37.6,22.5,90.2,85.454,68.7,23.171,71.3,103.9,4.3,94.5,0.3,10.0,0.3,0.0,1.8,15.2,42.4,0.163,0.9,0.192,0.3,7.154,86.5,0.074,95.5,1.0,90.4
125,Jordan Groshans,KCR,SS,23.0,23.888,79.2,526,0.67,20.4,38.0,25.4,80.7,88.1,23.3,15.6,60.6,65.4,42.0,32.4,70.6,79.2,50.1,46.4,9.0,6.6,-22.8,81.5,25.022,79.2,87.377,80.1,20.713,81.0,109.4,51.2,101.0,17.1,32.6,25.7,1.9,19.0,11.1,16.1,0.232,41.1,0.319,16.2,1.98,8.9,0.0,9.0,0.0,9.0
126,Raynel Delgado,MIL,2B,23.0,23.488,84.7,384,0.7,26.3,38.0,25.4,41.3,38.5,25.7,19.7,44.0,42.5,34.8,20.8,42.6,37.6,49.6,45.2,63.4,62.9,-33.8,46.9,32.295,30.3,83.471,56.3,28.01,44.0,109.6,56.1,100.9,15.3,31.0,18.2,2.1,20.8,12.5,25.8,0.223,31.7,0.322,17.7,5.717,69.7,0.036,75.7,0.667,35.9
127,Cal Mitchell,0,LF,24.0,24.564,63.9,312,0.74,31.4,37.6,24.6,25.7,16.2,53.5,54.4,49.2,47.9,51.4,52.4,37.4,30.0,40.6,30.2,46.9,40.4,-49.7,13.5,30.583,39.4,81.322,40.1,29.485,35.8,107.7,26.9,104.2,62.1,45.2,83.3,4.8,56.9,19.5,70.0,0.245,58.3,0.382,54.0,4.256,39.1,0.019,51.8,0.75,52.4
128,Jair Camargo,ATL,C,23.0,24.249,71.9,367,0.79,35.0,37.5,24.0,7.9,3.1,87.9,95.7,42.4,41.4,65.2,79.5,25.2,14.1,26.5,10.8,29.2,23.1,-56.9,6.0,38.041,12.2,76.611,15.3,37.465,6.1,114.1,94.2,108.8,97.9,50.7,94.0,10.1,97.6,11.1,16.1,0.251,69.4,0.496,92.5,3.79,31.5,0.005,21.9,0.667,35.9
129,Shay Whitcomb,HOU,3B,24.0,25.005,55.0,389,0.72,29.0,35.8,23.4,10.6,4.0,78.8,84.9,42.1,40.7,60.4,70.2,26.4,15.9,33.7,17.4,48.4,43.7,-56.5,6.4,38.736,10.1,81.72,43.1,32.294,22.0,111.4,74.6,105.3,76.6,41.9,70.0,7.2,84.7,20.7,76.1,0.232,41.1,0.422,75.2,3.911,33.6,0.031,69.5,0.706,42.5
130,Joe Perez,CHW,3B,23.0,24.134,74.0,395,0.68,22.2,35.7,22.8,25.4,15.6,72.9,78.7,50.6,50.0,61.8,74.3,38.0,30.3,38.0,25.7,37.9,29.9,-45.8,17.6,32.299,30.0,80.328,31.8,28.955,37.9,113.2,87.9,106.8,89.9,44.5,81.0,5.8,69.1,13.8,33.6,0.251,69.4,0.411,71.1,4.804,48.6,0.008,31.7,0.6,29.6
131,Jhonkensy Noel,CLE,RF,21.0,22.209,94.8,584,0.73,30.2,35.3,22.2,21.2,11.6,72.6,78.3,29.3,23.2,50.9,51.4,25.2,14.1,22.3,6.0,16.4,15.0,-41.0,28.0,42.376,3.7,79.867,29.1,30.595,30.3,116.5,98.9,105.7,81.2,37.9,53.5,5.5,65.3,19.9,72.2,0.222,29.5,0.384,55.7,2.529,13.8,0.002,18.3,0.25,18.0
132,Angel Martínez,CLE,LF,21.0,21.673,97.9,150,0.7,26.3,35.0,21.6,31.0,24.5,30.3,25.7,42.4,41.4,36.4,22.6,36.7,28.7,40.4,29.3,47.9,42.5,-40.6,29.1,38.272,11.9,82.209,46.8,24.739,64.2,107.1,19.6,102.0,30.3,32.7,26.6,2.7,28.1,24.3,87.8,0.229,38.1,0.314,14.7,4.329,41.0,0.006,25.4,1.0,90.4
133,Ryan Vilade,CIN,RF,24.0,24.613,62.5,506,0.61,16.2,34.5,21.0,50.2,52.1,41.2,39.8,49.4,48.6,45.3,41.0,49.8,51.7,47.8,43.1,43.8,35.9,-37.6,36.7,27.098,66.4,82.287,47.7,25.599,59.6,111.9,79.1,104.8,70.0,39.2,59.5,2.2,22.3,12.2,22.8,0.24,51.2,0.338,25.5,4.957,53.2,0.014,42.2,0.636,31.1
134,Hudson Haskin,BAL,OF,24.0,24.747,60.2,93,0.71,27.8,34.0,20.4,9.9,3.7,41.1,39.1,22.3,15.6,31.7,16.2,16.1,5.7,39.8,28.1,87.3,95.2,-64.5,3.1,36.232,16.5,80.952,37.9,33.333,16.8,108.7,39.6,101.2,19.4,36.2,44.3,4.3,51.7,25.0,90.1,0.193,6.7,0.324,18.8,8.233,96.3,0.053,88.9,0.833,70.7
135,Jordy Barley,0,SS,23.0,23.825,81.0,57,0.8,36.5,33.6,19.8,6.2,1.2,18.4,10.4,3.7,1.2,11.0,0.9,5.0,0.9,31.9,15.6,85.7,93.4,-70.3,0.9,36.029,17.1,71.831,4.6,40.833,3.1,105.9,10.4,102.3,36.4,46.4,86.2,1.8,17.1,13.3,29.2,0.18,2.8,0.285,6.0,6.974,84.1,0.15,100.0,0.818,68.3
136,Thomas Saggese,STL,LF,21.0,21.473,99.1,63,0.56,12.0,33.5,19.2,38.0,33.8,24.0,16.7,72.0,77.1,48.0,44.3,55.0,58.7,58.2,64.1,64.6,65.0,-39.6,32.4,37.879,13.1,90.124,92.7,19.084,89.3,106.4,13.8,103.1,48.9,34.1,33.0,1.6,12.5,15.9,45.6,0.24,51.2,0.325,19.7,5.48,65.1,0.016,45.5,1.0,90.4
137,Julio Carreras,COL,SS,23.0,23.715,82.3,62,0.58,12.9,32.8,18.6,62.5,67.0,31.5,28.7,36.6,32.9,34.0,19.7,49.6,51.4,42.1,33.8,27.2,21.6,-29.1,61.8,28.188,58.7,79.71,28.4,23.423,70.0,106.9,18.0,102.7,43.0,31.6,19.6,3.2,36.9,10.5,13.1,0.234,44.8,0.346,32.3,2.783,16.2,0.016,45.5,0.333,19.2
138,George Valera,CLE,LF,22.0,22.877,91.4,311,0.54,9.9,31.5,18.0,49.0,49.8,64.0,67.1,20.4,12.4,42.2,33.0,34.7,27.5,29.9,13.2,20.2,18.0,-38.8,34.6,21.583,93.6,75.55,11.3,33.074,18.0,109.1,45.1,105.1,73.9,49.4,91.9,6.4,78.0,14.4,37.9,0.222,29.5,0.393,59.5,3.049,21.4,0.003,19.5,0.333,19.2
139,Moisés Gómez,SDP,OF,24.0,25.092,52.9,564,0.69,24.3,31.4,17.4,6.7,1.5,79.0,85.5,13.2,8.9,46.1,42.5,10.0,3.1,23.3,7.2,49.9,48.5,-57.4,5.2,39.399,7.6,74.326,8.9,36.134,9.2,112.6,83.2,104.9,71.3,42.6,72.8,7.1,83.3,25.9,93.0,0.212,17.4,0.407,68.0,4.879,50.5,0.009,34.4,0.833,70.7
140,Jesús Bastidas,ATL,SS,24.0,25.043,53.8,383,0.66,18.6,31.3,16.8,25.5,15.9,31.7,29.5,59.2,62.5,45.4,41.3,42.4,37.3,49.0,44.3,62.4,61.4,-42.9,23.9,37.116,14.7,86.374,75.2,27.845,45.6,107.0,18.8,101.3,21.1,27.1,8.7,2.9,31.8,19.4,68.8,0.233,43.1,0.347,33.3,5.661,68.8,0.029,66.2,0.733,47.0
141,Livan Soto,BAL,SS,23.0,23.272,88.4,342,0.67,20.4,31.2,16.2,59.4,62.7,12.9,3.4,29.5,23.9,21.2,4.6,44.4,40.8,34.2,19.2,13.8,13.8,-35.7,40.4,22.66,89.6,82.569,49.8,25.323,61.8,102.9,2.1,98.0,3.2,21.8,3.1,1.8,17.1,16.8,50.3,0.198,9.2,0.278,4.6,3.041,21.1,0.0,9.0,0.0,9.0
142,Carlos Narváez,BOS,C,24.0,24.843,58.4,357,0.61,16.2,29.8,15.6,38.8,35.2,35.8,35.2,31.5,26.3,33.6,18.3,35.2,27.8,37.4,24.6,41.8,34.1,-35.6,40.8,30.894,38.2,81.623,42.2,29.781,34.9,108.0,30.4,102.3,36.4,37.7,52.6,3.6,42.0,14.2,36.1,0.215,20.8,0.342,28.6,3.224,23.5,0.014,42.2,0.833,70.7
143,Niko Kavadas,LAA,1B,24.0,24.925,56.6,187,0.61,16.2,29.4,15.0,36.5,31.2,78.0,83.5,11.3,6.4,44.6,38.8,23.9,12.7,18.4,4.2,7.5,3.6,-47.7,15.3,22.091,92.0,74.737,9.5,37.417,6.4,113.2,87.9,104.7,68.7,51.1,95.3,6.4,78.0,22.7,82.4,0.206,13.1,0.424,76.0,1.565,5.2,0.0,9.0,0.0,9.0
144,Will Wilson,CLE,3B,24.0,25.194,50.5,333,0.68,22.2,29.3,14.4,28.4,20.5,47.6,48.0,30.2,24.9,38.9,26.5,29.3,20.5,28.5,12.0,26.9,21.0,-41.7,26.6,31.988,32.7,80.402,33.2,31.29,26.6,108.3,34.4,102.4,38.7,41.2,67.1,4.5,53.8,17.5,57.5,0.221,27.2,0.379,51.2,3.16,22.6,0.006,25.4,0.667,35.9
145,Adam Hackenberg,CHW,C,23.0,24.06,74.9,125,0.6,14.7,29.2,13.8,33.8,27.8,26.2,20.8,59.5,63.5,42.8,33.5,46.6,45.9,44.6,38.9,40.4,32.3,-39.2,33.2,32.576,28.7,82.237,47.4,28.151,43.1,105.7,8.7,100.1,8.1,30.1,15.3,3.2,36.9,13.3,29.2,0.253,71.6,0.354,36.9,2.842,16.8,0.008,31.7,1.0,90.4
146,Yunior Severino,0,1B,23.0,23.992,75.8,152,0.67,20.4,28.8,13.2,16.2,8.6,81.2,88.4,5.6,2.4,43.4,35.5,10.9,3.4,12.8,2.4,16.6,15.6,-62.5,3.7,29.855,45.9,66.842,1.2,40.956,2.8,113.1,87.3,104.1,60.6,36.7,47.6,7.9,90.5,24.1,86.9,0.199,9.9,0.422,75.2,3.589,28.1,0.0,9.0,0.0,9.0
147,Marco Luciano,SFG,SS,21.0,22.053,96.0,77,0.44,5.7,27.7,12.6,30.2,23.5,86.0,95.1,30.2,24.9,58.1,67.3,30.2,21.9,22.5,6.6,7.2,2.4,-57.2,5.5,22.778,88.7,65.625,0.3,39.416,4.3,111.8,77.7,109.4,99.1,50.0,93.3,7.8,89.8,20.5,74.6,0.246,60.2,0.435,80.3,1.393,4.6,0.0,9.0,0.0,9.0
148,Leo Jiménez,TOR,3B,22.0,22.371,94.5,77,0.24,3.0,27.3,12.0,69.8,74.9,16.1,6.7,47.2,45.0,31.6,15.9,58.5,63.3,41.9,32.9,8.6,5.4,-27.3,63.9,26.59,69.4,88.889,90.2,19.853,85.3,109.9,61.5,101.4,22.5,34.0,32.3,0.0,1.8,8.3,6.4,0.187,4.3,0.231,1.5,1.899,8.0,0.0,9.0,0.0,9.0
149,Korey Lee,CHW,C,24.0,25.183,50.8,357,0.6,14.7,26.6,11.1,15.0,7.3,55.5,55.7,25.6,18.0,40.6,30.0,20.3,8.3,29.8,12.6,48.7,45.5,-48.8,14.4,36.35,15.9,76.376,14.1,33.723,15.0,111.0,71.3,104.9,71.3,42.4,72.2,3.9,46.9,18.6,65.1,0.228,37.0,0.355,37.9,2.962,19.3,0.036,75.7,0.765,57.8
150,Patrick Bailey,SFG,C,24.0,24.339,69.4,59,0.55,11.1,26.6,11.1,35.0,29.4,31.7,29.5,11.8,7.8,21.8,5.2,23.4,11.3,32.1,16.2,49.5,47.6,-38.9,34.1,33.077,26.9,78.873,22.9,27.193,49.2,108.8,40.8,100.9,15.3,33.3,29.7,3.4,39.3,16.2,47.6,0.157,0.6,0.322,17.7,3.293,24.5,0.017,48.8,1.0,90.4
151,Brennen Davis,NYY,CF,23.0,23.91,78.4,257,0.45,6.6,26.4,10.2,34.2,28.4,32.1,30.7,12.8,8.6,22.5,5.7,23.5,11.8,35.9,22.2,60.6,59.3,-36.6,38.8,33.028,27.2,77.273,17.1,30.196,33.0,109.6,56.1,104.2,62.1,35.4,39.8,1.6,12.5,18.3,62.7,0.196,8.4,0.272,3.7,4.973,53.8,0.035,74.3,0.75,52.4
152,Malcom Nuñez,PIT,1B,22.0,22.56,93.1,269,0.54,9.9,26.3,9.6,26.8,18.5,55.7,56.3,54.8,54.4,55.2,61.6,40.8,34.4,30.3,13.8,9.2,7.8,-40.9,28.4,34.66,20.5,82.759,51.4,30.26,32.4,110.9,70.6,104.4,64.7,37.3,50.2,4.8,56.9,9.4,9.0,0.245,58.3,0.386,56.3,2.105,9.5,0.0,9.0,0.0,9.0
153,Justice Bigbie,DET,OF,24.0,24.682,60.6,58,0.59,13.8,24.5,9.0,20.3,11.0,60.0,63.0,44.7,42.8,52.4,56.3,32.5,25.1,23.7,8.4,6.2,1.2,-43.2,22.3,41.129,4.9,82.54,49.5,28.947,38.5,109.4,51.2,106.0,83.5,48.6,91.0,6.9,81.2,2.7,0.6,0.231,39.9,0.357,39.0,0.907,2.1,0.0,9.0,0.0,9.0
154,Joey Loperfido,TOR,LF,24.0,24.389,67.9,137,0.55,11.1,24.3,8.4,15.5,7.6,37.7,36.4,26.8,18.8,32.2,16.8,21.2,9.5,31.6,15.0,52.5,51.2,-53.9,8.4,33.445,25.1,80.38,32.7,32.946,19.0,107.6,26.0,102.3,36.4,41.9,70.0,3.6,42.0,12.0,21.6,0.215,20.8,0.376,49.5,3.895,33.3,0.029,66.2,0.8,64.1
155,Mason Martin,0,1B,24.0,24.329,69.7,100,0.46,7.5,24.0,7.8,23.6,14.1,67.1,70.3,13.3,9.3,40.2,28.1,18.5,7.0,19.6,5.4,22.0,20.4,-53.0,9.3,27.753,62.1,66.087,0.6,42.135,1.8,112.8,84.6,103.1,48.9,35.0,36.7,6.0,74.0,21.7,79.7,0.22,26.0,0.377,50.3,4.352,41.4,0.0,9.0,0.0,9.0
156,Sebastián Rivero,LAA,C,24.0,24.871,57.5,213,0.58,12.9,23.8,7.2,35.5,30.1,25.9,20.2,50.6,50.0,38.2,25.1,43.0,38.7,32.4,16.8,11.2,12.0,-35.2,42.4,41.108,5.2,86.8,77.1,24.766,63.9,107.1,19.6,100.6,13.3,25.5,7.3,2.3,23.9,25.5,91.7,0.218,24.2,0.307,13.1,2.579,14.4,0.0,9.0,0.0,9.0
157,Nick Pratto,KCR,1B,24.0,24.983,56.0,128,0.49,8.4,23.4,6.6,36.8,31.8,32.1,30.7,50.8,50.8,41.4,31.3,43.8,40.1,34.1,18.6,14.7,14.4,-47.6,15.6,28.614,54.4,88.435,88.1,24.793,63.6,106.1,11.3,101.2,19.4,27.6,10.9,3.1,34.9,23.7,85.5,0.207,13.5,0.343,29.8,3.221,23.2,0.0,9.0,0.0,9.0
158,Adrian Del Castillo,ARI,DH,23.0,24.008,75.5,159,0.53,9.0,22.4,6.0,37.3,32.9,29.5,25.1,21.4,13.1,25.4,7.6,29.4,20.9,23.8,9.0,12.7,13.2,-45.2,19.0,26.684,68.5,80.208,31.3,29.152,36.1,108.3,34.4,103.4,52.3,37.6,52.3,1.9,19.0,17.2,54.6,0.201,11.5,0.3,10.4,2.941,18.3,0.0,9.0,0.0,9.0
159,Dillon Dingler,DET,C,24.0,25.035,54.3,109,0.4,4.5,22.2,5.1,19.9,10.4,64.0,67.1,38.8,36.1,51.4,52.4,29.4,20.9,26.7,11.4,21.3,19.2,-55.1,7.3,31.111,36.7,84.507,61.8,31.604,26.0,108.5,36.5,104.4,64.7,47.0,87.3,7.3,86.5,6.9,4.0,0.211,15.9,0.426,77.2,4.268,39.8,0.0,9.0,0.0,9.0
160,Noah Campbell,0,2B,24.0,24.318,70.6,90,0.44,5.7,22.2,5.1,49.5,51.5,25.3,18.0,19.6,11.6,22.5,5.7,34.6,26.9,25.6,10.2,7.6,4.2,-42.1,25.7,21.795,93.3,80.672,36.1,28.105,43.4,108.6,37.9,101.7,25.4,19.7,1.8,2.2,22.3,18.0,61.5,0.181,3.1,0.255,1.8,1.575,5.5,0.0,9.0,0.0,9.0
161,Onix Vega,NYM,C,24.0,25.062,53.5,62,0.2,1.5,21.6,4.2,58.4,61.5,7.3,1.5,53.8,53.7,30.6,13.5,56.1,59.6,40.9,31.1,10.4,10.2,-25.7,70.3,33.6,24.5,86.885,78.0,21.359,79.7,101.1,0.3,97.3,1.7,23.3,5.5,1.6,12.5,11.4,17.7,0.222,29.5,0.277,4.0,2.474,12.5,0.0,9.0,0.0,9.0
162,Ricardo Genovés,0,C,24.0,24.381,68.2,287,0.46,7.5,20.8,3.6,34.9,29.1,29.8,25.4,27.1,19.6,28.4,11.0,31.0,23.5,23.6,7.8,8.8,6.0,-44.2,21.4,28.099,59.3,82.012,44.3,30.321,32.1,107.3,22.2,102.0,30.3,33.9,31.7,2.8,29.8,21.6,79.2,0.199,9.9,0.301,10.9,1.951,8.6,0.0,9.0,0.0,9.0
163,Diego Infante,0,OF,23.0,23.94,77.7,96,0.14,0.6,16.0,3.0,3.2,0.3,25.6,19.3,6.1,2.9,15.8,2.4,4.6,0.6,23.9,9.6,62.3,60.5,-69.9,1.5,41.398,4.3,72.8,7.0,37.624,5.8,109.2,48.0,101.7,25.4,35.1,37.2,3.1,34.9,1.8,0.3,0.19,5.2,0.262,2.9,4.915,51.7,0.021,54.2,1.0,90.4
164,Rodolfo Castro,PHI,SS,24.0,24.361,68.7,57,0.39,3.6,12.5,2.4,6.9,2.1,33.1,32.4,9.6,4.6,21.4,4.9,8.2,2.1,8.8,1.2,9.9,9.0,-68.3,2.1,37.748,14.1,72.727,6.7,36.585,8.0,105.9,10.4,102.3,36.4,40.6,65.0,3.5,40.2,25.0,90.1,0.204,12.5,0.294,8.3,2.359,11.3,0.0,9.0,0.0,9.0
165,Miguel Hernandez,0,2B,24.0,24.465,66.1,55,0.4,4.5,12.1,1.8,7.4,2.8,14.2,5.2,37.3,33.9,25.8,9.0,22.3,10.4,18.3,3.6,10.2,9.6,-60.0,4.6,42.453,3.4,76.389,14.4,32.479,20.5,105.5,7.6,101.6,23.9,40.0,62.5,1.8,17.1,5.6,2.4,0.246,60.2,0.303,11.8,2.435,11.9,0.0,9.0,0.0,9.0
166,Marcos Gonzalez,0,SS,23.0,23.967,76.8,56,0.2,1.5,10.2,1.2,11.3,4.3,10.5,2.4,7.5,3.7,9.0,0.6,9.4,2.8,10.1,1.8,11.6,12.6,-50.0,12.8,39.286,8.3,76.471,14.7,34.906,12.2,105.5,7.6,101.2,19.4,40.0,62.5,0.0,1.8,16.7,49.4,0.156,0.3,0.203,0.6,2.643,15.6,0.0,9.0,0.0,9.0
167,Roberto Alvarez,0,C,23.0,24.175,73.1,65,0.21,2.4,8.5,0.6,8.4,3.4,6.0,0.9,4.9,1.5,5.4,0.3,6.6,1.8,6.9,0.6,7.4,3.0,-53.9,8.4,39.844,7.0,72.603,6.4,35.484,10.7,105.8,9.5,98.1,3.7,28.9,13.3,0.0,1.8,13.3,29.2,0.182,3.4,0.222,0.9,1.471,4.9,0.0,9.0,0.0,9.0
168,Ryan Ward,LAD,LF,25.0,25.599,37.9,613,,,,,27.6,19.6,74.7,79.4,35.7,31.7,55.2,61.6,31.6,24.2,,,,,-40.4,29.4,34.311,22.3,80.08,30.3,30.51,30.9,109.2,48.0,105.1,73.9,46.8,86.7,7.8,89.8,18.0,61.5,0.232,41.1,0.43,78.3,6.122,75.2,,,,
169,Blaine Crim,COL,1B,26.0,26.286,17.4,580,,,,,70.2,75.7,79.0,85.5,77.2,82.3,78.1,94.5,73.7,84.7,,,,,-24.9,74.6,27.994,59.9,85.962,71.9,22.435,74.6,113.3,88.8,105.9,82.7,43.3,76.8,5.9,71.4,20.6,75.7,0.27,82.4,0.439,82.1,4.102,36.7,,,,
170,Rafael Lantigua,PHI,2B,25.0,25.424,42.5,574,,,,,81.8,89.6,24.0,16.7,58.1,61.5,41.0,30.6,70.0,77.7,,,,,-19.5,88.4,22.965,87.5,81.548,41.9,25.953,56.9,103.9,4.3,100.3,10.6,33.1,28.3,2.3,23.9,16.3,48.0,0.257,74.3,0.36,40.8,4.93,52.6,,,,
171,Pedro León,HOU,RF,25.0,25.342,45.7,555,,,,,23.0,13.0,69.3,72.8,33.1,27.8,51.2,51.8,28.0,18.0,,,,,-45.6,18.0,31.955,33.3,83.136,54.7,32.607,19.9,113.7,91.6,106.1,84.9,37.8,52.9,5.0,59.6,21.8,80.1,0.201,11.5,0.372,47.9,5.772,70.9,,,,
172,Diego Castillo,KCR,SS,25.0,25.922,27.8,553,,,,,91.9,97.6,14.6,6.0,79.8,85.2,47.2,43.4,85.8,95.1,,,,,-10.8,96.0,23.672,84.7,87.5,80.7,18.095,92.4,106.4,13.8,100.2,9.2,30.1,15.3,1.3,7.6,10.3,12.4,0.263,78.9,0.347,33.3,4.166,37.9,,,,
173,Ruben Cardenas,0,OF,25.0,25.971,27.2,549,,,,,27.7,19.9,68.1,71.3,30.8,25.5,49.4,46.8,29.2,20.0,,,,,-41.7,26.6,32.714,28.1,79.499,27.2,30.651,29.7,110.1,63.9,103.0,46.8,32.7,26.6,6.0,74.0,28.3,96.3,0.226,34.4,0.404,66.2,4.247,38.8,,,,
174,Devin Mann,SFG,3B,26.0,26.631,7.0,549,,,,,49.5,51.5,49.6,50.3,45.8,43.3,47.7,43.7,47.6,46.8,,,,,-40.0,30.7,24.444,82.3,84.546,62.1,27.691,47.1,108.1,31.8,102.2,34.3,35.2,38.2,4.4,52.9,29.2,97.7,0.222,29.5,0.373,48.5,3.307,24.8,,,,
175,Davis Wendzel,CIN,3B,26.0,26.355,14.5,544,,,,,55.7,58.1,56.6,57.2,33.6,28.7,45.1,40.2,44.7,41.3,,,,,-33.6,47.6,25.796,75.2,82.323,48.3,27.778,46.5,108.7,39.6,103.6,54.1,36.0,42.5,5.0,59.6,28.0,95.4,0.213,18.8,0.374,48.9,2.635,15.3,,,,
176,Braden Shewmake,NYY,SS,25.0,25.862,30.3,526,,,,,35.5,30.1,45.8,44.6,30.0,24.5,37.9,24.6,32.8,25.4,,,,,-32.2,51.7,40.607,6.1,79.511,27.5,28.718,39.1,108.6,37.9,101.8,27.4,34.8,35.3,4.8,56.9,20.5,74.6,0.224,32.4,0.351,35.2,7.765,92.7,,,,
177,Jerar Encarnacion,SFG,RF,25.0,25.938,27.5,512,,,,,13.8,6.4,81.5,89.0,10.5,5.5,46.0,42.2,12.2,3.7,,,,,-63.7,3.4,30.757,38.8,67.233,2.1,41.607,2.4,113.9,92.7,107.8,95.1,53.8,96.9,7.8,89.8,9.3,8.4,0.213,18.8,0.438,81.7,3.592,28.4,,,,
178,Aaron Schunk,COL,SS,26.0,26.185,20.5,505,,,,,23.5,13.8,38.5,36.7,62.2,67.6,50.4,49.7,42.8,38.1,,,,,-40.3,29.7,44.383,1.5,83.243,55.0,28.447,41.0,109.5,53.7,101.8,27.4,31.7,20.0,2.8,29.8,17.9,60.2,0.251,69.4,0.358,39.8,5.827,71.6,,,,
179,Kameron Misner,TBR,CF,25.0,25.722,33.9,504,,,,,26.7,17.9,68.5,72.2,5.5,2.0,37.0,23.9,16.1,5.7,,,,,-54.7,8.0,26.094,72.5,70.519,3.4,39.135,4.6,109.5,53.7,104.6,67.4,47.4,88.4,6.3,76.3,24.2,87.3,0.195,7.6,0.392,58.9,7.465,89.9,,,,
180,Peyton Burdick,0,CF,26.0,26.59,9.3,491,,,,,17.4,9.2,81.4,88.7,8.5,4.0,45.0,39.8,13.0,4.1,,,,,-61.4,4.0,29.636,48.0,70.365,3.1,37.805,5.2,116.2,98.5,107.0,91.0,47.7,89.0,6.7,80.1,21.0,76.9,0.208,13.9,0.399,62.7,5.554,66.4,,,,
181,Lewin Díaz,0,1B,26.0,26.861,1.5,482,,,,,61.5,65.6,69.8,74.2,57.8,60.7,63.8,77.4,59.6,65.0,,,,,-27.2,64.7,29.322,49.5,85.062,66.1,23.169,71.6,111.5,75.5,104.2,62.1,38.9,57.0,5.6,66.7,29.0,97.1,0.239,49.5,0.4,63.6,2.612,15.0,,,,
182,Sandro Fabian,0,RF,25.0,25.569,39.1,482,,,,,53.4,56.3,64.4,67.6,75.6,81.0,70.0,86.2,64.5,71.1,,,,,-25.0,73.7,43.205,3.1,88.448,88.4,21.571,78.0,113.5,90.5,104.1,60.6,36.4,45.7,4.8,56.9,21.0,76.9,0.247,62.7,0.381,52.6,4.89,50.8,,,,
183,Daniel Schneemann,CLE,CF,26.0,26.683,5.5,480,,,,,56.4,59.2,33.8,33.3,39.0,36.4,36.4,22.6,47.7,47.2,,,,,-29.3,61.2,28.402,56.9,80.736,37.0,28.056,43.7,109.8,59.8,101.7,25.4,32.7,26.6,3.1,34.9,9.9,11.3,0.232,41.1,0.342,28.6,5.214,58.9,,,,
184,Estevan Florial,0,LF,25.0,25.845,30.9,479,,,,,31.1,24.8,85.8,94.8,40.0,37.6,62.9,75.2,35.6,28.1,,,,,-47.0,16.2,26.545,69.7,76.307,13.8,35.551,10.4,111.4,74.6,106.1,84.9,44.6,81.3,8.8,94.2,18.8,65.7,0.249,66.2,0.494,91.4,6.856,82.3,,,,
185,Spencer Horwitz,PIT,1B,25.0,25.875,30.0,478,,,,,84.3,93.6,57.8,59.2,82.2,89.3,70.0,86.2,83.2,93.9,,,,,-14.5,93.9,27.337,65.1,87.845,85.0,19.109,89.0,111.3,73.7,102.8,43.9,40.2,63.8,4.8,56.9,11.7,19.4,0.265,79.5,0.428,77.7,3.81,31.8,,,,
186,Niko Hulsizer,0,OF,26.0,26.658,6.4,472,,,,,28.9,21.7,75.5,79.8,5.5,2.0,40.5,29.7,17.2,6.3,,,,,-51.6,10.6,25.573,76.5,71.8,4.3,40.651,3.4,114.8,96.9,106.5,87.2,36.3,45.1,5.9,71.4,25.4,91.1,0.193,6.7,0.369,46.0,4.438,42.8,,,,
187,Michael Busch,CHC,1B,25.0,25.889,28.6,467,,,,,82.5,90.8,83.6,91.7,86.1,93.0,84.8,99.1,84.3,94.5,,,,,-24.1,78.7,22.679,89.3,87.611,82.0,20.449,82.0,111.5,75.5,104.8,70.0,43.8,78.3,8.1,91.4,19.0,67.0,0.283,90.2,0.544,97.2,5.302,61.5,,,,
188,Trey Cabbage,0,3B,26.0,26.409,12.2,466,,,,,11.4,4.7,91.8,97.9,56.8,58.0,74.3,91.4,34.1,26.0,,,,,-51.6,10.6,37.908,12.8,80.431,33.9,35.189,11.3,116.5,98.9,109.5,99.4,51.1,95.3,9.9,97.2,14.9,39.8,0.266,79.8,0.523,95.7,7.402,89.3,,,,
189,Micah Pries,0,1B,25.0,25.588,38.2,464,,,,,45.9,45.9,48.7,48.6,60.3,64.5,54.5,59.6,53.1,56.0,,,,,-33.5,48.0,31.109,37.0,87.113,79.5,26.287,54.1,110.1,63.9,102.8,43.9,34.7,34.9,3.7,44.2,17.8,58.9,0.232,41.1,0.366,43.0,4.717,47.7,,,,
190,David Hamilton,BOS,3B,26.0,26.001,26.3,462,,,,,63.3,67.7,49.9,50.8,61.8,67.0,55.8,62.7,62.6,69.3,,,,,-31.8,52.6,25.848,74.0,86.992,78.9,22.481,74.0,110.9,70.6,101.8,27.4,32.5,24.8,4.3,51.7,17.8,58.9,0.234,44.8,0.368,44.8,7.864,94.8,,,,
191,Richie Palacios,TBR,2B,26.0,26.374,13.8,458,,,,,86.8,95.4,25.4,18.5,80.1,86.7,52.8,57.5,83.4,94.2,,,,,-10.7,96.3,26.61,69.1,86.879,77.7,19.053,89.6,108.7,39.6,101.0,17.1,32.2,23.7,1.7,14.8,10.9,14.4,0.27,82.4,0.368,44.8,3.555,27.8,,,,
192,Cam Eden,0,CF,25.0,25.5,41.3,455,,,,,43.7,42.0,16.9,7.8,40.8,39.0,28.8,11.9,42.2,36.9,,,,,-39.7,32.1,27.711,62.7,82.837,52.0,27.981,44.3,109.2,48.0,100.3,10.6,31.8,20.9,1.1,6.9,13.4,31.0,0.222,29.5,0.286,6.4,7.843,94.5,,,,
193,Tyler Fitzgerald,SFG,2B,26.0,26.04,25.7,454,,,,,30.5,24.2,50.9,51.4,31.7,26.6,41.3,30.9,31.1,23.9,,,,,-39.1,33.6,33.934,22.6,79.546,27.8,29.967,34.6,109.4,51.2,103.3,51.4,38.4,54.7,4.2,50.2,19.5,70.0,0.227,35.6,0.363,41.9,7.411,89.6,,,,
194,Nick Sogard,BOS,3B,26.0,26.056,24.6,453,,,,,86.5,94.5,25.5,19.0,78.0,82.6,51.8,53.8,82.2,92.4,,,,,-21.1,84.7,23.563,85.3,90.393,93.3,17.898,93.0,109.8,59.8,99.0,4.6,23.9,5.8,1.5,10.6,18.1,62.1,0.247,62.7,0.331,22.9,6.529,77.7,,,,
195,Daz Cameron,MIL,RF,26.0,26.705,4.6,444,,,,,50.2,52.1,66.4,69.3,60.5,65.1,63.4,76.1,55.4,59.0,,,,,-32.7,50.5,30.312,41.0,82.158,45.9,24.838,63.3,111.3,73.7,105.4,78.0,42.1,71.3,5.2,62.5,14.3,37.0,0.258,75.1,0.411,71.1,5.134,56.9,,,,
196,Jahmai Jones,DET,DH,26.0,26.155,21.4,443,,,,,72.8,78.4,56.7,57.5,39.9,37.3,48.3,44.6,56.4,60.2,,,,,-25.1,72.9,18.2,98.8,79.191,24.8,30.156,33.6,109.8,59.8,103.4,52.3,40.9,65.9,4.5,53.8,16.5,48.6,0.242,55.0,0.405,67.3,5.686,69.4,,,,
197,Yolbert Sanchez,0,SS,26.0,26.576,9.8,442,,,,,53.9,56.6,11.8,2.8,80.1,86.7,45.9,41.9,67.0,73.7,,,,,-27.1,65.6,37.785,13.8,87.759,84.1,19.926,84.7,107.6,26.0,100.1,8.1,24.4,6.1,0.5,4.1,5.9,2.9,0.259,76.1,0.326,20.9,3.434,26.0,,,,
198,Matt Mervis,ARI,1B,25.0,25.457,42.2,439,,,,,46.7,47.2,77.8,82.7,36.3,32.4,57.0,64.5,41.5,35.9,,,,,-30.8,54.7,29.707,47.7,80.414,33.6,31.716,25.4,114.5,96.2,105.6,80.3,36.3,45.1,5.5,65.3,28.5,96.6,0.23,39.0,0.417,72.5,3.603,28.7,,,,
199,Jonathan Aranda,TBR,1B,25.0,25.355,45.3,431,,,,,73.6,79.5,82.3,91.1,67.2,72.8,74.8,92.4,70.4,78.7,,,,,-26.2,68.5,24.952,79.5,82.317,48.0,21.704,77.4,113.0,86.5,105.0,72.2,49.8,93.0,7.0,82.4,20.5,74.6,0.276,86.5,0.494,91.4,2.512,13.5,,,,
200,Matt Koperniak,STL,LF,25.0,25.64,36.2,419,,,,,72.2,77.7,33.5,33.0,71.8,76.8,52.6,56.9,72.0,81.2,,,,,-19.4,88.7,30.905,37.9,86.42,75.8,20.366,82.3,108.2,33.0,101.3,21.1,32.5,24.8,3.1,34.9,12.4,24.8,0.25,67.7,0.371,47.2,5.126,56.3,,,,
201,Max Schuemann,ATH,LF,26.0,26.303,16.5,418,,,,,76.3,84.1,35.7,34.9,48.2,46.3,42.0,32.4,62.2,68.2,,,,,-26.0,69.3,21.086,94.5,82.962,53.2,24.313,66.7,107.8,27.7,102.6,41.9,36.8,48.6,3.6,42.0,10.0,11.6,0.233,43.1,0.355,37.9,7.205,87.8,,,,
202,Andre Lipcius,CHW,2B,25.0,25.358,45.0,418,,,,,67.5,72.8,36.5,35.8,50.8,50.8,43.6,36.1,59.2,64.5,,,,,-22.6,82.3,30.55,39.8,82.042,44.6,23.095,72.2,106.5,15.0,100.2,9.2,30.3,16.2,3.8,45.7,17.2,54.6,0.244,57.0,0.382,54.0,2.969,19.6,,,,
203,Abraham Toro,0,1B,26.0,26.776,4.0,413,,,,,80.1,87.3,46.7,46.3,65.9,71.6,56.3,63.3,73.0,82.9,,,,,-22.9,80.9,24.496,81.0,85.924,71.6,21.782,76.8,109.1,45.1,102.3,36.4,33.4,30.6,4.1,48.6,17.2,54.6,0.246,60.2,0.377,50.3,4.802,48.3,,,,
204,Tanner Morris,0,SS,26.0,26.045,25.2,409,,,,,81.6,89.3,16.6,7.3,69.7,74.9,43.2,34.9,75.6,87.9,,,,,-24.9,74.6,22.803,88.4,87.8,84.4,19.126,88.7,104.2,5.0,99.3,5.4,27.1,8.7,2.2,22.3,11.3,17.4,0.242,55.0,0.339,26.3,1.791,6.7,,,,
205,Yonny Hernández,NYM,SS,25.0,25.407,42.8,398,,,,,84.9,93.9,13.1,3.7,48.6,46.9,30.8,13.9,66.8,73.2,,,,,-22.2,83.3,22.382,90.5,85.714,70.0,20.891,80.7,109.1,45.1,98.2,4.0,18.5,1.2,0.5,4.1,11.7,19.4,0.221,27.2,0.287,6.7,5.884,72.5,,,,
206,Ronaldo Hernández,BOS,C,25.0,25.884,29.4,392,,,,,57.0,59.8,76.0,80.7,62.2,67.6,69.1,84.9,59.6,65.0,,,,,-25.0,73.7,32.111,32.4,85.584,69.4,26.628,52.0,113.5,90.5,105.1,73.9,37.5,51.8,5.9,71.4,21.2,78.1,0.242,55.0,0.417,72.5,2.829,16.5,,,,
207,Cam Devanney,PIT,SS,26.0,26.464,11.6,390,,,,,57.0,59.8,37.0,36.1,66.6,72.0,51.8,53.8,61.8,67.3,,,,,-24.6,76.1,34.436,21.7,86.892,78.3,25.066,62.1,108.0,30.4,103.0,46.8,38.1,54.3,2.8,29.8,14.9,39.8,0.242,55.0,0.368,44.8,4.416,42.2,,,,
208,Yohel Pozo,STL,C,26.0,26.294,16.8,389,,,,,65.5,69.7,41.4,40.4,81.5,88.7,61.4,73.1,73.5,83.9,,,,,-16.5,92.7,50.931,0.3,89.698,91.4,17.414,95.4,109.5,53.7,102.2,34.3,32.6,25.7,2.8,29.8,17.2,54.6,0.253,71.6,0.379,51.2,2.59,14.7,,,,
209,TJ Hopkins,0,CF,26.0,26.702,4.9,389,,,,,40.7,37.0,64.6,68.2,49.4,48.6,57.0,64.5,45.0,41.9,,,,,-34.5,44.6,29.823,46.5,78.226,19.9,32.288,22.3,111.8,77.7,104.0,59.0,47.0,87.3,4.9,58.3,15.1,41.4,0.263,78.9,0.437,81.2,3.0,19.9,,,,
210,Conner Capel,ATL,LF,26.0,26.366,14.1,387,,,,,66.6,71.4,20.2,11.3,47.0,44.6,33.6,18.3,56.8,61.0,,,,,-31.5,53.7,23.529,85.6,85.138,66.7,23.359,70.3,107.2,20.6,101.5,23.1,32.3,24.2,1.8,17.1,14.3,37.0,0.221,27.2,0.311,14.1,7.275,88.1,,,,
211,Taylor Trammell,HOU,CF,26.0,26.045,25.2,387,,,,,44.4,44.0,81.7,89.3,37.6,34.3,59.6,69.1,41.0,35.0,,,,,-37.4,37.2,26.112,71.9,79.424,26.9,32.448,21.1,112.0,80.4,105.9,82.7,45.4,83.8,7.0,82.4,22.3,81.7,0.238,48.2,0.436,80.7,4.535,44.6,,,,
212,Kyle McCann,0,C,25.0,25.826,31.2,387,,,,,26.2,17.1,66.9,70.0,28.8,22.6,47.8,44.0,27.5,16.7,,,,,-54.8,7.6,27.655,63.0,78.758,22.0,33.152,17.4,113.3,88.8,106.1,84.9,49.3,91.4,5.2,62.5,15.5,43.7,0.227,35.6,0.379,51.2,4.286,40.4,,,,
213,Juan Yepez,WSN,1B,25.0,25.61,37.5,384,,,,,52.1,55.7,43.4,42.2,55.7,55.4,49.6,47.6,53.9,57.5,,,,,-29.4,60.2,33.135,26.3,84.742,64.2,23.296,70.6,111.9,79.1,102.1,32.4,33.2,28.7,3.1,34.9,16.8,50.3,0.237,47.2,0.349,34.4,3.923,33.9,,,,
214,Tyler Nevin,0,3B,26.0,26.338,15.0,384,,,,,71.6,77.4,70.2,74.8,80.0,86.2,75.1,93.3,75.8,88.7,,,,,-24.2,78.3,28.606,54.7,85.281,67.6,21.121,80.4,109.4,51.2,104.5,66.2,44.2,79.5,7.0,82.4,11.2,17.0,0.285,92.4,0.505,95.1,5.307,61.8,,,,
215,Hunter Feduccia,TBR,C,26.0,26.319,16.2,379,,,,,77.6,85.2,49.0,49.2,47.8,45.6,48.4,45.1,62.7,69.7,,,,,-26.6,67.3,20.46,96.3,83.48,56.6,22.152,75.2,110.1,63.9,102.1,32.4,37.4,51.1,4.2,50.2,14.8,39.1,0.23,39.0,0.382,54.0,3.066,22.0,,,,
216,Luken Baker,LAD,1B,26.0,26.557,10.7,378,,,,,66.1,70.0,94.7,99.7,65.8,71.3,80.2,96.5,65.9,72.8,,,,,-25.1,72.9,27.48,63.9,80.66,35.6,26.466,52.3,113.5,90.5,106.7,89.0,50.8,94.5,10.8,98.5,24.8,89.3,0.298,96.0,0.604,99.4,1.331,3.4,,,,
217,Cade Marlowe,SEA,OF,26.0,26.267,18.5,377,,,,,38.1,34.3,66.4,69.3,56.6,57.5,61.5,73.5,47.4,46.3,,,,,-42.3,24.8,27.85,60.9,81.837,43.7,29.078,37.3,108.6,37.9,103.7,55.5,36.0,42.5,6.4,78.0,19.3,67.6,0.251,69.4,0.433,79.5,8.785,98.5,,,,
218,Chris Williams,0,C,26.0,26.85,2.1,376,,,,,27.5,19.3,62.4,65.1,11.4,6.9,36.9,23.5,19.4,7.8,,,,,-51.2,11.6,27.447,64.5,75.878,12.8,35.036,11.6,110.0,62.4,104.8,70.0,34.9,36.1,5.1,61.3,26.3,94.2,0.199,9.9,0.362,41.4,5.083,55.0,,,,
219,Tristin English,ARI,OF,26.0,26.379,13.5,370,,,,,39.2,35.9,58.7,60.9,52.5,52.9,55.6,62.4,45.8,45.0,,,,,-33.9,46.2,35.1,19.9,80.66,35.6,26.87,50.5,110.8,69.6,104.4,64.7,43.6,77.7,4.6,54.7,12.8,26.6,0.251,69.4,0.405,67.3,2.397,11.6,,,,
220,Darius Hill,0,OF,26.0,26.119,22.3,362,,,,,64.0,69.0,8.7,1.8,59.3,63.0,34.0,19.7,61.6,67.0,,,,,-22.2,83.3,34.424,22.0,85.488,69.1,21.495,78.6,105.5,7.6,99.7,6.6,23.2,5.2,0.8,5.0,11.8,20.6,0.239,49.5,0.304,12.2,5.12,56.0,,,,
221,Oscar Gonzalez,0,RF,25.0,25.719,34.3,361,,,,,22.8,12.4,77.7,82.1,59.2,62.5,68.4,83.5,41.0,35.0,,,,,-40.1,30.1,45.088,1.2,80.964,38.2,29.107,36.7,112.9,85.6,106.5,87.2,41.6,67.9,6.4,78.0,15.9,45.6,0.267,80.3,0.429,78.0,5.225,59.3,,,,
222,Nate Eaton,BOS,OF,26.0,26.771,4.3,361,,,,,29.6,23.1,60.4,63.5,38.0,35.0,49.2,46.3,33.8,25.7,,,,,-39.2,33.2,37.845,13.5,79.398,26.6,27.917,45.0,109.1,45.1,103.3,51.4,32.0,22.3,5.8,69.1,20.4,73.5,0.239,49.5,0.393,59.5,6.539,78.0,,,,
223,Connor Kaiser,ARI,SS,26.0,26.858,1.8,360,,,,,39.8,36.4,27.4,21.7,11.8,7.8,19.6,3.1,25.8,15.0,,,,,-38.0,35.8,27.432,64.8,77.124,16.8,34.894,12.5,109.2,48.0,100.9,15.3,32.1,23.2,2.8,29.8,16.0,46.3,0.193,6.7,0.29,7.0,8.253,96.6,,,,
224,Justin Dirden,0,RF,26.0,26.207,19.9,357,,,,,15.7,8.0,47.5,47.7,10.4,5.2,29.0,12.2,13.0,4.1,,,,,-50.5,12.5,33.202,25.7,74.454,9.2,36.338,8.9,108.0,30.4,103.2,50.3,33.3,29.7,5.6,66.7,13.9,34.7,0.201,11.5,0.346,32.3,5.312,62.7,,,,
225,José Barrero,BAL,SS,25.0,25.487,41.9,334,,,,,12.1,5.2,68.7,72.5,35.7,31.7,52.2,55.4,23.9,12.7,,,,,-56.2,6.7,36.289,16.2,83.333,55.5,32.93,19.3,107.8,27.7,103.7,55.5,35.2,38.2,7.2,84.7,30.1,98.2,0.211,15.9,0.417,72.5,8.637,98.2,,,,
226,David Villar,0,1B,26.0,26.672,5.8,334,,,,,42.5,39.6,68.2,71.7,36.0,32.1,52.1,54.7,39.2,32.0,,,,,-40.0,30.7,26.81,67.6,79.156,23.9,30.017,34.3,108.1,31.8,103.0,46.8,36.2,44.3,7.2,84.7,23.6,85.0,0.238,48.2,0.437,81.2,4.163,37.6,,,,
227,Dominic Fletcher,0,RF,26.0,26.075,23.5,332,,,,,68.8,74.3,62.7,65.7,78.5,82.9,70.6,86.9,73.6,84.4,,,,,-24.7,75.8,29.255,49.8,86.181,74.6,21.359,79.7,109.2,48.0,102.6,41.9,39.9,61.8,6.6,79.7,11.8,20.6,0.27,82.4,0.455,85.0,7.057,85.3,,,,
228,Trevor Larnach,MIN,LF,26.0,26.59,9.3,322,,,,,45.3,45.1,80.6,87.6,29.4,23.5,55.0,60.7,37.3,29.5,,,,,-40.8,28.7,23.188,86.5,79.896,29.4,31.843,24.8,110.9,70.6,106.1,84.9,40.6,65.0,7.8,89.8,18.9,66.4,0.222,29.5,0.424,76.0,3.868,33.0,,,,
229,Jake Alu,0,3B,26.0,26.483,11.3,321,,,,,71.0,76.1,40.3,38.2,89.4,95.9,64.8,79.2,80.2,90.2,,,,,-19.6,88.1,33.088,26.6,90.584,93.6,17.448,95.0,109.1,45.1,101.3,21.1,35.2,38.2,3.1,34.9,14.3,37.0,0.273,85.3,0.402,64.4,5.946,72.8,,,,
230,Sam Huff,SFG,C,25.0,25.708,34.9,319,,,,,37.3,32.9,84.8,93.4,61.7,66.7,73.2,90.5,49.5,51.1,,,,,-35.8,40.1,31.121,36.4,81.675,42.5,30.354,31.8,112.9,85.6,108.5,97.2,47.4,88.4,8.2,91.9,11.7,19.4,0.269,80.9,0.498,93.3,1.312,3.1,,,,
231,Carlos Pérez,0,LF,26.0,26.33,15.6,311,,,,,69.3,74.6,28.7,23.7,72.2,77.4,50.4,49.7,70.8,79.7,,,,,-20.6,85.9,33.932,22.9,93.044,98.5,14.466,97.6,108.4,35.8,100.6,13.3,29.8,14.7,1.9,19.0,24.2,87.3,0.235,46.0,0.335,24.3,0.0,0.5,,,,
232,Luke Berryhill,0,C,25.0,25.342,45.7,307,,,,,36.6,31.5,57.7,58.6,10.7,5.8,34.2,20.5,23.6,12.2,,,,,-49.9,13.1,20.253,96.9,72.222,5.5,38.506,4.9,108.8,40.8,105.7,81.2,41.8,68.7,5.9,71.4,11.0,15.0,0.211,15.9,0.373,48.5,6.712,79.5,,,,
233,Matt Wallner,MIN,RF,25.0,25.799,31.8,304,,,,,26.0,16.7,88.8,96.0,34.2,29.2,61.5,73.5,30.1,21.4,,,,,-44.7,20.2,29.624,48.3,74.868,10.1,37.056,7.3,115.6,97.9,108.5,97.2,50.9,94.8,6.9,81.2,25.4,91.1,0.245,58.3,0.456,85.6,4.158,37.3,,,,
234,Elijah Dunham,0,OF,25.0,25.339,46.2,303,,,,,34.7,28.7,44.0,43.1,13.3,9.3,28.6,11.3,24.0,13.3,,,,,-44.5,20.5,26.872,67.3,77.926,19.0,32.365,21.4,110.8,69.6,103.5,53.2,33.1,28.3,3.3,38.2,18.6,65.1,0.195,7.6,0.308,13.8,5.65,68.5,,,,
235,Dominic Canzone,SEA,DH,26.0,26.122,22.0,302,,,,,70.0,75.2,81.8,89.6,81.4,88.4,81.6,98.2,75.7,88.4,,,,,-13.8,94.3,35.211,19.6,85.616,69.7,19.923,85.0,113.0,86.5,105.1,73.9,44.4,80.7,7.3,86.5,16.1,46.9,0.287,93.0,0.502,94.3,4.479,43.7,,,,
236,Anthony Prato,PIT,SS,25.0,25.388,43.9,299,,,,,77.9,85.8,48.8,48.9,49.4,48.6,49.1,45.9,63.6,70.3,,,,,-26.5,67.6,19.452,98.2,82.111,45.6,22.899,73.1,106.1,11.3,101.8,27.4,37.0,49.4,6.0,74.0,12.1,22.2,0.241,53.1,0.409,69.3,5.291,61.2,,,,
237,John Rave,KCR,RF,25.0,25.749,33.0,293,,,,,41.0,37.8,21.0,13.1,28.1,21.1,24.6,6.7,34.6,26.9,,,,,-45.8,17.6,24.457,82.0,81.761,43.4,28.953,38.2,108.2,33.0,101.7,25.4,36.6,46.5,1.4,8.9,17.8,58.9,0.205,12.8,0.296,9.3,3.779,31.2,,,,
238,Bubba Thompson,0,OF,25.0,25.309,47.2,293,,,,,34.1,28.1,13.6,4.6,21.7,13.8,17.6,2.8,27.9,17.7,,,,,-37.8,36.1,31.699,34.9,79.726,28.7,30.948,28.1,106.1,11.3,100.6,13.3,25.7,7.6,1.7,14.8,12.4,24.8,0.21,14.7,0.293,8.0,7.62,91.4,,,,
239,Kyle Stowers,MIA,1B,25.0,25.741,33.3,281,,,,,28.8,21.3,84.8,93.4,35.6,31.2,60.2,69.7,32.2,24.5,,,,,-39.8,31.5,31.181,36.1,77.562,18.0,35.42,11.0,111.6,76.3,106.4,86.5,57.2,98.8,9.6,96.6,15.5,43.7,0.241,53.1,0.483,90.5,3.942,34.3,,,,
240,Ford Proctor,0,SS,26.0,26.82,2.4,277,,,,,68.4,74.0,31.7,29.5,23.0,16.2,27.4,10.4,45.7,44.3,,,,,-26.8,66.8,23.465,85.9,80.0,30.0,27.812,45.9,107.3,22.2,102.4,38.7,37.3,50.2,3.6,42.0,11.9,21.1,0.211,15.9,0.326,20.9,3.689,29.7,,,,
241,Vidal Bruján,ATL,SS,25.0,25.637,36.7,276,,,,,67.7,73.4,23.6,16.2,55.3,55.0,39.4,27.2,61.5,66.7,,,,,-24.4,77.7,30.339,40.4,88.424,87.5,20.204,83.5,106.6,15.9,100.9,15.3,31.3,19.0,2.2,22.3,19.3,67.6,0.217,23.1,0.322,17.7,7.126,85.9,,,,
242,Austin Shenton,SEA,1B,25.0,25.687,35.5,271,,,,,45.3,45.1,51.6,52.6,16.2,10.1,33.9,19.1,30.8,23.2,,,,,-37.7,36.4,25.144,78.3,76.161,13.5,32.998,18.3,109.1,45.1,103.0,46.8,35.9,41.4,4.8,56.9,15.2,42.4,0.213,18.8,0.388,56.6,2.205,11.0,,,,
243,Chase Strumpf,CHC,3B,25.0,25.563,39.8,267,,,,,32.5,27.2,45.1,43.6,6.2,3.4,25.6,8.3,19.4,7.8,,,,,-50.9,12.2,23.81,83.5,73.077,8.0,37.376,6.7,107.8,27.7,103.7,55.5,29.7,14.2,4.1,48.6,23.4,84.6,0.187,4.3,0.336,24.9,4.235,38.5,,,,
244,Ali Sánchez,0,C,26.0,26.691,5.2,267,,,,,73.9,79.8,67.9,70.9,87.2,94.8,77.6,94.2,80.6,90.5,,,,,-21.7,84.1,30.038,44.0,88.433,87.8,17.84,93.3,110.5,67.1,104.3,63.5,44.2,79.5,6.0,74.0,13.1,27.2,0.276,86.5,0.439,82.1,1.897,7.6,,,,
245,Maverick Handley,BAL,C,25.0,25.558,40.1,261,,,,,51.9,55.4,21.4,14.1,28.6,22.3,25.0,7.0,40.2,33.6,,,,,-35.2,42.4,26.359,70.0,81.29,39.8,27.234,48.6,107.9,29.1,102.0,30.3,34.2,33.8,1.1,6.9,20.4,73.5,0.212,17.4,0.285,6.0,4.613,46.5,,,,
246,Luke Ritter,NYM,2B,26.0,26.62,7.6,260,,,,,31.4,25.2,84.9,94.0,40.8,39.0,62.8,74.9,36.1,28.4,,,,,-44.9,19.6,26.75,68.2,75.265,11.0,37.732,5.5,112.0,80.4,105.7,81.2,50.7,94.0,8.5,93.0,18.5,64.2,0.252,70.6,0.472,88.1,2.139,9.8,,,,
247,Nick Meyer,0,C,26.0,26.612,8.3,260,,,,,57.9,60.9,21.1,13.5,40.6,38.5,30.8,13.9,49.2,50.6,,,,,-31.6,53.1,27.063,66.7,84.354,61.2,25.977,56.6,107.2,20.6,101.7,25.4,25.3,7.0,1.9,19.0,14.6,38.7,0.214,19.9,0.305,12.5,4.748,48.0,,,,
248,Luis De Los Santos,NYM,3B,25.0,25.309,47.2,255,,,,,43.2,40.7,55.5,55.7,48.2,46.3,51.8,53.8,45.7,44.3,,,,,-29.9,58.1,35.636,18.7,85.172,67.0,28.189,42.5,111.8,77.7,105.4,78.0,38.9,57.0,4.7,55.5,9.3,8.4,0.222,29.5,0.358,39.8,3.959,34.9,,,,
249,Payton Henry,PHI,C,26.0,26.267,18.5,255,,,,,24.7,14.7,64.5,67.9,73.6,78.7,69.0,84.3,49.2,50.6,,,,,-41.5,27.2,40.8,5.5,87.54,81.0,27.66,47.4,109.7,58.1,105.2,75.5,38.8,56.0,5.9,71.4,12.3,23.5,0.249,66.2,0.408,68.5,1.798,7.0,,,,
250,Stephen Scott,0,OF,26.0,26.355,14.5,254,,,,,66.5,70.8,60.5,63.9,57.7,60.2,59.1,68.8,62.1,67.7,,,,,-26.4,68.0,25.142,78.6,86.149,74.3,27.972,44.6,109.0,43.4,105.3,76.6,45.2,83.3,5.5,65.3,13.3,29.2,0.232,41.1,0.407,68.0,3.947,34.6,,,,
251,Joey Bart,PIT,C,26.0,26.79,3.4,244,,,,,43.2,40.7,60.4,63.5,48.8,47.4,54.6,60.1,46.0,45.3,,,,,-44.3,21.1,25.981,73.1,82.812,51.7,26.329,53.5,112.8,84.6,104.5,66.2,40.9,65.9,4.1,48.6,19.4,68.8,0.235,46.0,0.379,51.2,2.961,19.0,,,,
252,Rodolfo Durán,SDP,C,25.0,25.61,37.5,240,,,,,41.1,38.2,70.3,75.4,61.2,66.4,65.8,79.8,51.2,53.1,,,,,-35.0,43.1,32.252,30.9,83.624,57.5,26.824,51.2,112.1,81.5,105.4,78.0,39.5,60.1,5.0,59.6,22.8,83.2,0.248,64.8,0.404,66.2,3.052,21.7,,,,
253,Tucker Bradley,0,OF,25.0,25.402,43.1,238,,,,,58.8,61.8,25.0,17.7,31.4,26.0,28.2,10.7,45.1,42.2,,,,,-29.7,59.2,28.33,58.1,80.727,36.7,25.822,58.7,107.4,23.9,101.1,18.3,34.9,36.1,2.9,31.8,11.0,15.0,0.22,26.0,0.336,24.9,7.034,84.7,,,,
254,Logan Davidson,LAA,1B,25.0,25.76,32.7,230,,,,,45.6,45.6,46.3,45.3,60.8,65.7,53.6,58.6,53.2,56.6,,,,,-34.3,45.3,30.197,42.5,86.411,75.5,26.824,51.2,110.6,67.7,105.5,79.4,42.0,70.9,3.5,40.2,9.4,9.0,0.235,46.0,0.341,27.8,4.552,45.6,,,,
255,Grae Kessinger,0,3B,26.0,26.097,23.2,229,,,,,75.8,83.3,49.4,49.5,70.0,75.5,59.7,69.4,72.9,82.6,,,,,-24.1,78.7,26.68,68.8,86.029,72.3,21.376,79.2,108.9,42.2,102.9,45.0,35.2,38.2,3.5,40.2,24.7,89.0,0.25,67.7,0.385,56.0,3.272,23.9,,,,
256,Drew Millas,WSN,C,25.0,25.706,35.2,227,,,,,81.1,89.0,20.4,12.4,83.9,90.5,52.2,55.4,82.5,93.4,,,,,-17.5,91.4,28.081,59.6,92.704,97.2,19.355,87.5,106.5,15.0,101.0,17.1,27.4,10.1,1.8,17.1,13.4,31.0,0.252,70.6,0.342,28.6,5.634,68.2,,,,
257,Nick Dunn,PHI,3B,26.0,26.667,6.1,225,,,,,90.3,97.1,21.2,13.8,85.6,92.4,53.4,58.1,87.9,96.5,,,,,-9.0,97.6,26.033,72.8,90.732,93.9,13.293,98.5,109.0,43.4,101.8,27.4,36.1,43.4,1.3,7.6,9.6,9.6,0.261,77.4,0.339,26.3,1.364,4.0,,,,
258,Lorenzo Cedrola,0,CF,25.0,25.714,34.6,225,,,,,71.4,76.6,28.3,22.9,58.2,62.1,43.2,34.9,64.8,71.6,,,,,-12.9,95.1,33.195,26.0,85.771,70.3,21.308,80.1,108.1,31.8,100.3,10.6,28.6,12.7,3.1,34.9,13.9,34.7,0.235,46.0,0.339,26.3,7.805,94.2,,,,
259,Jared Triolo,PIT,SS,25.0,25.64,36.2,225,,,,,48.8,49.2,20.9,12.8,42.0,40.2,31.4,15.1,45.4,43.6,,,,,-36.5,39.1,25.147,78.0,80.169,30.9,30.685,29.4,106.8,17.3,100.2,9.2,38.9,57.0,1.8,17.1,15.1,41.4,0.241,53.1,0.344,30.9,7.521,90.8,,,,
260,Troy Johnston,MIA,RF,26.0,26.272,18.0,224,,,,,41.8,38.8,38.9,37.0,76.2,81.7,57.6,65.9,59.0,64.2,,,,,-30.3,57.0,39.525,7.3,83.594,57.2,26.196,55.7,108.3,34.4,100.3,10.6,35.9,41.4,2.7,28.1,20.0,72.6,0.295,95.3,0.41,70.3,5.55,66.1,,,,
261,Shayne Fontana,0,CF,26.0,26.275,17.7,222,,,,,60.4,64.5,46.5,45.9,74.2,79.7,60.4,70.2,67.3,74.3,,,,,-27.1,65.6,30.469,40.1,86.134,74.0,21.574,77.7,108.4,35.8,104.4,64.7,43.2,75.8,3.6,42.0,17.2,54.6,0.257,74.3,0.366,43.0,6.944,83.8,,,,
262,Jake McCarthy,ARI,CF,26.0,26.168,21.1,221,,,,,86.7,95.1,58.4,60.2,93.6,97.2,76.0,93.6,90.2,97.9,,,,,-18.5,90.7,25.831,74.6,88.693,89.3,17.448,95.0,108.6,37.9,102.1,32.4,31.0,18.2,6.3,76.3,11.7,19.4,0.303,97.9,0.469,87.2,7.679,92.0,,,,
263,LJ Talley,0,2B,26.0,26.398,12.5,220,,,,,74.9,82.3,14.1,4.9,40.3,37.9,27.2,10.1,57.6,61.9,,,,,-24.5,76.8,24.758,79.8,83.966,59.8,24.932,62.7,107.3,22.2,100.3,10.6,24.8,6.6,1.4,8.9,13.8,33.6,0.215,20.8,0.297,9.8,4.958,53.5,,,,
264,Zach Humphreys,LAA,C,25.0,25.974,26.8,220,,,,,59.7,63.3,14.6,6.0,36.6,32.9,25.6,8.3,48.2,48.2,,,,,-34.6,44.0,24.431,82.6,85.417,68.2,24.581,64.5,107.5,24.9,100.6,13.3,30.9,17.4,1.8,17.1,11.1,16.1,0.188,4.9,0.258,2.1,4.855,49.5,,,,
265,Ryan Kreidler,MIN,SS,25.0,25.881,29.7,209,,,,,46.2,46.2,56.0,56.9,32.0,26.9,44.0,37.6,39.1,31.3,,,,,-37.4,37.2,25.67,75.5,81.008,38.8,31.904,24.5,109.4,51.2,101.0,17.1,32.0,22.3,6.2,75.5,18.5,64.2,0.219,25.2,0.389,57.0,4.847,49.2,,,,
266,Grant Koch,0,C,26.0,26.648,6.7,209,,,,,26.7,17.9,30.8,26.8,28.3,21.4,29.6,13.1,27.5,16.7,,,,,-45.5,18.5,32.85,27.5,80.52,34.6,27.793,46.2,107.1,19.6,101.3,21.1,33.3,29.7,3.3,38.2,19.3,67.6,0.216,22.0,0.322,17.7,2.874,17.1,,,,
267,Brandon Lockridge,MIL,LF,26.0,26.546,11.0,208,,,,,29.4,22.2,19.7,11.0,60.9,66.1,40.3,28.7,45.2,42.5,,,,,-39.4,32.7,33.718,23.5,85.774,70.6,30.649,30.0,109.5,53.7,101.9,28.7,43.5,77.4,1.0,6.3,8.1,5.8,0.24,51.2,0.307,13.1,7.158,86.9,,,,
268,Willie MacIver,ATH,C,26.0,26.921,0.3,199,,,,,42.5,39.6,26.7,21.1,26.8,18.8,26.8,9.8,34.6,26.9,,,,,-38.1,35.3,25.835,74.3,77.099,16.5,34.656,12.8,109.4,51.2,104.0,59.0,36.1,43.4,0.5,4.1,13.8,33.6,0.228,37.0,0.307,13.1,7.335,88.4,,,,
269,Justin Dean,LAD,CF,26.0,26.815,3.1,199,,,,,37.5,33.3,23.3,15.6,3.5,0.6,13.4,1.8,20.5,8.9,,,,,-51.3,11.2,20.087,97.2,72.266,5.8,34.483,13.5,103.9,4.3,100.7,14.1,32.0,22.3,4.5,53.8,4.1,1.5,0.169,1.2,0.282,5.5,7.145,86.2,,,,
270,Dérmis Garcia,0,3B,25.0,25.728,33.6,198,,,,,22.6,11.9,75.9,80.4,21.0,12.8,48.4,45.1,21.8,9.8,,,,,-52.5,9.8,28.329,58.4,72.152,4.9,42.938,0.9,113.0,86.5,107.3,92.7,42.6,72.8,5.6,66.7,21.1,77.5,0.228,37.0,0.405,67.3,5.226,59.6,,,,
271,Joe Rizzo,0,3B,25.0,25.5,41.3,191,,,,,46.7,47.2,49.6,50.3,55.8,55.7,52.7,57.2,51.2,53.1,,,,,-33.9,46.2,31.874,33.9,82.083,45.3,24.259,67.3,109.6,56.1,101.8,27.4,35.1,37.2,4.2,50.2,17.2,54.6,0.249,66.2,0.395,60.4,1.828,7.3,,,,
272,Brandon McIlwain,0,OF,25.0,25.333,46.5,189,,,,,44.9,44.6,34.3,33.6,33.5,28.4,33.9,19.1,39.2,32.0,,,,,-30.6,55.7,31.858,34.3,83.333,55.5,30.055,33.9,109.5,53.7,104.5,66.2,37.9,53.5,2.6,27.4,10.5,13.1,0.201,11.5,0.303,11.8,5.425,63.6,,,,
273,Greg Jones,HOU,LF,25.0,25.566,39.4,188,,,,,5.6,0.9,57.8,59.2,6.1,2.9,32.0,16.5,5.8,1.5,,,,,-69.6,1.8,36.449,15.3,71.171,3.7,45.767,0.3,110.6,67.7,106.3,86.1,47.4,88.4,5.9,71.4,10.2,11.9,0.196,8.4,0.332,23.2,7.401,89.0,,,,
274,Nolan Jones,CLE,RF,25.0,25.399,43.4,187,,,,,71.4,76.6,91.1,96.9,84.4,90.8,87.8,99.7,77.9,89.3,,,,,-28.4,63.0,22.622,89.9,88.304,86.5,24.46,64.8,114.4,95.4,108.2,96.2,43.9,78.6,9.1,95.6,16.8,50.3,0.27,82.4,0.516,95.4,6.993,84.4,,,,
275,Josh Bissonette,0,2B,26.0,26.91,0.6,180,,,,,72.6,78.0,2.4,0.3,23.2,16.5,12.8,1.5,47.9,47.7,,,,,-26.1,68.8,24.292,82.9,79.188,24.5,24.333,66.4,103.0,2.6,97.2,1.2,24.8,6.6,0.0,1.8,7.9,5.4,0.216,22.0,0.262,2.9,3.087,22.3,,,,
276,Jose Miranda,MIN,3B,25.0,25.254,48.9,180,,,,,64.0,69.0,46.4,45.6,79.9,85.8,63.2,75.8,72.0,81.2,,,,,-24.4,77.7,32.152,31.8,91.133,95.1,21.515,78.3,109.3,49.8,103.3,51.4,38.1,54.3,4.4,52.9,9.0,7.8,0.248,64.8,0.37,46.8,5.129,56.6,,,,
277,Andruw Monasterio,MIL,SS,26.0,26.335,15.3,178,,,,,93.7,98.3,43.7,42.5,78.8,83.3,61.2,72.5,86.2,95.7,,,,,-14.6,93.6,20.716,95.7,88.83,89.9,18.587,91.1,106.2,12.1,102.2,34.3,45.1,82.9,3.9,46.9,18.4,63.5,0.25,67.7,0.4,63.6,5.064,54.7,,,,
278,Yorman Rodriguez,0,1B,26.0,26.188,20.2,177,,,,,63.6,68.2,32.9,32.1,70.1,75.8,51.5,52.9,66.8,73.2,,,,,-19.8,87.2,39.255,8.6,86.813,77.4,19.436,87.2,111.4,74.6,102.2,34.3,28.2,12.2,2.3,23.9,11.2,17.0,0.247,62.7,0.325,19.7,6.033,74.3,,,,
279,Trevor Boone,COL,OF,26.0,26.056,24.6,175,,,,,7.0,2.4,71.2,77.1,3.6,0.9,37.4,24.2,5.3,1.2,,,,,-70.9,0.6,34.439,21.4,66.956,1.5,42.192,1.5,115.3,97.6,106.5,87.2,51.8,96.0,5.7,67.9,22.9,83.5,0.191,5.8,0.348,33.9,5.525,65.4,,,,
280,Nick Maton,0,SS,26.0,26.612,8.3,174,,,,,59.9,63.6,54.7,55.0,32.5,27.2,43.6,36.1,46.2,45.6,,,,,-27.1,65.6,28.878,52.3,79.204,25.1,25.937,57.2,107.4,23.9,101.5,23.1,35.8,40.7,5.7,67.9,29.0,97.1,0.231,39.9,0.403,65.1,5.611,67.3,,,,
281,Colton Welker,0,3B,25.0,25.974,26.8,170,,,,,74.6,81.3,30.8,26.8,46.7,44.3,38.8,25.8,60.6,66.1,,,,,-24.8,75.4,25.641,75.8,82.682,50.3,23.183,70.9,107.6,26.0,102.1,32.4,30.3,16.2,2.9,31.8,9.0,7.8,0.233,43.1,0.366,43.0,3.033,20.5,,,,
282,Blake Rutherford,0,LF,26.0,26.412,11.9,170,,,,,37.1,32.1,45.3,44.2,65.2,70.6,55.2,61.6,51.2,53.1,,,,,-26.4,68.0,45.531,0.9,81.188,39.1,33.973,14.1,108.8,40.8,103.4,52.3,41.0,66.4,2.9,31.8,12.3,23.5,0.284,91.3,0.426,77.2,5.47,64.5,,,,
283,Daniel Cope,COL,C,26.0,26.292,17.1,167,,,,,25.2,15.3,47.7,48.3,35.1,30.6,41.4,31.3,30.2,21.9,,,,,-43.0,23.4,30.245,42.2,68.229,2.4,39.604,4.0,108.0,30.4,101.9,28.7,40.4,64.2,6.0,74.0,11.1,16.1,0.25,67.7,0.376,49.5,1.362,3.7,,,,
284,René Pinto,TOR,C,26.0,26.908,0.9,160,,,,,13.6,6.1,84.5,93.0,21.6,13.5,53.0,57.8,17.6,6.7,,,,,-51.1,11.9,37.391,14.4,72.581,6.1,33.333,16.8,110.1,63.9,107.5,93.6,48.0,89.4,8.8,94.2,19.6,70.8,0.228,37.0,0.447,83.5,3.847,32.4,,,,
285,Carter Kieboom,0,3B,26.0,26.073,23.9,160,,,,,72.8,78.4,64.9,68.5,73.6,78.7,69.2,85.3,73.2,83.2,,,,,-29.3,61.2,22.192,91.7,88.623,89.0,22.581,73.7,110.4,66.7,103.9,57.6,39.6,60.9,5.6,66.7,17.9,60.2,0.245,58.3,0.409,69.3,4.042,35.5,,,,
286,Orlando Martinez,HOU,OF,25.0,25.615,37.0,159,,,,,51.4,54.7,31.4,28.3,57.2,59.5,44.3,38.5,54.3,58.1,,,,,-29.6,59.6,32.123,32.1,84.832,64.8,25.597,59.9,106.8,17.3,102.5,40.4,33.6,30.9,2.5,26.5,17.5,57.5,0.239,49.5,0.344,30.9,3.522,27.5,,,,
287,Brendon Davis,0,SS,26.0,26.174,20.8,156,,,,,26.9,19.0,32.7,31.5,18.8,11.3,25.8,9.0,22.8,10.7,,,,,-48.7,14.7,28.496,55.7,80.571,35.2,33.922,14.4,106.7,16.5,102.3,36.4,31.8,20.9,3.2,36.9,25.0,90.1,0.178,2.4,0.291,7.3,2.908,17.7,,,,
288,DaShawn Keirsey Jr.,MIN,CF,26.0,26.382,13.1,150,,,,,51.7,55.0,24.8,17.4,38.0,35.0,31.4,15.1,44.8,41.6,,,,,-29.4,60.2,29.825,46.2,80.208,31.3,28.912,38.8,108.3,34.4,102.0,30.3,33.0,27.7,2.7,28.1,7.1,4.4,0.234,44.8,0.319,16.2,8.036,95.7,,,,
289,Joe Suozzi,0,OF,25.0,25.585,38.5,146,,,,,51.2,54.4,17.1,8.3,45.8,43.3,31.4,15.1,48.5,48.9,,,,,-34.9,43.6,26.198,70.9,80.402,33.2,28.47,40.4,105.5,7.6,100.5,12.4,35.5,40.1,2.1,20.8,3.2,0.9,0.245,58.3,0.344,30.9,6.295,75.8,,,,
290,Brett Harris,ATH,3B,25.0,25.268,48.3,142,,,,,63.1,67.3,41.2,39.8,86.5,94.2,63.8,77.4,74.8,85.9,,,,,-31.0,54.4,27.458,64.2,92.398,96.9,20.238,83.2,109.7,58.1,103.2,50.3,40.0,62.5,2.8,29.8,13.3,29.2,0.259,76.1,0.368,44.8,5.029,54.4,,,,
291,Mickey Moniak,COL,LF,25.0,25.383,44.3,140,,,,,18.7,10.1,84.1,92.4,72.7,78.0,78.4,95.1,45.7,44.3,,,,,-45.0,19.3,41.638,4.0,84.615,63.0,28.618,39.4,111.1,71.9,106.8,89.9,44.2,79.5,6.4,78.0,29.2,97.7,0.27,82.4,0.498,93.3,6.925,82.9,,,,
292,Luis Urías,MIL,2B,26.0,26.324,15.9,139,,,,,48.2,48.9,57.3,57.8,29.2,22.9,43.2,34.9,38.7,30.6,,,,,-35.3,41.9,28.834,53.2,81.006,38.5,26.007,56.3,108.3,34.4,102.1,32.4,28.6,12.7,5.8,69.1,26.2,93.9,0.214,19.9,0.395,60.4,2.926,18.0,,,,
293,Chavez Young,0,CF,26.0,26.229,19.0,138,,,,,78.4,86.5,31.0,27.5,37.2,33.6,34.1,20.2,57.8,62.4,,,,,-25.3,72.0,23.099,86.9,84.066,60.6,20.454,81.7,107.9,29.1,102.5,40.4,34.1,33.0,2.9,31.8,17.2,54.6,0.208,13.9,0.301,10.9,8.793,98.8,,,,
294,JJ Bleday,ATH,LF,25.0,25.886,29.1,133,,,,,89.5,96.6,79.6,86.5,64.0,69.4,71.8,88.7,76.8,89.0,,,,,-9.7,96.8,20.558,96.0,80.435,34.3,25.381,61.5,109.2,48.0,105.1,73.9,50.5,93.6,9.0,95.1,17.4,56.4,0.29,93.6,0.536,96.3,5.826,71.3,,,,
295,Will Benson,CIN,RF,25.0,25.29,48.0,133,,,,,66.6,71.4,67.6,70.6,22.2,15.3,44.9,39.4,44.4,40.8,,,,,-28.5,62.7,17.877,99.4,80.368,32.1,31.278,26.9,113.8,92.2,106.7,89.0,40.6,65.0,5.3,63.9,28.1,95.9,0.202,12.2,0.325,19.7,8.917,100.0,,,,
296,Jacob Hurtubise,0,LF,25.0,25.802,31.5,133,,,,,97.3,100.0,17.5,8.7,96.4,99.1,57.0,64.5,96.8,100.0,,,,,0.8,99.7,21.452,93.9,90.141,93.0,15.942,96.6,102.0,0.9,95.6,0.6,12.9,0.6,0.8,5.0,12.4,24.8,0.332,99.7,0.403,65.1,5.458,64.2,,,,
297,Quincy Hamilton,0,OF,25.0,25.3,47.7,132,,,,,82.8,91.4,42.3,41.4,57.4,59.9,49.8,48.3,70.1,78.0,,,,,-19.7,87.6,27.148,66.1,89.091,90.5,16.803,96.0,109.6,56.1,104.0,59.0,37.4,51.1,2.3,23.9,23.9,86.4,0.218,24.2,0.338,25.5,3.438,26.3,,,,
298,Ben Rortvedt,LAD,C,26.0,26.012,26.0,124,,,,,44.2,43.4,45.3,44.2,41.8,39.8,43.6,36.1,43.0,38.7,,,,,-37.1,37.9,28.467,56.3,83.846,58.4,28.365,41.6,108.6,37.9,104.6,67.4,39.2,59.5,4.0,47.7,13.4,31.0,0.219,25.2,0.349,34.4,4.061,36.1,,,,
299,Christian Koss,SFG,2B,25.0,25.673,35.8,123,,,,,29.5,22.6,26.0,20.5,26.2,18.3,26.1,9.5,27.8,17.3,,,,,-38.1,35.3,40.553,6.4,79.578,28.1,26.956,49.8,109.8,59.8,102.5,40.4,30.3,16.2,1.6,12.5,12.2,22.8,0.218,24.2,0.296,9.3,5.559,66.7,,,,
300,Joseph Rosa,0,2B,26.0,26.568,10.4,121,,,,,54.4,56.9,26.9,21.4,57.0,58.6,42.0,32.4,55.7,59.3,,,,,-35.5,41.4,26.132,71.6,83.898,59.0,25.389,61.2,107.2,20.6,102.6,41.9,35.9,41.4,1.7,14.8,20.5,74.6,0.242,55.0,0.319,16.2,4.628,46.8,,,,
301,Jose Herrera,0,C,26.0,26.595,8.9,118,,,,,76.0,83.8,16.3,7.0,59.5,63.5,37.9,24.6,67.8,75.5,,,,,-21.1,84.7,27.6,63.3,91.129,94.8,22.798,73.4,109.2,48.0,97.6,2.4,27.2,9.2,1.7,14.8,11.0,15.0,0.218,24.2,0.279,5.2,3.742,30.6,,,,
302,Paul McIntosh,PHI,C,25.0,25.859,30.6,117,,,,,28.0,20.2,57.6,58.1,28.4,21.9,43.0,33.9,28.2,18.3,,,,,-43.7,21.7,29.779,46.8,77.344,17.7,33.493,15.6,110.7,68.5,104.7,68.7,44.9,82.3,5.1,61.3,10.5,13.1,0.23,39.0,0.382,54.0,1.937,8.3,,,,
303,Owen Miller,COL,2B,26.0,26.872,1.2,115,,,,,64.8,69.4,41.2,39.8,60.2,64.1,50.7,51.1,62.5,68.7,,,,,-24.4,77.7,33.333,25.4,85.271,67.3,18.483,91.7,109.2,48.0,99.6,6.0,22.5,4.0,4.3,51.7,12.4,24.8,0.241,53.1,0.389,57.0,3.023,20.2,,,,
304,Alex McKenna,0,OF,26.0,26.064,24.2,108,,,,,31.4,25.2,31.7,29.5,16.5,10.4,24.1,6.1,24.0,13.3,,,,,-55.5,7.0,24.696,80.4,79.231,25.4,32.984,18.7,106.3,12.8,104.0,59.0,36.2,44.3,3.7,44.2,6.8,3.5,0.195,7.6,0.316,15.3,3.497,27.2,,,,
305,Nick Raposo,SEA,C,25.0,25.325,46.8,108,,,,,83.7,92.7,27.5,22.2,66.6,72.0,47.0,43.1,75.2,86.7,,,,,-18.5,90.7,26.267,70.6,85.0,65.4,19.745,85.9,105.3,6.7,102.4,38.7,32.9,27.2,1.9,19.0,20.3,73.1,0.25,67.7,0.34,27.2,1.736,6.4,,,,
306,Griffin Conine,MIA,RF,26.0,26.22,19.3,91,,,,,17.8,9.5,84.0,92.0,39.2,36.7,61.6,74.0,28.5,18.7,,,,,-67.1,2.4,29.231,50.2,71.538,4.0,36.898,7.6,112.3,82.3,106.7,89.0,46.8,86.7,8.8,94.2,17.0,52.0,0.257,74.3,0.432,78.9,5.665,69.1,,,,
307,Brady Lindsly,WSN,C,25.0,25.577,38.8,81,,,,,20.2,10.7,20.3,11.8,38.2,35.5,29.2,12.8,29.2,20.0,,,,,-60.6,4.3,33.498,24.8,86.316,74.9,26.38,53.2,103.8,3.7,97.4,2.1,22.2,3.7,2.5,26.5,26.1,93.4,0.175,1.5,0.265,3.4,3.672,29.4,,,,
308,Frankie Tostado,0,RF,25.0,25.5,41.3,80,,,,,73.0,78.9,36.0,35.5,35.2,30.9,35.6,22.0,54.1,57.8,,,,,-17.6,91.1,29.946,45.0,79.091,23.5,23.494,69.7,105.7,8.7,102.6,41.9,44.3,80.3,3.8,45.7,11.5,18.2,0.236,46.8,0.369,46.0,5.363,63.0,,,,
309,Khalil Lee,0,CF,25.0,25.262,48.6,76,,,,,44.2,43.4,51.5,52.3,11.4,6.9,31.4,15.1,27.8,17.3,,,,,-31.6,53.1,30.114,42.8,78.35,20.8,32.0,23.9,111.2,72.8,108.2,96.2,45.8,85.6,3.9,46.9,14.3,37.0,0.176,2.0,0.295,8.7,4.877,50.2,,,,
310,Logan Driscoll,TBR,C,25.0,25.906,28.1,76,,,,,26.0,16.7,31.3,27.8,26.9,19.3,29.1,12.5,26.4,15.9,,,,,-43.4,22.0,30.303,41.4,80.723,36.4,34.586,13.1,103.5,3.1,99.6,6.0,22.9,4.6,3.9,46.9,27.1,95.0,0.212,17.4,0.324,18.8,3.183,22.9,,,,
311,Matt Kroon,0,3B,26.0,26.817,2.8,75,,,,,61.6,66.1,84.9,94.0,63.5,68.8,74.2,91.1,62.6,69.3,,,,,-25.3,72.0,28.395,57.2,83.099,54.4,28.205,42.2,111.7,76.8,107.1,91.7,36.7,47.6,8.0,91.0,18.0,61.5,0.254,72.6,0.466,86.5,6.637,78.6,,,,
312,Alex Kirilloff,0,RF,25.0,25.889,28.6,73,,,,,60.6,64.8,74.7,79.4,74.4,80.3,74.6,91.9,67.5,74.9,,,,,-27.4,63.3,29.775,47.1,82.353,48.8,22.464,74.3,105.5,7.6,103.7,55.5,48.1,89.9,12.3,99.1,24.6,88.4,0.333,100.0,0.644,99.7,4.045,35.8,,,,
313,Ross Adolph,0,OF,26.0,26.784,3.7,72,,,,,14.9,7.0,70.8,76.1,17.0,11.0,43.9,37.3,16.0,5.2,,,,,-75.1,0.3,29.412,48.9,66.667,0.9,45.528,0.6,108.9,42.2,107.5,93.6,71.0,100.0,6.9,81.2,12.5,25.8,0.225,33.2,0.432,78.9,0.621,1.2,,,,
314,Nick Madrigal,NYM,3B,26.0,26.571,10.1,70,,,,,83.5,92.4,12.2,3.1,98.3,100.0,55.2,61.6,90.9,98.5,,,,,-8.6,97.9,29.518,48.6,100.0,100.0,9.524,100.0,103.0,2.6,100.4,11.8,26.9,8.3,0.0,1.8,11.5,18.2,0.3,96.6,0.353,36.1,5.143,57.5,,,,
315,Jameson Hannah,0,OF,26.0,26.138,21.7,69,,,,,83.9,93.0,22.0,15.0,95.9,98.8,59.0,68.3,89.9,97.6,,,,,-20.2,86.4,26.19,71.3,93.976,99.4,16.379,96.3,106.3,12.8,102.9,45.0,34.0,32.3,1.4,8.9,3.9,1.2,0.285,92.4,0.365,42.2,4.863,49.8,,,,
316,Terrin Vavra,0,2B,26.0,26.385,12.8,68,,,,,42.7,40.1,52.2,52.9,55.0,54.7,53.6,58.6,48.8,50.0,,,,,-33.8,46.9,30.952,37.6,75.248,10.7,28.571,39.9,106.9,18.0,101.4,22.5,32.0,22.3,5.9,71.4,12.0,21.6,0.322,99.4,0.475,89.6,7.051,85.0,,,,
317,Travis Swaggerty,0,OF,26.0,26.114,22.6,67,,,,,18.2,9.8,29.0,24.8,11.5,7.3,20.2,3.8,14.8,4.6,,,,,-49.3,13.9,32.168,31.3,75.949,13.1,36.0,9.5,108.3,34.4,105.1,73.9,27.5,10.4,1.5,10.6,17.0,52.0,0.199,9.9,0.278,4.6,8.625,97.6,,,,
318,Cobie Fletcher-Vance,0,SS,26.0,26.1,22.9,66,,,,,50.5,53.5,17.6,9.2,49.6,49.2,33.6,18.3,50.0,52.0,,,,,-28.8,62.2,29.71,47.4,81.707,42.8,31.707,25.7,104.2,5.0,103.0,46.8,31.0,18.2,1.5,10.6,7.1,4.4,0.243,56.4,0.326,20.9,1.08,2.6,,,,
319,Matt Gorski,LAD,1B,25.0,25.771,32.4,65,,,,,28.8,21.3,69.4,73.1,12.0,8.3,40.7,30.3,20.4,8.6,,,,,-37.0,38.2,35.417,19.0,77.778,18.3,32.52,20.2,110.1,63.9,106.6,88.1,27.3,9.6,7.7,88.7,15.9,45.6,0.191,5.8,0.351,35.2,6.812,80.7,,,,
320,Eric Yang,CIN,C,25.0,25.514,40.4,65,,,,,23.9,14.4,35.4,34.6,82.4,89.6,58.9,67.9,53.2,56.6,,,,,-46.2,16.8,35.897,17.7,87.654,82.3,26.829,50.8,103.7,3.4,100.3,10.6,38.6,55.2,3.1,34.9,25.0,90.1,0.27,82.4,0.391,58.3,0.708,1.5,,,,
321,Yorvis Torrealba,0,OF,26.0,26.212,19.6,63,,,,,40.8,37.3,20.4,12.4,50.0,49.5,35.2,21.4,45.4,43.6,,,,,-34.9,43.6,32.168,31.3,80.769,37.3,27.333,48.3,107.0,18.8,102.3,36.4,45.5,84.1,1.6,12.5,13.3,29.2,0.247,62.7,0.32,16.8,5.214,58.9,,,,
322,Ryan McKenna,0,CF,26.0,26.623,7.3,61,,,,,28.5,20.8,30.6,26.3,10.0,4.9,20.3,4.3,19.2,7.3,,,,,-59.0,4.9,25.203,77.7,76.812,15.6,34.0,13.8,106.5,15.0,103.7,55.5,41.2,67.1,3.3,38.2,5.9,2.9,0.187,4.3,0.33,22.2,8.847,99.1,,,,
323,Ryan Mountcastle,BAL,1B,26.0,26.612,8.3,58,,,,,12.2,5.5,69.8,74.2,29.8,24.2,49.8,48.3,21.0,9.2,,,,,-51.7,10.1,41.228,4.6,73.75,8.3,30.709,28.7,112.4,82.9,104.9,71.3,55.6,97.9,5.2,62.5,18.9,66.4,0.24,51.2,0.413,71.7,1.601,5.8,,,,
324,Brenton Doyle,COL,CF,25.0,25.38,44.6,56,,,,,14.1,6.7,89.8,96.3,46.6,44.0,68.2,83.2,30.4,22.3,,,,,-53.5,8.9,32.353,29.7,67.164,1.8,39.64,3.7,112.8,84.6,109.1,98.3,57.1,98.5,12.5,99.4,13.3,29.2,0.284,91.3,0.649,100.0,4.531,44.3,,,,
325,Anthony Mulrine,0,C,25.0,25.503,40.7,56,,,,,49.4,50.9,13.5,4.3,8.8,4.3,11.2,1.2,29.1,19.6,,,,,-33.9,46.2,29.0,51.7,75.758,11.9,26.316,53.8,107.4,23.9,99.3,5.4,17.6,0.9,0.0,1.8,20.6,75.7,0.191,5.8,0.23,1.2,2.196,10.6,,,,
326,Trevor Schwecke,0,SS,25.0,25.782,32.1,55,,,,,6.8,1.8,20.3,11.8,11.1,6.1,15.7,2.1,9.0,2.4,,,,,-65.5,2.8,44.248,1.8,78.261,20.2,31.933,24.2,105.8,9.5,96.8,0.9,20.0,2.1,3.6,42.0,13.8,33.6,0.176,2.0,0.26,2.4,1.08,2.6,,,,
327,Alex McGarry,0,1B,25.0,25.388,43.9,50,,,,,4.0,0.6,84.3,92.7,3.2,0.3,43.8,37.0,3.6,0.3,,,,,-70.0,1.2,38.71,10.4,70.0,2.8,42.593,1.2,114.0,93.4,106.6,88.1,42.9,74.6,8.0,91.0,17.9,60.2,0.186,3.7,0.418,73.4,0.768,1.8,,,,
