Combined_Rank,Name,Team,Level,BA_Rank,BA_Delta,PIPE_Rank,PIPE_Delta,BA_Org_Rank,PIPE_Org_Rank,TBC_Name,Pos,Born,Age_At_Rank,Skill_Score,MLB_Proj_Score,PPPA_Score,Age_Score,Combined_Score
1,Rainiel Rodriguez,STL,AA,35.0,34.0,37.0,36.0,3,3,Rainiel Rodriguez,IF,2007-01-04,19.0,73.56,88.25,67.41,81.96,77.07
2,Johan De Los Santos,PIT,A,,,,,30,,Johan De Los Santos,P,2008-07-24,18.0,71.19,94.53,72.68,63.62,76.08
3,Franklin Arias,BOS,AAA,49.0,46.0,31.0,28.0,2,2,Franklin Arias,SS,2005-11-19,21.0,68.65,96.18,66.42,74.24,75.17
4,William Bergolla Jr.,CWS,AAA,,,,,12,11,William Bergolla,2B-SS,2004-10-20,22.0,68.49,92.34,64.35,75.36,73.9
5,Juneiker Caceres,CLE,A+,,,,,11,11,Juneiker Caceres,RF-LF,2007-08-15,19.0,69.62,93.89,62.1,66.03,73.12
6,Luis Peña,MIL,AA,47.0,41.0,26.0,20.0,2,2,Luis Pena,SS-3B,2006-11-13,20.0,68.4,82.01,71.03,73.5,72.73
7,Leo De Vries,OAK,AA,12.0,5.0,4.0,-3.0,1,1,Leo De Vries,SS,2006-10-11,20.0,65.2,91.35,59.95,81.96,71.9
8,Jesús Made,MIL,AA,4.0,-4.0,3.0,-5.0,1,1,Jesus Made,SS-3B,2007-05-08,19.0,64.62,86.4,67.66,77.96,71.66
10,Cristian Arguelles,COL,A,,,,,20,23,Cristian Arguelles,CF,2007-06-30,19.0,68.07,84.92,68.66,58.54,70.76
11,Luis Arana,MIA,A,,,,,15,21,Luis Arana,SS,2008-03-19,18.0,72.61,74.72,63.27,64.79,70.36
12,Charles Davalan,LAD,A+,,,,,6,9,Charles Davalan,OF,2003-12-16,23.0,70.6,81.75,69.67,46.19,69.93
13,Demetrio Crisantes,AZ,AAA,,,,,3,5,Demetrio Crisantes,SS,2004-09-05,22.0,63.01,88.48,61.06,73.68,69.31
14,Aron Estrada,BAL,AAA,,,,,11,9,Aron Estrada,2B,2005-01-13,21.0,65.26,83.2,64.41,68.38,69.29
16,Jhonny Level,SF,A+,98.0,82.0,,,4,4,Jhonny Level,SS,2007-03-29,19.0,64.72,83.81,63.84,69.17,69.13
17,Josue De Paula,LAD,AA,24.0,7.0,15.0,-2.0,2,1,Josue De Paula,OF,2005-05-24,21.0,61.12,89.14,65.51,69.96,69.0
18,Ralphy Velazquez,CLE,AAA,56.0,38.0,89.0,71.0,3,4,Ralphy Velazquez,1B,2005-05-28,21.0,63.47,83.86,61.75,75.36,68.85
19,Eli Willits,WSH,AA,31.0,12.0,13.0,-6.0,1,1,Eli Willits,SS,2007-12-09,19.0,59.77,89.25,63.47,77.31,68.84
20,Robert Arias,CLE,A,,,,,,22,Robert Arias,CF,2006-09-13,20.0,64.19,82.66,69.94,60.49,68.81
21,Josue Briceño,DET,AAA,76.0,55.0,40.0,19.0,4,4,Josue Briceno,C-1B,2004-09-23,22.0,62.89,89.5,61.12,68.38,68.8
22,Edward Florentino,PIT,A+,28.0,6.0,50.0,28.0,3,4,Edward Florentino,1B-CF,2006-11-11,20.0,65.52,81.66,63.05,67.77,68.69
24,Kevin Alvarez,HOU,A,,,,,5,1,Kevin Alvarez,OF,2008-01-13,18.0,67.91,80.3,59.12,63.84,68.21
25,Caleb Bonemer,CWS,AA,27.0,2.0,61.0,36.0,2,3,Caleb Bonemer,SS-3B,2005-10-05,21.0,65.2,77.3,62.53,72.66,68.05
25,Adrian Santana,TB,AA,,,,,21,,Adrian Santana,SS-2B,2005-07-18,21.0,64.02,83.95,61.84,66.7,68.05
27,Jadher Areinamo,TB,AAA,,,,,17,15,Jadher Areinamo,2B-3B,2003-11-28,23.0,65.5,81.0,63.43,62.24,67.89
28,Jefferson Rojas,NYM,AAA,,,,,4,5,Jefferson Rojas,SS,2005-04-25,21.0,63.14,84.46,61.4,68.38,67.84
29,Josuar Gonzalez,SF,A,30.0,1.0,44.0,15.0,2,2,Josuar Gonzalez,SS,2007-10-16,19.0,63.3,75.44,71.56,65.12,67.67
30,Alfredo Duno,CIN,AA,77.0,47.0,38.0,8.0,2,2,Alfredo Duno,C,2006-01-07,20.0,62.76,84.7,61.7,67.54,67.66
31,Kane Kepley,CHC,AA,,,,,6,6,Kane Kepley,OF,2004-02-14,22.0,68.18,75.15,68.54,50.98,67.57
32,Cristofer Torin,AZ,AA,,,,,10,15,Cristofer Torin,SS,2005-05-26,21.0,62.14,86.79,58.98,69.96,67.54
34,Jesús  Báez,STL,AA,,,,,16,20,Jesus Baez,SS-2B,2005-02-26,21.0,60.54,85.27,64.0,69.96,67.49
35,Michael Arroyo,SEA,AAA,,,67.0,32.0,5,5,Michael Arroyo,2B,2004-11-03,22.0,62.73,84.82,59.19,69.96,67.43
37,Luke Adams,MIL,AAA,,,,,12,13,Luke Adams,3B-LF,2004-04-24,22.0,61.02,86.53,61.56,68.94,67.35
38,Gabriel Gonzalez,MIN,AAA,,,,,10,7,Gabriel Gonzalez,RF-LF,2004-01-04,22.0,64.11,81.72,58.72,68.94,67.19
40,Dauri Fernández,CLE,A+,,,,,26,23,Dauri Fernandez,SS-2B,2007-03-07,19.0,66.07,73.81,66.31,61.84,67.12
43,Elian Peña,NYM,A+,,,,,12,9,Elian Pena,P,2007-10-19,19.0,67.27,76.16,56.79,67.22,66.87
44,Eduardo Quintero,LAD,A+,20.0,-24.0,30.0,-14.0,1,3,Eduardo Quintero,CF-RF,2005-09-16,21.0,62.68,78.12,66.94,64.42,66.86
45,Henry Godbout,BOS,AA,,,,,10,11,Henry Godbout,IF,2003-11-06,23.0,71.11,71.97,61.07,51.45,66.75
47,Justin Gonzales,BOS,AA,,,,,7,6,Justin Gonzales,1B-RF,2006-12-31,20.0,64.83,78.31,56.74,72.01,66.74
48,Ethan Salas,SD,AAA,90.0,42.0,,,1,2,Ethan Salas,C,2006-06-01,20.0,59.44,89.62,54.93,76.01,66.71
50,Lisbel Diaz,SF,AA,,,,,,30,Lisbel Diaz,RF-LF,2005-07-19,21.0,62.18,81.21,61.23,68.47,66.59
53,Adrian Pinto,TOR,AA,,,,,,29,Adrian Pinto,2B-SS,2002-09-22,24.0,65.99,79.88,65.3,47.45,66.37
55,Nate George,BAL,A+,86.0,31.0,93.0,38.0,4,3,Nate George,OF,2006-06-04,20.0,61.88,75.22,69.85,63.8,66.36
56,Sebastian Walcott,TEX,AA,16.0,-40.0,7.0,-49.0,1,1,Sebastian Walcott,SS-3B,2006-03-14,20.0,59.22,84.71,58.57,76.01,66.28
60,Josh Adamczewski,MIL,AA,,,,,9,11,Josh Adamczewski,SS,2005-05-10,21.0,61.24,78.41,64.49,67.45,66.06
61,Eduardo Tait,MIN,A+,,,65.0,4.0,5,3,Eduardo Tait,C,2006-08-27,20.0,62.68,82.92,55.42,68.89,66.01
65,Hendry Mendez,MIN,AAA,,,,,14,12,Hendry Mendez,RF-LF,2003-11-07,23.0,63.21,79.19,56.79,68.94,65.73
67,Nelson Rada,LAA,AAA,,,,,4,3,Nelson Rada,CF,2005-08-24,21.0,60.12,82.32,53.64,79.73,65.59
71,Emil Morales,LAD,A+,,,92.0,21.0,9,5,Emil Morales,SS,2006-09-22,20.0,60.73,75.53,64.27,68.89,65.28
74,Owen Carey,ATL,AA,,,,,29,19,Owen Carey,OF,2006-07-22,20.0,62.2,78.53,54.66,72.01,65.0
75,Gabriel Davalillo,LAA,A,,,,,5,6,Gabriel Davalillo,C,2007-11-06,19.0,71.85,68.27,46.94,65.12,64.95
76,Nauris De La Cruz,WSH,R,,,,,28,30,Nauris De La Cruz,OF,2007-09-04,19.0,67.82,68.59,59.28,58.87,64.88
78,Gerardo Rodriguez,BOS,A+,,,,,25,27,Gerardo Rodriguez,C,2005-12-08,21.0,63.66,77.7,55.74,63.8,64.72
80,Welbyn Francisca,CLE,AA,,,,,16,13,Welbyn Francisca,SS-2B,2006-05-17,20.0,61.52,72.95,62.39,67.54,64.5
82,Dax Kilby,NYY,A,61.0,-21.0,94.0,12.0,3,4,Dax Kilby,SS,2006-11-17,20.0,65.38,60.89,68.93,61.83,64.4
85,Devin Fitz-Gerald,WSH,AA,,,,,8,9,Devin Fitz-Gerald,SS,2005-08-17,21.0,63.31,72.93,53.7,74.24,64.36
87,Wilder Dalis,COL,A+,,,,,14,18,Wilder Dalis,SS-3B,2006-07-30,20.0,61.09,72.29,65.5,63.66,64.31
88,Alirio Ferrebus,PHI,A+,,,,,16,22,Alirio Ferrebus,C,2005-09-12,21.0,61.31,79.31,59.44,59.82,64.19
91,Yairo Padilla,STL,A+,,,,,12,16,Yairo Padilla,SS,2007-06-28,19.0,59.86,76.13,63.4,63.52,64.09
92,Luis Cova,MIA,A,,,,,12,17,Luis Cova,CF-LF,2007-02-01,19.0,65.32,64.21,63.74,61.83,63.98
94,Arjun Nimmala,LAA,AA,62.0,-32.0,77.0,-17.0,,3,Arjun Nimmala,SS,2005-10-16,21.0,59.88,76.96,56.05,72.66,63.86
96,Dante Nori,PHI,AA,,,,,6,7,Dante Nori,CF,2004-10-07,22.0,61.64,74.2,57.22,68.38,63.82
97,Yolfran Castillo,TEX,A,,,,,10,8,Yolfran Castillo,SS,2007-02-08,19.0,60.5,76.46,62.06,60.49,63.8
98,Josiah Hartshorn,CHC,AA,,,,,12,8,Josiah Hartshorn,OF,2007-02-02,19.0,,86.69,64.99,73.5,63.76
98,John Gil,ATL,AA,,,,,12,10,John Gil,SS,2006-05-14,20.0,59.94,75.81,60.19,66.7,63.76
100,Aroon Escobar,PHI,AA,,,,,4,6,Aroon Escobar,2B,2005-01-01,21.0,61.03,74.39,57.93,68.38,63.71
106,Hayden Alvarez,LAA,A+,,,,,20,12,Hayden Alvarez,CF,2007-03-19,19.0,59.79,73.11,63.93,63.66,63.49
109,Jansel Luis,AZ,AA,,,,,12,13,Jansel Luis,2B-SS,2005-03-06,21.0,60.36,73.22,58.41,69.96,63.41
111,Breyson Guedez,OAK,A+,,,,,23,23,Breyson Guedez,OF,2007-09-28,19.0,65.2,67.21,53.97,67.63,63.21
112,Jett Williams,MIL,AAA,71.0,-41.0,51.0,-61.0,4,3,Jett Williams,SS-2B,2003-11-03,23.0,59.05,76.12,57.67,68.94,63.12
113,Marconi German,WSH,R,,,,,17,21,Marconi German,SS,2007-09-09,19.0,61.05,71.01,64.14,58.87,63.08
114,Cam Cannarella,MIA,AAA,,,,,7,8,Cam Cannarella,IF-OF,2003-09-06,23.0,54.93,82.81,59.88,68.94,63.04
117,Caden Bodine,TB,AAA,,,,,14,13,Caden Bodine,C,2003-12-02,23.0,53.46,81.42,68.31,62.24,62.97
118,Kendall George,LAD,AA,,,,,11,14,Kendall George,CF,2004-10-29,22.0,56.83,71.28,66.3,69.96,62.92
119,Liberts Aponte,CIN,R,,,,,22,14,Liberts Aponte,SS,2007-11-08,19.0,63.3,68.87,63.44,53.59,62.89
120,Ethan Anderson,BAL,AAA,,,,,23,26,Ethan Anderson,C-1B,2003-09-21,23.0,59.67,74.06,61.04,62.61,62.88
121,Angel De Los Santos,DET,A,,,,,24,,Angel De Los Santos,SS,2008-03-03,18.0,62.29,70.66,59.52,60.77,62.86
122,Mike Sirota,LAD,AA,45.0,-77.0,60.0,-62.0,3,4,Mike Sirota,SS,2003-06-16,23.0,63.5,70.95,63.5,48.65,62.84
123,Aidan Miller,PHI,AAA,14.0,-109.0,23.0,-100.0,1,1,Aidan Miller,SS,2004-06-09,22.0,59.14,72.78,63.34,62.61,62.83
124,Yoeilin Cespedes,BOS,AA,,,,,19,18,Yoeilin Cespedes,SS,2005-09-08,21.0,62.41,71.38,54.73,66.7,62.8
125,Juan Sanchez,TOR,A,,,,,,7,Juan Sanchez,SS,2007-09-27,19.0,65.63,67.22,52.71,64.79,62.78
127,Jeferson Quero,MIL,AAA,,,,,7,8,Jeferson Quero,C,2002-10-08,24.0,62.33,76.25,54.75,57.87,62.73
130,Axiel Plaz,PIT,A+,,,,,20,22,Axiel Plaz,C,2005-08-12,21.0,58.49,78.98,56.58,63.8,62.58
132,Chase Harlan,LAD,A+,,,,,10,17,Chase Harlan,3B,2006-07-09,20.0,57.01,81.95,56.7,63.66,62.51
135,Sebastian Blanco,COL,A,,,,,,30,Sebastian Blanco,SS,2008-01-09,18.0,62.69,73.63,53.58,61.16,62.48
136,Jirvin Morillo,CIN,A,,,,,21,23,Jirvin Morillo,C,2007-01-10,19.0,62.63,65.92,62.73,58.54,62.36
137,Roldy Brito,COL,A+,,,,,5,4,Roldy Brito,2B-SS,2007-04-08,19.0,56.63,78.34,60.46,63.66,62.33
141,Haritzon Castillo,MIN,R,,,,,25,,Haritzon Castillo,SS,2008-03-23,18.0,64.88,58.46,64.63,58.87,62.26
143,Carlos Virahonda,AZ,AA,,,,,19,17,Carlos Virahonda,C,2005-12-13,21.0,59.08,78.57,55.53,61.21,62.22
145,Gavin Kilen,SF,AA,,,,,8,5,Gavin Kilen,SS,2004-03-28,22.0,60.46,76.52,59.12,52.93,62.16
148,Anderson Araujo,PHI,R,,,,,23,,Anderson Araujo,C,2008-04-08,18.0,61.69,69.63,59.41,58.87,62.05
153,Mikey Romero,BOS,AAA,,,,,18,13,Mikey Romero,SS-2B,2004-01-12,22.0,58.72,75.29,53.48,68.94,61.84
155,Enrique Jimenez,MIN,A+,,,,,29,27,Enrique Jimenez,C-1B,2005-11-03,21.0,58.98,76.11,54.58,64.42,61.81
156,Handelfry Encarnacion,MIL,A,,,,,27,,Handelfry Encarnacion,RF-CF,2007-06-08,19.0,59.94,74.89,55.91,60.49,61.8
157,Francisco Renteria,PHI,R,,,,,,5,Francisco Renteria,OF,2009-01-09,17.0,,66.2,86.59,57.72,61.79
160,Angeibel Gomez,KC,R,,,,,,7,Angeibel Gomez,OF,2008-12-12,18.0,,67.69,84.26,57.72,61.61
164,Ramcell Medina,KC,R,,,,,20,19,Ramcell Medina,SS,2007-11-13,19.0,63.5,71.09,51.24,59.13,61.53
167,Elorky Rodriguez,TEX,R,,,,,22,16,Elorky Rodriguez,OF,2007-12-26,19.0,62.69,68.08,56.08,59.13,61.5
169,Ty Southisene,TOR,A+,,,,,22,26,Ty Southisene,SS,2005-07-08,21.0,57.74,69.86,61.99,65.12,61.48
169,Diego Velasquez,SF,AAA,,,,,23,,Diego Velasquez,SS-2B,2003-10-01,23.0,60.25,72.56,54.91,62.61,61.48
169,Starlyn Caba,MIA,A+,,,,,10,7,Starlyn Caba,SS,2005-12-06,21.0,60.47,70.05,55.93,64.42,61.48
172,Luis Guanipa,ATL,A+,,,,,,21,Luis Guanipa,CF,2005-12-15,21.0,57.39,78.65,58.07,57.66,61.47
175,Cooper Ingle,CLE,AAA,,,99.0,-76.0,10,6,Cooper Ingle,C,2002-02-23,24.0,62.58,69.75,61.53,46.79,61.42
176,Zach Ehrhard,LAD,AAA,,,,,21,18,Zach Ehrhard,RF-LF,2003-01-21,23.0,58.87,74.14,59.33,57.03,61.39
177,Theo Gillen,TB,AA,64.0,-113.0,76.0,-101.0,2,2,Theo Gillen,CF,2005-09-12,21.0,55.45,67.27,64.86,72.66,61.34
180,Carlos Gutierrez,BOS,A+,,,,,13,15,Carlos Gutierrez,OF,2004-08-22,22.0,58.56,71.08,63.96,55.17,61.31
181,Yeremy Cabrera,WSH,A+,,,,,14,20,Yeremy Cabrera,CF-RF,2005-07-02,21.0,60.89,64.67,60.12,63.8,61.3
185,Jaison Chourio,CLE,AA,,,,,9,12,Jaison Chourio,CF,2005-05-19,21.0,57.98,71.02,57.11,68.38,61.21
186,Max Anderson,DET,AAA,,,,,7,5,Max Anderson,2B,2002-02-28,24.0,59.96,74.81,61.31,46.79,61.2
190,Trevor Cohen,SF,AA,,,,,9,9,Trevor Cohen,OF,2003-10-29,23.0,60.45,69.25,61.82,52.93,61.09
191,Jacob Reimer,NYM,AA,,,,,8,6,Jacob Reimer,3B-1B,2004-02-22,22.0,60.58,70.37,57.02,57.96,61.01
192,Juan Flores,LAA,AA,,,,,17,21,Juan Flores,C,2006-02-13,20.0,57.35,78.05,47.5,72.66,60.94
192,Felnin Celesten,SEA,AA,,,,,9,7,Felnin Celesten,SS,2005-09-15,21.0,57.26,73.41,54.98,68.47,60.94
195,Marco Dinges,MIL,AA,,,,,8,10,Marco Dinges,C,2003-09-05,23.0,59.99,73.64,58.77,50.98,60.93
196,Eric Hartman,ATL,AA,,,,,24,20,Eric Hartman,OF,2006-06-16,20.0,55.6,73.16,59.64,66.7,60.84
197,Khadim Diaw,MIN,AA,,,,,24,23,Khadim Diaw,C-CF,2003-08-23,23.0,62.22,69.52,57.46,50.98,60.83
198,Jeral Perez,CWS,AA,,,,,17,15,Jeral Perez,SS,2004-11-06,22.0,61.0,68.69,54.9,61.4,60.82
201,Enddy Azocar,BAL,A+,,,,,12,12,Enddy Azocar,LF,2007-02-24,19.0,56.31,71.8,58.35,67.77,60.74
203,Jancel Villarroel,SF,AA,,,,,19,25,Jancel Villarroel,C,2005-01-17,21.0,59.06,70.83,55.8,62.98,60.73
205,Zyhir Hope,DET,AA,63.0,-142.0,27.0,-178.0,4,2,Zyhir Hope,LF-CF,2005-01-19,21.0,54.92,71.58,61.34,68.38,60.72
210,Wyatt Sanford,PIT,A+,,,,,12,8,Wyatt Sanford,SS,2005-11-24,21.0,58.37,66.89,60.1,63.8,60.53
212,Juan Cabada,CHC,A,,,,,19,12,Juan Cabada,SS,2008-04-30,18.0,57.23,71.28,57.76,63.84,60.45
224,Cris Rodriguez,DET,A,,,,,8,8,Cris Rodriguez,OF,2008-01-28,18.0,59.02,63.86,62.37,60.77,60.28
227,Yassel Soler,AZ,A+,,,,,22,21,Yassel Soler,3B,2006-01-26,20.0,60.79,68.44,50.57,65.12,60.19
231,Marlon Quintero,LAA,A,,,,,25,28,Marlon Quintero,C,2006-11-27,20.0,57.28,76.84,51.29,61.94,60.07
231,Boston Baro,NYM,A+,,,,,19,24,Boston Baro,3B-SS,2004-08-23,22.0,59.84,72.01,56.64,51.4,60.07
235,Bruin Agbayani,NYM,A,,,,,,30,Bruin Agbayani,SS,2007-03-26,19.0,60.38,61.74,59.73,61.83,60.04
241,Marco Vargas,NYM,AA,,,,,18,21,Marco Vargas,SS-2B,2005-05-14,21.0,58.35,63.33,58.55,68.38,59.96
243,Angel Feliz,WSH,A+,,,,,10,23,Angel Feliz,SS,2006-11-16,20.0,56.11,72.47,54.51,67.77,59.94
243,Ashly Andujar,COL,A,,,,,19,24,Ashly Andujar,SS,2007-07-29,19.0,60.96,69.17,48.32,65.12,59.94
246,Daiverson Gutierrez,NYM,A+,,,,,25,26,Daiverson Gutierrez,C,2005-09-11,21.0,59.56,73.18,47.97,63.8,59.9
248,Yilver De Paula,LAA,R,,,,,26,24,Yilver De Paula,SS,2008-01-15,18.0,60.83,68.56,52.48,59.13,59.87
253,Ching-Hsien Ko,LAD,A,,,,,17,15,Ching-Hsien Ko,OF,2006-08-11,20.0,58.26,71.64,53.3,61.94,59.83
256,Andrew Fischer,MIL,AA,,,,,10,6,Andrew Fischer,IF,2004-05-25,22.0,51.04,79.76,63.96,57.59,59.8
264,Ronny Cruz,WSH,A+,,,,,21,25,Ronny Cruz,SS,2006-08-24,20.0,57.84,66.94,55.0,67.77,59.67
266,Braylon Payne,MIL,AA,,,,,17,14,Braylon Payne,CF-RF,2006-08-14,20.0,52.19,71.56,59.75,73.5,59.65
267,Xavier Isaac,TB,AAA,,,,,13,14,Xavier Isaac,1B,2003-12-17,23.0,58.74,63.04,60.07,62.24,59.63
269,Brendan Summerhill,TB,A+,,,,,10,21,Brendan Summerhill,OF,2003-11-13,23.0,65.85,61.42,58.31,40.05,59.59
274,Termarr Johnson,PIT,AAA,,,,,7,7,Termarr Johnson,2B-SS,2004-06-11,22.0,58.03,65.89,54.22,68.94,59.5
276,Leo Balcazar,CIN,AAA,,,,,16,17,Leo Balcazar,SS-3B,2004-06-17,22.0,57.86,70.9,53.08,62.24,59.44
277,Diego Frontado,MIL,R,,,,,,23,Diego Frontado,SS,2008-09-10,18.0,,70.38,71.51,57.72,59.42
279,Tre' Morgan,TB,AAA,,,,,29,19,Tre' Morgan,1B-LF,2002-07-16,24.0,62.35,60.13,56.39,57.87,59.41
285,Bo Davidson,SF,AAA,87.0,-198.0,,,3,7,Bo Davidson,LF-CF,2002-07-05,24.0,57.68,66.24,63.77,52.1,59.32
288,Kyle Lodise,CWS,A+,,,,,10,10,Kyle Lodise,IF,2003-10-17,23.0,64.3,61.27,56.82,46.54,59.28
289,Stiven Marinez,NYY,R,,,,,22,19,Stiven Marinez,SS,2007-08-20,19.0,52.02,71.82,69.88,53.59,59.27
293,Anthony Millan,HOU,R,,,,,29,21,Anthony Millan,OF,2008-05-13,18.0,57.05,68.09,61.63,53.59,59.14
296,Esmil Valencia,MIA,A+,,,,,16,23,Esmil Valencia,OF,2005-10-09,21.0,57.04,65.33,57.83,64.42,59.08
297,Anthony Gutierrez,TEX,A+,,,,,26,29,Anthony Gutierrez,OF,2004-11-25,22.0,55.86,66.61,59.13,64.29,59.05
297,Ramon Ramirez,KC,A+,,,,,7,8,Ramon Ramirez,C,2005-06-15,21.0,54.19,71.51,63.2,55.31,59.05
299,Deniel Ortiz,STL,AA,,,,,20,24,Deniel Ortiz,IF,2004-08-24,22.0,53.62,67.68,59.71,69.96,59.02
300,Joendry Vargas,LAD,A,,,,,15,21,Joendry Vargas,SS,2005-11-08,21.0,57.6,67.67,59.77,54.11,58.99
301,Bryan Rincon,PHI,AA,,,,,30,29,Bryan Rincon,SS,2004-02-08,22.0,56.06,69.29,59.27,57.96,58.97
303,Dylan Dreiling,TEX,AA,,,,,12,10,Dylan Dreiling,CF-LF,2003-04-17,23.0,60.24,64.48,60.0,48.65,58.94
304,Angel Nuñez,CIN,R,,,,,,27,Angel Nunez,OF,2009-04-07,17.0,,68.9,70.82,57.72,58.93
306,Arnaldo Lantigua,CIN,A,,,,,25,16,Arnaldo Lantigua,OF,2005-12-19,21.0,61.17,60.62,58.44,54.22,58.91
313,Cooper Flemming,TB,A,,,,,23,28,Cooper Flemming,SS,2006-08-05,20.0,,77.43,59.99,60.49,58.86
314,Taitn Gray,TB,A,,,,,,30,Taitn Gray,C,2007-08-16,19.0,,76.73,58.57,63.84,58.82
324,Joniel Hernandez,SF,R,,,,,,17,Joniel Hernandez,SS,2009-03-06,17.0,,69.23,69.18,57.72,58.65
325,Cole Mathis,NYM,A+,,,,,9,15,Cole Mathis,P-3B,2003-07-25,23.0,59.53,69.23,56.62,46.54,58.64
327,Fenwick Trimble,MIA,AA,,,,,11,20,Fenwick Trimble,CF,2002-08-29,24.0,57.86,66.98,61.98,47.72,58.62
335,Deyvison De Los Santos,MIA,AAA,,,,,30,,Deyvison De Los Santos,1B-3B,2003-06-21,23.0,55.76,70.57,56.55,57.87,58.5
337,Santiago Solarte,MIA,R,,,,,,14,Santiago Solarte,SS,2008-11-23,18.0,,57.09,80.97,57.72,58.47
339,Marek Houston,MIN,AA,,,,,9,8,Marek Houston,IF,2004-04-14,22.0,55.6,66.42,59.95,59.26,58.4
344,Jonny Farmelo,SEA,AA,,,78.0,-266.0,6,6,Jonny Farmelo,OF,2004-09-09,22.0,54.88,70.51,55.09,62.98,58.38
345,Creed Willems,BAL,AAA,,,,,,19,Creed Willems,C-1B,2003-06-04,23.0,56.58,70.65,53.97,57.87,58.36
345,Jordan Yost,DET,A,,,,,5,9,Jordan Yost,SS,2006-12-21,20.0,,78.86,55.46,61.83,58.36
347,Cam Collier,CIN,AA,,,,,8,7,Cam Collier,3B,2004-11-20,22.0,56.93,66.59,51.67,67.45,58.35
352,Ricky Cabrera,CIN,A+,,,,,,24,Ricky Cabrera,3B-SS,2004-10-31,22.0,56.5,67.23,53.26,64.98,58.31
355,Jeremy Rodriguez,NYM,A,,,,,28,,Jeremy Rodriguez,SS,2006-07-04,20.0,60.54,61.41,51.77,61.83,58.29
357,Emanuel Luna,STL,R,,,,,,19,Emanuel Luna,OF,2009-01-15,17.0,,54.38,82.89,57.72,58.27
361,Raudi Rodriguez,LAA,AAA,,,,,21,16,Raudi Rodriguez,OF,2003-07-07,23.0,54.29,68.89,57.93,62.24,58.24
368,Miguel Bleis,BOS,AA,,,,,17,17,Miguel Bleis,RF-CF,2004-03-01,22.0,57.09,65.6,57.17,57.96,58.19
369,JD Dix,AZ,A+,,,,,8,6,JD Dix,SS,2005-10-12,21.0,55.99,68.19,52.69,65.12,58.16
374,Javier Mogollon,CWS,A+,,,,,16,13,Javier Mogollon,IF,2005-11-01,21.0,58.3,60.46,59.63,57.66,58.13
376,Kaeden Kent,SF,A+,,,,,16,13,Kaeden Kent,IF,2003-08-29,23.0,57.59,68.85,58.35,47.65,58.1
382,Harold Rivas,BOS,R,,,,,20,20,Harold Rivas,OF,2008-05-10,18.0,57.09,65.15,56.47,58.87,58.05
386,Johanfran Garcia,BOS,AA,,,,,27,28,Johanfran Garcia,C-1B,2004-12-08,22.0,54.27,68.25,53.83,68.38,57.98
388,Ivan Luciano,AZ,A+,,,,,23,26,Ivan Luciano,C,2006-11-24,20.0,55.94,70.7,50.12,63.66,57.96
389,Jaims Martinez,CHC,R,,,,,,19,Jaims Martinez,SS,2008-08-21,18.0,,61.41,74.11,57.72,57.95
393,Easton Carmichael,PIT,AA,,,,,26,19,Easton Carmichael,C,2003-11-03,23.0,55.05,71.25,58.71,51.45,57.93
393,Luke Stevenson,SEA,A+,,,,,8,8,Luke Stevenson,C,2004-07-22,22.0,59.52,62.42,54.67,56.35,57.93
398,Murf Gray,PIT,AA,,,,,27,20,Murf Gray,IF,2003-12-30,23.0,,76.54,61.93,51.45,57.91
402,Allan Castro,BOS,AAA,,,,,26,25,Allan Castro,CF-LF,2003-05-24,23.0,57.59,64.23,56.16,57.87,57.89
403,Tai Peete,STL,AA,,,,,10,18,Tai Peete,SS,2005-08-11,21.0,52.03,70.5,56.61,67.54,57.87
404,Trey Snyder,NYM,A+,,,,,26,,Trey Snyder,SS-3B,2005-09-21,21.0,57.6,64.12,54.9,59.82,57.85
405,Ryan Clifford,NYM,AAA,,,,,7,5,Ryan Clifford,1B-RF,2003-07-20,23.0,56.36,65.31,51.12,68.94,57.84
412,Albert Fermín,HOU,R,,,,,,10,Albert Fermin,SS,2009-02-09,17.0,,63.99,70.55,57.72,57.75
415,Sam Petersen,WSH,AAA,,,,,12,22,Sam Petersen,LF,2003-01-20,23.0,58.99,62.71,57.15,52.1,57.72
417,Jared Serna,MIA,AAA,,,,,27,,Jared Serna,SS,2002-06-01,24.0,59.58,63.62,57.89,46.79,57.7
418,Brendan Jones,MIA,AAA,,,,,13,19,Brendan Jones,CF-LF,2002-04-24,24.0,57.81,62.79,65.29,42.51,57.69
422,Yandel Ricardo,KC,A,,,,,10,11,Yandel Ricardo,SS,2006-10-16,20.0,56.97,64.4,54.73,60.49,57.64
424,Devin Taylor,OAK,AAA,,,,,9,8,Devin Taylor,OF,2004-01-06,22.0,54.16,68.41,54.77,63.91,57.59
427,Max Williams,MIA,AA,,,,,,18,Max Williams,OF,2004-08-18,22.0,54.68,54.64,68.91,61.59,57.52
435,Dillon Head,MIA,A+,,,,,13,26,Dillon Head,CF,2004-10-11,22.0,58.05,63.07,55.7,55.31,57.43
435,JoJo Parker,TOR,A+,66.0,-369.0,45.0,-390.0,,2,JoJo Parker,SS,2006-08-08,20.0,,69.84,59.6,63.52,57.43
441,Asbel Gonzalez,KC,A+,,,,,16,17,Asbel Gonzalez,OF,2006-01-02,20.0,56.83,60.31,55.8,64.42,57.39
443,Jordan Sanchez,BAL,A+,,,,,19,18,Jordan Sanchez,RF-CF,2005-10-09,21.0,56.84,61.63,58.37,57.66,57.38
450,Wilfri De La Cruz,BAL,R,,,,,18,22,Wilfri De La Cruz,SS,2007-09-15,19.0,57.79,63.57,52.91,58.87,57.26
462,Victor Arias,TOR,AA,,,,,,12,Victor Arias,LF-RF,2003-08-24,23.0,55.27,67.33,54.68,57.96,57.11
469,Wilson Rodriguez,NYY,A+,,,,,,18,Wilson Rodriguez,RF-LF,2004-09-10,22.0,55.38,69.22,53.96,55.17,57.08
474,Aiden Taurek,SEA,A+,,,,,,30,Aiden Taurek,P,2003-10-21,23.0,60.39,59.98,58.97,42.49,56.96
476,Aiva Arquette,MIA,AA,42.0,-434.0,47.0,-429.0,3,4,Aiva Arquette,SS,2003-10-17,23.0,51.1,70.95,60.02,57.59,56.95
478,Andrew Salas,MIA,A,,,,,14,12,Andrew Salas,SS,2008-03-04,18.0,55.62,70.33,45.91,64.79,56.93
481,Nathan Flewelling,TB,A+,,,,,15,11,Nathan Flewelling,C,2006-11-11,20.0,53.22,70.12,49.79,67.77,56.91
489,Yulian Barreto,SF,R,,,,,29,28,Yulian Barreto,SS,2007-09-20,19.0,58.08,62.44,51.22,59.13,56.81
491,Jonathon Long,MIA,AAA,,,,,8,7,Jonathon Long,1B-LF,2002-01-20,24.0,57.61,64.65,57.25,46.79,56.8
495,Gavin Conticello,AZ,AAA,,,,,,30,Gavin Conticello,1B-3B,2003-06-11,23.0,55.75,66.81,55.33,53.31,56.77
495,Maxton Martin,TEX,A+,,,,,24,24,Maxton Martin,OF,2005-05-05,21.0,55.06,66.72,55.87,55.17,56.77
501,Griff O'Ferrall,BAL,AA,,,,,27,29,Griff O'Ferrall,SS-2B,2003-02-02,23.0,60.18,62.05,53.2,47.45,56.7
509,Dillon Lewis,MIA,AA,,,,,8,11,Dillon Lewis,RF-LF,2003-06-12,23.0,57.95,60.15,59.63,47.72,56.58
510,Elian Rosario,TEX,R,,,,,,9,Elian Rosario,SS,2008-10-05,18.0,,67.67,61.36,57.72,56.57
519,Diego Tornes,ATL,R,,,,,10,8,Diego Tornes,OF,2008-07-03,18.0,54.85,64.42,54.22,60.77,56.5
520,Noah Miller,LAD,AAA,,,,,23,29,Noah Miller,SS,2002-11-12,24.0,54.76,71.19,49.54,57.03,56.49
547,Seaver King,WSH,AAA,,,,,7,7,Seaver King,SS,2003-04-25,23.0,53.76,64.72,56.95,57.87,56.24
547,Bryce Rainer,DET,A+,29.0,-518.0,35.0,-512.0,3,3,Bryce Rainer,SS-P,2005-07-03,21.0,58.55,54.93,52.23,64.42,56.24
555,Brady Ebel,MIL,A+,,,,,13,15,Brady Ebel,SS,2007-07-25,19.0,49.58,70.92,55.14,66.03,56.2
559,Thomas Sosa,BAL,AA,,,,,16,20,Thomas Sosa,CF-RF,2005-01-18,21.0,52.86,68.57,48.48,68.38,56.16
560,Robert Calaz,COL,A+,,,,,9,5,Robert Calaz,RF-CF,2005-11-22,21.0,57.38,57.53,51.39,65.12,56.15
562,Thayron Liranzo,DET,AA,,,,,19,7,Thayron Liranzo,C-1B,2003-07-05,23.0,56.41,61.71,53.41,57.96,56.12
563,Edward Duran,TOR,AA,,,,,,19,Edward Duran,C-1B,2004-05-29,22.0,58.27,61.41,52.33,52.93,56.11
564,Kyle DeBarge,MIN,AA,,,,,28,21,Kyle DeBarge,2B-SS,2003-07-15,23.0,54.85,61.99,55.83,59.26,56.1
565,Derek Bernard,COL,A+,,,,,27,,Derek Bernard,LF-2B,2005-08-09,21.0,55.06,61.56,55.47,59.68,56.09
568,Nick Morabito,NYM,AAA,,,,,13,13,Nick Morabito,CF,2003-05-07,23.0,54.93,59.88,58.51,57.87,56.07
573,Gavin Fien,WSH,A,,,,,3,5,Gavin Fien,SS,2007-03-08,19.0,56.27,62.88,50.43,60.49,55.99
575,Brandon Winokur,MIN,AA,,,,,15,17,Brandon Winokur,SS-CF,2004-12-16,22.0,53.61,64.03,54.65,61.59,55.98
575,Dorian Soto,BOS,R,,,,,8,8,Dorian Soto,SS,2008-02-14,18.0,58.42,61.53,47.76,58.87,55.98
593,Roc Riggio,COL,AAA,,,,,15,10,Roc Riggio,OF,2002-06-11,24.0,57.29,61.43,60.04,41.58,55.84
593,Kemp Alderman,MIA,AAA,,,,,6,9,Kemp Alderman,RF-LF,2002-08-20,24.0,55.13,63.05,53.75,57.87,55.84
598,Romeli Espinosa,PHI,A+,,,,,24,25,Romeli Espinosa,SS,2008-06-05,18.0,56.08,67.28,44.46,62.19,55.81
601,Joswa Lugo,LAA,A,,,,,6,7,Joswa Lugo,SS,2007-01-24,19.0,54.66,63.71,53.33,58.54,55.75
610,Alexander Albertus,CWS,A,,,,,,23,Alexander Albertus,SS,2004-10-27,22.0,61.02,53.95,56.73,44.54,55.67
612,Carlos Sanchez,CIN,AA,,,,,26,28,Carlos Sanchez,SS-3B,2005-01-12,21.0,52.96,66.07,52.52,61.59,55.65
612,Svert Reinoso,CLE,R,,,,,,25,Svert Reinoso,SS,2008-11-23,18.0,,61.66,63.42,57.72,55.65
615,Edgleen Perez,PIT,A,,,,,,23,Edgleen Perez,C,2006-05-25,20.0,56.68,65.61,48.74,54.22,55.64
615,Malcolm Moore,TEX,AA,,,,,17,18,Malcolm Moore,C,2003-07-31,23.0,55.47,68.13,50.58,51.45,55.64
617,Aidan Smith,NYM,A+,,,,,11,12,Aidan Smith,CF-LF,2004-07-23,22.0,55.72,56.67,59.6,55.17,55.62
621,Blake Burke,MIL,AAA,,,,,16,18,Blake Burke,1B,2003-06-11,23.0,51.52,66.68,60.4,52.38,55.6
640,Coy James,WSH,A,,,,,9,17,Coy James,SS,2007-02-16,19.0,,65.08,57.66,60.49,55.52
641,Cristian Hernández,MIA,AA,,,,,16,16,Cristian Hernandez,SS-2B,2003-12-13,23.0,52.91,64.08,56.42,57.59,55.51
642,Sebastian Romero,CWS,R,,,,,,20,Sebastian Romero,OF,2008-09-04,18.0,,64.83,59.44,57.72,55.5
642,Mitch Voit,NYM,AA,,,,,11,8,Mitch Voit,IF,2004-09-30,22.0,48.79,67.24,60.33,61.4,55.5
647,Hector Ramos,BOS,R,,,,,23,23,Hector Ramos,SS,2007-09-19,19.0,56.14,58.0,54.3,58.87,55.46
649,Duce Gourson,PIT,AAA,,,,,21,29,Duce Gourson,2B-3B,2002-09-20,24.0,56.45,59.18,56.32,52.1,55.45
672,Fabricio Blanco,TB,R,,,,,,23,Fabricio Blanco,SS,2008-10-09,18.0,,,69.59,57.72,55.31
672,Eric Bitonti,MIL,AA,,,,,20,26,Eric Bitonti,3B-1B,2005-11-17,21.0,53.0,57.18,56.6,67.54,55.31
674,Josh Hammond,KC,A,,,,,5,6,Josh Hammond,SS,2006-09-21,20.0,,68.34,53.27,60.49,55.3
677,Dean Moss,TB,A,,,,,24,29,Dean Moss,OF,2006-04-17,20.0,,72.45,53.66,52.49,55.29
683,Charlie Condon,COL,AAA,,,70.0,-613.0,2,2,Charlie Condon,LF-3B,2003-04-14,23.0,51.19,69.8,53.56,57.03,55.24
690,Gabriel Rodriguez,CLE,A,,,,,27,21,Gabriel Rodriguez,SS-2B,2007-05-03,19.0,53.99,61.24,53.62,60.49,55.17
691,Emmanuel Rodriguez,MIN,AAA,57.0,-634.0,74.0,-617.0,2,4,Emmanuel Rodriguez,CF,2003-02-28,23.0,53.78,59.09,57.82,57.87,55.16
693,Jared Thomas,COL,AA,,,,,3,3,Jared Thomas,LF-CF,2003-07-01,23.0,52.71,60.2,59.04,57.96,55.15
696,Steele Hall,CIN,A,,,83.0,-613.0,5,3,Steele Hall,SS,2007-07-24,19.0,,66.75,53.69,61.16,55.12
698,Ethan Frey,HOU,A+,,,,,2,3,Ethan Frey,C,2004-03-15,22.0,60.03,51.09,58.24,46.54,55.11
702,Alfonsin Rosario,CLE,AAA,,,,,24,16,Alfonsin Rosario,CF,2004-06-21,22.0,51.26,66.32,52.83,62.61,55.05
745,Chris Suero,NYM,AA,,,,,14,16,Chris Suero,C-LF,2004-01-27,22.0,54.35,58.77,54.8,57.96,54.72
748,Juan Parra,PHI,R,,,,,,23,Juan Parra,P,2008-03-12,18.0,,62.25,58.48,57.72,54.7
749,Parks Harber,SF,AAA,,,,,15,14,Parks Harber,1B,2001-09-25,25.0,56.2,61.4,57.35,41.58,54.69
761,Enrique Bradfield Jr.,BAL,AAA,,,,,8,10,Enrique Bradfield,CF-LF,2001-12-02,25.0,56.92,51.91,62.09,46.79,54.6
784,Jose Manon,ATL,R,,,,,,27,Jose Manon,SS,2008-12-17,18.0,,57.88,62.05,57.72,54.49
796,Austin Overn,TB,AA,,,,,20,26,Austin Overn,CF-LF,2003-05-10,23.0,51.64,56.43,67.84,47.72,54.35
798,Luis De Leon,SD,R,95.0,-703.0,,,5,4,,,,,54.64,65.76,51.97,46.29,54.32
801,Cole Messina,COL,AA,,,,,23,21,Cole Messina,C,2003-05-14,23.0,58.39,56.82,51.88,47.45,54.31
801,Yordany De Los Santos,PIT,A+,,,,,,21,Yordany De Los Santos,SS-3B,2005-02-17,21.0,51.69,62.7,56.63,55.17,54.31
810,Isaiah Drake,ATL,A+,,,,,25,30,Isaiah Drake,CF,2005-07-15,21.0,49.7,66.03,52.53,63.8,54.28
810,Andrew Tess,BAL,A,,,,,29,,Andrew Tess,C,2006-08-18,20.0,52.88,61.88,51.45,60.49,54.28
810,Slade Caldwell,AZ,A+,,,,,4,3,Slade Caldwell,OF,2006-06-18,20.0,55.16,60.55,44.85,65.12,54.28
819,Wehiwa Aloy,BAL,AA,,,,,9,7,Wehiwa Aloy,SS,2004-02-04,22.0,53.82,57.82,58.54,51.45,54.21
826,Adolfo Sanchez,CIN,A,,,,,14,15,Adolfo Sanchez,CF-RF,2006-09-19,20.0,51.99,63.34,52.58,58.54,54.15
828,Nate Nankil,OAK,AA,,,,,,26,Nate Nankil,RF,2002-10-16,24.0,57.22,61.73,52.92,40.37,54.14
836,Franyerber Montilla,DET,A,,,,,9,12,Franyerber Montilla,SS,2005-04-15,21.0,52.45,61.45,55.6,54.39,54.08
837,Luis Reyes,CIN,A,,,,,26,,,,,,55.8,61.54,52.63,46.16,54.07
837,Esteban Mejia,TEX,A+,,,,,7,8,Esteban Mejia,P,2007-03-07,19.0,54.83,59.23,51.94,55.17,54.07
849,Paulino Santana,TEX,A,,,,,25,22,Paulino Santana,CF-LF,2006-11-17,20.0,52.81,59.31,52.97,60.49,53.99
851,Juan Rijo,SEA,R,,,,,,14,Juan Rijo,OF,2008-09-03,18.0,,62.31,54.92,57.72,53.93
856,Eli Pitts,CIN,R,,,,,23,,Eli Pitts,OF,2006-11-22,20.0,,60.62,59.44,52.73,53.89
860,Sammy Stafura,NYM,A+,,,,,14,12,Sammy Stafura,SS,2004-11-15,22.0,51.83,60.05,57.02,55.17,53.86
865,Luke Dickerson,WSH,A+,,,,,8,8,Luke Dickerson,1B,2003-03-28,23.0,54.71,58.89,49.93,57.66,53.81
873,Teilon Serrano,MIN,R,,,,,27,,Teilon Serrano,OF,2008-05-22,18.0,51.87,60.92,53.44,58.87,53.77
883,Ike Irish,BAL,A+,,,,,6,6,Ike Irish,C,2003-11-26,23.0,50.89,63.5,60.18,46.54,53.74
883,Jeyson Horton,LAA,R,,,,,,22,Jeyson Horton,SS,2009-02-16,17.0,,58.3,58.21,57.72,53.74
902,Darell Morel,PIT,R,,,,,17,18,Darell Morel,SS,2007-09-15,19.0,51.87,59.61,54.45,58.87,53.7
903,Dakota Jordan,SF,AA,,,,,7,6,Dakota Jordan,CF,2003-05-09,23.0,53.88,56.49,62.53,42.79,53.69
916,Jaden Fauske,CWS,A,,,,,7,7,Jaden Fauske,OF,2006-11-21,20.0,,60.62,53.68,60.49,53.63
930,Edgar Montero,OAK,A,,,,,7,11,Edgar Montero,SS,2006-11-21,20.0,58.32,47.47,49.66,61.94,53.53
933,Cutter Coffey,TOR,AA,,,,,,25,Cutter Coffey,SS-3B,2004-05-21,22.0,55.61,54.97,50.4,57.96,53.52
940,Caleb Lomavita,WSH,AA,,,,,18,28,Caleb Lomavita,C,2002-11-18,24.0,53.12,64.47,52.21,47.45,53.46
946,Devin Saltiban,PHI,A+,,,,,20,21,Devin Saltiban,SS,2005-02-14,21.0,54.16,58.2,51.54,55.17,53.41
953,Carlos Jimenez,SEA,A+,,,,,,21,Carlos Jimenez,LF-CF,2003-02-14,23.0,53.2,60.34,60.87,38.89,53.35
955,Patrick Clohisy,ATL,AAA,,,,,27,26,Patrick Clohisy,LF-RF,2001-12-06,25.0,52.49,56.92,63.85,42.51,53.33
955,Blaine Bullard,TOR,A,,,,,,15,Blaine Bullard,OF,2006-08-16,20.0,,59.34,52.86,61.83,53.33
959,Jace Avina,NYY,AA,,,,,25,20,Jace Avina,LF-RF,2003-06-06,23.0,53.28,61.41,54.4,47.45,53.32
969,Kayson Cunningham,AZ,A+,97.0,-872.0,,,2,2,Kayson Cunningham,SS,2006-06-25,20.0,46.1,65.06,56.47,65.12,53.28
972,Randy Guzman,NYM,A+,,,,,21,25,Randy Guzman,OF,2005-04-19,21.0,50.0,66.08,54.44,51.4,53.25
988,Seong-Jun Kim,TEX,A,,,,,23,15,Seong-Jun Kim,SS,2007-05-01,19.0,53.35,53.97,54.77,58.54,53.18
993,Xavier Neyens,HOU,A+,,,,,1,2,Xavier Neyens,SS,2006-10-29,20.0,,62.41,48.85,61.84,53.15
1010,Dylan Jasso,MIA,AA,,,,,26,,Dylan Jasso,1B-3B,2002-11-30,24.0,54.42,57.92,54.07,47.72,53.07
1010,Slater de Brun,TB,A,,,,,12,10,Slater de Brun,OF,2007-06-08,19.0,,,57.74,60.49,53.07
1021,Will Bush,HOU,AA,,,,,18,20,Will Bush,C-1B,2004-03-04,22.0,54.14,57.12,48.46,59.26,53.01
1029,Jorge Quintana,SD,A,,,,,5,7,Jorge Quintana,SS-3B,2007-04-05,19.0,54.22,54.49,49.14,61.94,52.94
1045,Tanner Thach,COL,A+,,,,,28,,Tanner Thach,IF,2004-03-11,22.0,50.87,63.49,58.31,42.49,52.79
1045,Carson DeMartini,PHI,AA,,,,,14,18,Carson DeMartini,3B-SS,2002-12-27,24.0,51.59,57.56,59.86,47.45,52.79
1060,Jose Castro,NYY,R,,,,,29,22,,,,,49.93,59.16,62.65,45.7,52.7
1068,Victor Valdez,TB,R,,,,,,22,Victor Valdez,SS,2008-09-12,18.0,,52.31,59.44,57.72,52.64
1071,Omar Alfonzo,NYY,AA,,,,,13,17,Omar Alfonzo,C-1B,2003-08-03,23.0,53.89,57.3,47.88,57.96,52.63
1072,Joseph Sullivan,HOU,AA,,,,,13,14,Joseph Sullivan,CF-RF,2002-07-01,24.0,55.7,53.15,53.48,48.65,52.62
1083,Wandy Asigen,NYM,R,,,,,,12,Wandy Asigen,SS,2009-08-21,17.0,,55.9,52.86,61.85,52.55
1096,Griffin Burkholder,PHI,A+,,,,,15,13,Griffin Burkholder,RF,2005-08-30,21.0,51.71,63.68,44.49,59.82,52.48
1102,Billy Amick,NYM,AAA,,,,,,24,Billy Amick,3B-1B,2002-11-04,24.0,50.94,59.14,55.46,52.1,52.46
1104,Anthony Huezo,HOU,AA,,,,,14,19,Anthony Huezo,CF,2005-11-02,21.0,48.72,60.56,55.24,58.52,52.44
1106,Michael Oliveto,DET,A,,,,,10,13,Michael Oliveto,C,2007-02-03,19.0,,55.8,52.44,61.83,52.43
1110,Shotaro Morii,OAK,A,,,,,11,13,Shotaro Morii,SS,2006-12-15,20.0,52.57,58.81,46.04,61.94,52.41
1116,Core Jackson,NYY,AA,,,,,,12,Core Jackson,IF,2003-10-11,23.0,47.92,64.22,57.06,51.45,52.36
1119,Luke Heyman,BOS,A+,,,,,28,,Luke Heyman,C,2003-07-09,23.0,,64.82,51.67,46.54,52.34
1126,Jude Warwick,DET,A,,,,,,24,Jude Warwick,SS,2005-09-09,21.0,52.67,58.93,49.73,54.22,52.3
1140,Daniel Dickinson,MIL,AA,,,,,29,30,Daniel Dickinson,IF,2003-12-05,23.0,,50.45,63.56,50.98,52.25
1156,Jack Wheeler,TEX,R,,,,,20,19,Jack Wheeler,3B,2006-07-11,20.0,,56.22,56.01,52.73,52.13
1172,Zach Levenson,STL,AAA,,,,,27,,Zach Levenson,LF-CF,2002-03-06,24.0,54.59,56.7,53.33,42.61,52.05
1181,Dawvris Brito,BOS,R,,,,,,24,Dawvris Brito,SS,2008-09-19,18.0,,59.95,48.61,57.72,52.0
1187,Nathan Hall,AZ,A,,,,,,28,Nathan Hall,C,2004-02-05,22.0,,,65.61,38.5,51.94
1196,Conrad Cason,BOS,R,,,,,,30,Conrad Cason,TWP,2006-08-07,20.0,,51.95,59.58,52.28,51.88
1196,Rosman Verdugo,SD,AAA,,,,,29,,Rosman Verdugo,3B-SS,2005-02-02,21.0,50.37,62.24,45.31,61.59,51.88
1198,Richard De Los Santos,COL,R,,,,,,29,Richard De Los Santos,SS,2009-05-20,17.0,,57.79,50.25,57.72,51.87
1201,Aaron Walton,CLE,AA,,,,,22,19,Aaron Walton,OF,2004-05-14,22.0,48.31,59.8,58.76,50.98,51.86
1210,Leandro Romero,SEA,R,,,,,20,,Leandro Romero,2B-SS,2006-11-08,20.0,52.47,56.09,51.83,52.73,51.82
1211,Jose Perdomo,OAK,R,,,,,,25,,,,,,53.68,54.23,57.72,51.81
1228,Aidan West,LAD,A,,,,,19,,Aidan West,SS,2007-04-24,19.0,,55.3,51.75,58.54,51.74
1240,Kale Fountain,SD,A,,,,,10,10,Kale Fountain,3B,2005-08-14,21.0,51.82,58.6,49.31,54.11,51.69
1242,Elijah Hainline,LAD,AAA,,,,,,26,Elijah Hainline,2B-SS,2002-12-20,24.0,51.22,56.53,53.21,53.31,51.67
1247,Sean Gamble,KC,A,,,,,6,5,Sean Gamble,OF,2006-07-06,20.0,,57.92,47.51,60.49,51.66
1275,Lorenzo Meola,SF,A,,,,,20,19,Lorenzo Meola,IF,2003-12-17,23.0,56.95,51.06,53.81,38.5,51.53
1283,Brock Wilken,MIL,AAA,,,,,18,22,Brock Wilken,3B,2002-06-17,24.0,54.49,55.04,50.32,46.79,51.5
1283,Cody Miller,ATL,A+,,,,,19,,Cody Miller,IF,2004-07-01,22.0,51.8,53.84,52.79,55.17,51.5
1291,Conor Essenburg,ATL,A+,,,,,15,13,Conor Essenburg,OF,2006-09-18,20.0,,48.87,55.13,61.84,51.44
1307,Ariel Armas,CHC,AA,,,,,29,20,Ariel Armas,C,2002-11-29,24.0,55.24,53.83,48.77,47.72,51.38
1307,Angel Cepeda,CHC,AA,,,,,20,25,Angel Cepeda,SS,2005-10-29,21.0,50.08,50.57,52.32,67.54,51.38
1317,Paxton Kling,TEX,AA,,,,,21,21,Paxton Kling,OF,2003-05-28,23.0,56.16,52.95,50.96,41.58,51.33
1319,Brando Mayea,NYY,A,,,,,27,,Brando Mayea,OF,2005-09-12,21.0,53.9,47.62,54.2,54.22,51.32
1325,Druw Jones,AZ,AA,,,,,17,16,Druw Jones,OF,2003-11-28,23.0,51.85,51.64,51.61,59.26,51.29
1330,Daniel Pierce,TB,A,,,,,8,5,Daniel Pierce,SS,2006-08-04,20.0,,53.79,49.98,60.49,51.26
1340,Nick Dumesnil,DET,A,,,,,23,27,Nick Dumesnil,OF,2004-03-27,22.0,54.18,54.75,54.61,38.94,51.2
1343,Billy Carlson,CWS,A,92.0,-1251.0,73.0,-1270.0,5,5,Billy Carlson,SS,2006-07-29,20.0,,54.88,48.53,60.49,51.19
1350,Kala'i Rosario,MIN,AAA,,,,,30,29,Kala'i Rosario,RF-LF,2002-07-02,24.0,52.32,50.92,54.13,53.31,51.15
1363,Matthew Boughton,CWS,A,,,,,30,,Matthew Boughton,SS,2005-09-10,21.0,,57.98,49.43,52.49,51.05
1363,Brayan Cortesia,WSH,R,,,,,29,,Brayan Cortesia,SS,2007-11-14,19.0,53.48,48.16,50.58,58.87,51.05
1363,George Wolkow,CWS,A+,,,,,15,14,George Wolkow,OF,2006-01-11,20.0,46.99,59.68,50.7,63.8,51.05
1376,Dixon Williams,ATL,AA,,,,,23,28,Dixon Williams,2B-OF,2003-12-19,23.0,50.32,54.01,55.98,51.45,51.0
1385,Johan Geraldo,CHC,R,,,,,,22,Johan Geraldo,SS,2009-04-06,17.0,,57.55,46.41,57.72,50.97
1391,Ryan Mitchell,STL,A,,,,,13,12,Ryan Mitchell,OF,2007-01-21,19.0,,52.06,49.43,61.83,50.92
1420,Lamar King Jr.,SD,A+,,,,,14,16,Lamar King,C,2003-12-07,23.0,53.47,55.7,49.16,46.19,50.8
1441,Joshua Liranzo,BAL,A,,,,,25,,Joshua Liranzo,3B,2006-08-25,20.0,52.16,53.37,45.56,60.49,50.67
1441,Brandon Compton,MIA,AAA,,,,,8,13,Brandon Compton,P,2003-10-27,23.0,42.9,62.81,59.91,55.63,50.67
1450,Ethan Conrad,CHC,A,,,,,5,3,Ethan Conrad,OF-P,2004-07-05,22.0,,52.74,57.49,44.54,50.6
1450,Randy De Jesus,LAA,AA,,,,,,30,Randy De Jesus,RF,2005-02-13,21.0,50.64,55.6,44.97,62.98,50.6
1453,Yohandy Morales,WSH,AAA,,,,,16,29,Yohandy Morales,3B,2001-10-09,25.0,50.14,57.14,54.02,46.79,50.59
1471,Kehden Hettiger,PHI,AA,,,,,,28,Kehden Hettiger,C-1B,2004-05-25,22.0,52.75,51.91,46.51,57.96,50.51
1485,Ethan Holliday,COL,A,80.0,-1405.0,24.0,-1461.0,1,1,Ethan Holliday,SS,2007-02-23,19.0,41.94,67.77,52.14,61.94,50.42
1488,Daniel Vazquez,KC,AA,,,,,,26,Daniel Vazquez,SS,2003-12-15,23.0,50.56,55.74,46.28,59.26,50.4
1523,Brailer Guerrero,TB,A,,,,,26,24,Brailer Guerrero,OF,2006-06-25,20.0,51.72,51.85,50.61,52.49,50.17
1532,Jacob Cozart,LAA,AA,,,,,14,20,Jacob Cozart,C,2003-01-09,23.0,50.8,58.11,48.91,47.72,50.14
1558,Walker Janek,HOU,AA,,,,,7,5,Walker Janek,C,2002-09-24,24.0,51.87,48.84,55.03,48.65,50.03
1578,Fernando Graterol,CWS,R,,,,,,28,Fernando Graterol,C,2008-10-09,18.0,,44.54,55.19,57.72,49.93
1607,Kellon Lindsey,LAD,A,,,,,16,16,Kellon Lindsey,SS,2005-09-21,21.0,48.05,51.86,56.31,54.11,49.78
1609,Ethan Petry,WSH,AA,,,,,13,12,Ethan Petry,IF,2004-06-17,22.0,48.13,56.11,49.37,57.96,49.77
1611,Romeo Sanabria,SD,AAA,,,,,15,28,Romeo Sanabria,1B,2002-05-02,24.0,52.69,52.07,52.06,42.61,49.75
1637,Kade Snell,CHC,A+,,,,,,27,Kade Snell,OF,2002-07-29,24.0,54.39,46.81,56.46,37.07,49.65
1651,Stiven Martinez,BAL,A,,,,,24,28,Stiven Martinez,CF,2007-08-08,19.0,49.44,53.32,44.99,63.84,49.59
1656,Matthew Ferrara,PHI,A,,,,,,26,Matthew Ferrara,SS,2007-06-04,19.0,40.66,66.66,52.4,61.83,49.56
1660,Blake Mitchell,KC,A+,,,75.0,-1585.0,4,2,Blake Mitchell,C,2004-08-03,22.0,49.58,52.83,49.98,55.31,49.54
1679,Carson Roccaforte,KC,AAA,,,,,13,18,Carson Roccaforte,CF,2002-03-29,24.0,49.38,52.77,57.44,42.61,49.42
1684,German Ramirez,HOU,A,,,,,27,,German Ramirez,SS,2006-07-28,20.0,51.84,49.4,44.62,60.49,49.4
1687,Cameron Leary,OAK,AA,,,,,,29,Cameron Leary,LF,2001-11-13,25.0,52.26,48.75,57.61,37.96,49.39
1696,Korbyn Dickerson,SEA,A+,,,,,14,12,Korbyn Dickerson,OF,2003-10-30,23.0,,51.39,54.34,42.49,49.33
1717,Ethan Hedges,COL,A+,,,,,13,17,Ethan Hedges,IF,2004-04-19,22.0,53.0,52.33,45.8,47.65,49.24
1726,Yorger Bautista,SEA,A,,,,,12,10,Yorger Bautista,OF,2007-09-19,19.0,43.8,62.97,47.69,61.16,49.19
1764,Izaac Pacheco,DET,AA,,,,,,22,Izaac Pacheco,3B-SS,2002-11-18,24.0,50.21,53.43,49.84,47.45,48.94
1789,Jose Urbina,AZ,R,,,,,19,17,Jose Urbina,P,2005-11-02,21.0,52.81,49.56,47.99,46.29,48.82
1792,Jackson Strong,DET,A+,,,,,29,29,Jackson Strong,CF-RF,2003-08-26,23.0,51.09,50.49,51.01,46.19,48.81
1800,Nolan Schubart,CLE,AA,,,,,21,28,Nolan Schubart,OF,2004-05-10,22.0,45.17,55.82,56.11,50.98,48.78
1813,Alex McCoy,SD,AA,,,,,,21,Alex McCoy,IF-P,2002-02-10,24.0,51.15,53.72,56.88,29.77,48.74
1816,Luis Suisbel,SEA,A+,,,,,19,,Luis Suisbel,3B-SS,2003-05-23,23.0,50.11,55.04,52.5,38.89,48.73
1834,Nelly Taylor,BOS,AA,,,,,30,22,Nelly Taylor,CF-LF,2003-01-22,23.0,51.12,49.2,50.51,47.45,48.59
1854,Hansel Jimenez,CIN,R,,,,,,30,Hansel Jimenez,3B,2006-12-05,20.0,47.68,50.01,54.0,52.73,48.49
1873,Warren Calcaño,KC,R,,,,,19,20,Warren Calcano,SS,2007-10-17,19.0,44.92,48.94,60.41,53.59,48.36
1876,Jack Penney,DET,A+,,,,,21,,Jack Penney,3B-SS,2002-08-19,24.0,51.05,55.53,53.27,30.09,48.35
1881,Antonio Jimenez,NYM,A+,,,,,20,17,Antonio Jimenez,SS,2004-06-15,22.0,53.9,46.99,45.78,46.54,48.33
1901,Tate Southisene,ATL,A+,,,,,13,4,Tate Southisene,SS,2006-10-06,20.0,33.13,72.22,57.84,61.84,48.22
1952,Darwing Ozuna,OAK,R,,,,,29,28,Darwing Ozuna,OF,2008-03-24,18.0,46.32,54.39,49.57,53.59,47.93
2020,Tyson Lewis,CIN,A+,,,,,4,5,Tyson Lewis,SS,2006-01-10,20.0,46.33,47.98,50.47,59.82,47.48
2043,Jase Mitchell,HOU,R,,,,,16,22,Jase Mitchell,C,2006-09-30,20.0,,48.06,42.85,52.28,47.31
2047,Junior Perez,CWS,AAA,,,,,19,20,Junior Perez,CF-LF,2001-07-04,25.0,47.36,51.39,51.39,46.79,47.29
2066,Jace LaViolette,CLE,AA,,,,,7,9,Jace LaViolette,OF,2003-12-04,23.0,,41.41,50.05,50.98,47.21
2072,Braedon Karpathios,SD,AAA,,,,,13,12,Braedon Karpathios,RF-CF,2003-06-19,23.0,48.52,49.07,46.75,53.31,47.18
2074,Tim Piasentin,TOR,R,,,,,,20,Tim Piasentin,3B,2007-03-25,19.0,,50.47,39.69,52.28,47.17
2077,Avery Owusu-Asiedu,AZ,AA,,,,,,29,Avery Owusu-Asiedu,CF,2003-06-16,23.0,47.7,49.27,54.53,42.79,47.15
2094,Brendan Tunink,LAD,A,,,,,18,28,Brendan Tunink,OF,2005-10-02,21.0,51.83,47.97,39.33,54.11,47.07
2103,Jhoan De La Cruz,SD,R,,,,,21,23,Jhoan De La Cruz,SS,2007-11-16,19.0,51.96,42.68,41.34,59.13,47.02
2107,Juan Tomas,CHC,A,,,,,24,14,Juan Tomas,SS,2007-11-28,19.0,43.89,54.44,46.26,61.16,46.97
2113,Caden Powell,HOU,A+,,,,,,27,Caden Powell,3B-SS,2003-10-24,23.0,45.68,49.88,55.43,46.54,46.95
2138,Chase Davis,STL,AAA,,,,,28,,Chase Davis,CF,2001-12-05,25.0,48.41,47.52,50.73,46.79,46.79
2154,Jose Luis Acevedo,BAL,R,,,,,,23,Jose Luis Acevedo,SS,2008-11-29,18.0,,,30.37,57.72,46.68
2166,Gavin Turley,OAK,A+,,,,,18,15,Gavin Turley,OF,2003-11-12,23.0,53.38,41.76,46.92,42.49,46.6
2168,Sheng-En Lin,CIN,R,,,,,15,11,Sheng-En Lin,P,2005-09-01,21.0,46.14,52.45,46.44,52.62,46.59
2176,PJ Morlando,MIA,A,,,,,18,27,PJ Morlando,CF,2005-05-16,21.0,49.18,49.36,46.13,46.55,46.56
2197,Landon Hodge,CWS,A,,,,,24,21,Landon Hodge,C,2007-02-18,19.0,,46.18,36.69,58.54,46.34
2214,Mani Cedeno,NYY,R,,,,,,29,Mani Cedeno,SS,2008-08-14,18.0,43.24,53.21,47.67,57.72,46.22
2244,Jake Cook,TOR,A,,,,,,11,Jake Cook,OF,2003-07-13,23.0,,41.42,51.9,38.94,46.05
2359,Dean Curley,CLE,AA,,,,,13,14,Dean Curley,SS,2004-04-15,22.0,41.29,54.44,49.82,50.98,45.11
2400,Jorgelys Mota,WSH,A+,,,,,20,,Jorgelys Mota,SS,2005-06-03,21.0,44.18,44.74,49.07,55.17,44.74
2400,Ronny Muñoz,MIA,R,,,,,,24,Ronny Munoz,SS,2008-10-04,18.0,,42.55,33.66,57.72,44.74
2414,Ryan Lasko,OAK,AAA,,,,,22,21,Ryan Lasko,OF,2002-06-24,24.0,47.38,45.86,47.43,42.61,44.63
2420,Fernando Cruz,CHC,A,,,,,,30,Fernando Cruz,SS,2006-11-13,20.0,41.89,51.19,44.75,58.54,44.54
2427,Nick Monistere,HOU,A+,,,,,22,,Nick Monistere,IF,2004-01-27,22.0,47.84,46.85,42.36,46.54,44.48
2443,Francisco Vilorio,NYY,R,,,,,23,,Francisco Vilorio,CF,2006-10-31,20.0,46.67,43.49,44.49,52.28,44.33
2471,Alex Lodise,ATL,AA,,,,,6,5,Alex Lodise,IF,2004-03-10,22.0,40.69,51.39,54.44,42.79,44.07
2537,Max Belyeu,COL,A+,,,,,7,12,Max Belyeu,OF,2003-12-15,23.0,42.49,52.56,42.96,47.65,43.35
2557,Nick Becker,SEA,A,,,,,11,9,Nick Becker,SS,2006-12-04,20.0,37.82,52.51,46.46,58.54,43.16
2574,Ryan Wideman,SD,A+,,,,,8,9,Ryan Wideman,OF-1B,2003-11-04,23.0,37.61,51.67,56.38,42.49,42.96
2580,Colin Yeaman,BAL,A+,,,,,,30,Colin Yeaman,IF,2004-04-15,22.0,46.59,45.57,39.22,46.54,42.86
2598,Kavares Tears,SD,A+,,,,,19,27,Kavares Tears,OF,2002-08-25,24.0,45.28,44.82,48.12,37.07,42.76
2605,Jack Gurevitch,STL,AA,,,,,23,30,Jack Gurevitch,1B,2004-03-09,22.0,38.28,47.9,52.53,50.98,42.69
2606,Bobby Boser,OAK,AA,,,,,,30,Bobby Boser,2B,2002-12-05,24.0,44.17,45.79,42.47,48.65,42.67
2617,Mason Neville,CIN,A+,,,,,17,22,Mason Neville,OF,2004-01-13,22.0,44.94,43.97,43.31,46.19,42.52
2640,Luis Gutierrez,KC,R,,,,,24,20,Luis Gutierrez,P,2003-07-31,23.0,,43.14,33.94,36.02,42.11
2659,Maui Ahuna,SF,AA,,,,,,20,Maui Ahuna,IF,2002-03-11,24.0,47.22,34.77,49.55,36.93,41.74
2675,Truitt Madonna,SD,A,,,,,17,24,Truitt Madonna,C,2007-03-12,19.0,37.38,53.54,37.35,61.94,41.61
2680,Ty Harvey,SD,A,,,,,7,8,Ty Harvey,C,2006-07-28,20.0,31.53,60.22,43.67,61.94,41.56
2793,Deivid Coronil,SD,R,,,,,22,26,Deivid Coronil,SS,2007-10-04,19.0,37.97,48.92,34.21,57.79,39.62
2867,Josh Owens,TEX,A,,,,,4,6,Josh Owens,TWP,2007-01-08,19.0,31.16,50.24,40.18,58.54,37.89
2883,Landyn Vidourek,COL,A,,,,,27,27,Landyn Vidourek,OF,2003-11-06,23.0,44.49,33.41,36.87,38.5,37.46
2954,Kendry Martínez,SEA,R,,,,,,28,Kendry Martinez,SS,2007-10-02,19.0,33.01,44.86,31.62,53.59,35.07
2983,Connor Burns,CIN,AA,,,,,30,,Connor Burns,C,2001-12-25,25.0,37.41,31.85,36.94,38.89,33.59
2988,Vance Honeycutt,BAL,AA,,,,,26,,Vance Honeycutt,CF-RF,2003-05-17,23.0,35.5,26.49,43.66,41.58,33.22
2998,Quentin Young,MIN,A,,,,,12,14,Quentin Young,SS,2007-03-02,19.0,28.72,35.44,36.01,61.83,32.78
