Season,League,N,R2,Adj_R2,F_stat,F_pval,K%_coef,K%_pval,ISO_coef,ISO_pval,GB/FB_coef,GB/FB_pval,SwStr%_coef,SwStr%_pval,Age_Z_SL_coef,Age_Z_SL_pval
2007,Appalachian League,157,0.784,0.777,109.458,0.0,-2.989,0.0,3.681,0.0,0.012,0.44,0.208,0.507,0.027,0.07
2007,Arizona League,184,0.759,0.753,112.401,0.0,-3.416,0.0,3.343,0.0,0.073,0.001,0.426,0.198,0.027,0.16
2007,California League,192,0.885,0.882,287.052,0.0,-3.404,0.0,3.654,0.0,0.015,0.271,0.179,0.41,-0.009,0.421
2007,Carolina League,132,0.81,0.803,107.739,0.0,-2.525,0.0,3.587,0.0,-0.0,0.978,-0.532,0.154,0.009,0.542
2007,Dominican Summer League,566,0.794,0.792,431.454,0.0,-2.925,0.0,3.771,0.0,-0.004,0.84,-0.142,0.418,0.019,0.017
2007,Eastern League,108,0.91,0.905,205.436,0.0,-4.591,0.0,3.837,0.0,0.006,0.598,1.243,0.0,-0.003,0.846
2007,Florida State League,221,0.845,0.842,235.288,0.0,-2.77,0.0,3.941,0.0,0.009,0.44,-0.201,0.381,-0.034,0.002
2007,Gulf Coast League,285,0.694,0.689,126.817,0.0,-2.809,0.0,3.74,0.0,0.024,0.164,-0.061,0.803,0.012,0.375
2007,International League,68,0.911,0.904,127.435,0.0,-3.111,0.0,4.262,0.0,0.028,0.142,-0.175,0.811,-0.003,0.874
2007,Midwest League,283,0.827,0.823,264.103,0.0,-2.71,0.0,4.099,0.0,0.04,0.009,-0.132,0.444,-0.007,0.418
2007,Pacific Coast League,123,0.824,0.816,109.37,0.0,-3.099,0.0,3.606,0.0,-0.022,0.084,-0.186,0.774,-0.011,0.598
2007,Pioneer League,150,0.759,0.75,90.588,0.0,-2.398,0.0,3.502,0.0,-0.004,0.836,-0.127,0.735,-0.001,0.932
2007,South Atlantic League,298,0.834,0.831,293.809,0.0,-2.898,0.0,4.043,0.0,0.024,0.018,-0.246,0.276,-0.014,0.134
2007,Southern League,145,0.879,0.874,201.151,0.0,-2.859,0.0,3.468,0.0,-0.036,0.003,-0.194,0.443,-0.001,0.974
2007,Texas League,102,0.92,0.916,220.145,0.0,-2.868,0.0,3.753,0.0,-0.01,0.226,-0.342,0.218,0.042,0.01
2007,Venezuelan Summer League,142,0.855,0.85,160.842,0.0,-2.114,0.0,4.481,0.0,0.05,0.028,-1.105,0.001,0.022,0.125
2008,Appalachian League,169,0.71,0.701,79.917,0.0,-3.01,0.0,3.949,0.0,0.04,0.061,0.596,0.071,-0.002,0.917
2008,Arizona League,178,0.715,0.707,86.327,0.0,-2.696,0.0,3.698,0.0,0.045,0.036,-0.514,0.115,0.011,0.601
2008,California League,182,0.807,0.802,147.277,0.0,-3.256,0.0,3.759,0.0,-0.0,1.0,-0.202,0.463,0.0,0.993
2008,Carolina League,134,0.838,0.832,132.75,0.0,-2.53,0.0,4.027,0.0,0.018,0.214,-0.442,0.086,0.011,0.343
2008,Dominican Summer League,595,0.759,0.757,370.98,0.0,-2.337,0.0,3.602,0.0,-0.012,0.421,-0.677,0.001,0.004,0.633
2008,Eastern League,135,0.894,0.89,217.023,0.0,-3.351,0.0,4.336,0.0,-0.018,0.083,0.208,0.419,-0.016,0.262
2008,Florida State League,224,0.774,0.769,149.665,0.0,-2.314,0.0,3.837,0.0,0.001,0.886,-0.126,0.632,0.003,0.793
2008,Gulf Coast League,311,0.708,0.703,147.979,0.0,-2.513,0.0,3.524,0.0,0.031,0.094,-0.43,0.085,0.002,0.877
2008,International League,76,0.84,0.828,73.422,0.0,-2.318,0.0,4.053,0.0,-0.063,0.001,-0.804,0.368,0.001,0.979
2008,Midwest League,299,0.775,0.771,201.47,0.0,-2.935,0.0,3.748,0.0,0.008,0.467,-0.015,0.943,0.005,0.575
2008,Pacific Coast League,110,0.914,0.91,222.294,0.0,-3.271,0.0,3.921,0.0,-0.009,0.426,0.65,0.317,-0.028,0.09
2008,Pioneer League,148,0.81,0.803,120.78,0.0,-2.712,0.0,3.351,0.0,0.01,0.627,0.15,0.681,0.01,0.499
2008,South Atlantic League,325,0.794,0.791,246.157,0.0,-2.352,0.0,3.725,0.0,-0.016,0.034,-0.582,0.004,-0.013,0.146
2008,Southern League,146,0.896,0.892,241.154,0.0,-2.898,0.0,4.452,0.0,-0.016,0.183,-0.294,0.278,-0.011,0.489
2008,Texas League,105,0.839,0.83,102.853,0.0,-3.459,0.0,3.924,0.0,-0.007,0.517,1.015,0.133,-0.006,0.745
2008,Venezuelan Summer League,127,0.866,0.86,155.811,0.0,-2.715,0.0,3.509,0.0,-0.006,0.791,-0.463,0.112,0.018,0.189
2009,Appalachian League,168,0.735,0.727,89.988,0.0,-2.489,0.0,4.151,0.0,0.07,0.011,-0.492,0.125,0.006,0.685
2009,Arizona League,216,0.735,0.728,116.314,0.0,-2.629,0.0,4.043,0.0,0.03,0.001,-0.113,0.687,-0.018,0.288
2009,California League,185,0.81,0.805,152.534,0.0,-2.83,0.0,3.841,0.0,0.012,0.17,-0.329,0.214,0.006,0.632
2009,Carolina League,138,0.806,0.799,109.667,0.0,-3.133,0.0,3.315,0.0,-0.057,0.011,0.045,0.877,-0.0,0.977
2009,Dominican Summer League,565,0.787,0.785,413.522,0.0,-2.343,0.0,3.684,0.0,-0.031,0.032,-0.602,0.003,0.007,0.356
2009,Eastern League,153,0.894,0.89,247.536,0.0,-2.963,0.0,4.061,0.0,0.005,0.539,-0.42,0.063,0.006,0.681
2009,Florida State League,225,0.726,0.72,115.959,0.0,-2.446,0.0,3.844,0.0,0.011,0.321,-0.532,0.056,-0.003,0.794
2009,Gulf Coast League,311,0.76,0.756,193.176,0.0,-2.417,0.0,3.367,0.0,0.001,0.958,-0.44,0.051,-0.018,0.138
2009,International League,79,0.855,0.845,86.283,0.0,-2.839,0.0,4.189,0.0,-0.013,0.605,-0.508,0.444,-0.048,0.051
2009,Midwest League,302,0.77,0.767,198.733,0.0,-2.707,0.0,4.019,0.0,0.028,0.028,-0.072,0.749,0.012,0.255
2009,Pacific Coast League,109,0.872,0.865,139.9,0.0,-3.184,0.0,3.69,0.0,-0.028,0.13,0.454,0.458,-0.03,0.111
2009,Pioneer League,153,0.754,0.746,90.132,0.0,-2.933,0.0,3.636,0.0,0.016,0.256,0.057,0.878,0.02,0.243
2009,South Atlantic League,337,0.824,0.821,309.548,0.0,-2.641,0.0,3.643,0.0,0.011,0.15,-0.17,0.348,-0.012,0.153
2009,Southern League,134,0.881,0.877,189.793,0.0,-3.013,0.0,3.883,0.0,-0.004,0.655,-0.009,0.986,-0.006,0.696
2009,Texas League,114,0.848,0.841,120.544,0.0,-3.382,0.0,4.304,0.0,0.018,0.138,0.809,0.19,-0.015,0.401
2009,Venezuelan Summer League,113,0.843,0.836,114.947,0.0,-2.507,0.0,3.804,0.0,0.05,0.001,-0.474,0.18,0.038,0.018
2010,Appalachian League,179,0.807,0.801,144.552,0.0,-2.817,0.0,4.16,0.0,0.013,0.308,-0.227,0.439,-0.021,0.13
2010,Arizona League,239,0.657,0.649,89.097,0.0,-2.754,0.0,3.263,0.0,0.012,0.443,-0.206,0.449,0.004,0.808
2010,California League,187,0.819,0.814,164.3,0.0,-2.898,0.0,3.721,0.0,-0.011,0.441,-0.031,0.905,-0.001,0.916
2010,Carolina League,156,0.779,0.772,105.768,0.0,-3.277,0.0,3.917,0.0,0.046,0.024,0.335,0.213,0.003,0.845
2010,Dominican Summer League,576,0.776,0.774,394.414,0.0,-2.068,0.0,3.838,0.0,-0.013,0.316,-0.799,0.0,0.013,0.064
2010,Eastern League,154,0.856,0.851,176.148,0.0,-3.771,0.0,3.831,0.0,0.025,0.185,0.408,0.131,0.017,0.3
2010,Florida State League,256,0.794,0.789,192.147,0.0,-2.413,0.0,3.756,0.0,-0.002,0.845,-0.272,0.133,0.003,0.775
2010,Gulf Coast League,313,0.658,0.652,118.008,0.0,-2.68,0.0,3.659,0.0,0.009,0.209,-0.087,0.704,-0.001,0.939
2010,International League,85,0.899,0.892,140.182,0.0,-3.547,0.0,3.94,0.0,0.044,0.034,0.553,0.34,-0.003,0.853
2010,Midwest League,326,0.823,0.82,297.876,0.0,-2.912,0.0,3.919,0.0,0.025,0.079,-0.033,0.856,-0.003,0.731
2010,Pacific Coast League,106,0.881,0.875,147.797,0.0,-2.819,0.0,3.646,0.0,0.024,0.016,-0.394,0.514,0.011,0.58
2010,Pioneer League,144,0.814,0.807,120.473,0.0,-3.244,0.0,3.9,0.0,0.037,0.016,0.072,0.818,-0.024,0.081
2010,South Atlantic League,289,0.789,0.786,212.091,0.0,-2.256,0.0,4.035,0.0,0.032,0.002,-0.541,0.004,-0.004,0.63
2010,Southern League,150,0.858,0.853,174.353,0.0,-3.15,0.0,3.451,0.0,-0.017,0.069,0.108,0.858,0.023,0.203
2010,Texas League,122,0.843,0.836,124.153,0.0,-2.588,0.0,4.411,0.0,0.009,0.67,-1.13,0.066,-0.018,0.309
2010,Venezuelan Summer League,105,0.798,0.788,78.207,0.0,-1.411,0.032,3.348,0.0,-0.002,0.795,-1.144,0.018,0.039,0.015
2011,Appalachian League,174,0.735,0.727,93.312,0.0,-2.132,0.0,3.372,0.0,0.04,0.046,-0.762,0.019,-0.001,0.958
2011,Arizona League,259,0.8,0.796,202.686,0.0,-3.04,0.0,3.575,0.0,0.005,0.606,-0.23,0.403,-0.022,0.154
2011,California League,189,0.817,0.812,163.269,0.0,-2.438,0.0,3.786,0.0,0.004,0.794,-0.543,0.061,-0.0,0.999
2011,Carolina League,147,0.844,0.839,152.947,0.0,-3.628,0.0,3.955,0.0,0.001,0.962,0.413,0.132,-0.012,0.401
2011,Dominican Summer League,559,0.778,0.776,386.719,0.0,-2.78,0.0,3.536,0.0,-0.012,0.363,-0.251,0.142,0.029,0.0
2011,Eastern League,128,0.898,0.893,213.882,0.0,-3.029,0.0,3.559,0.0,-0.019,0.16,0.295,0.182,-0.036,0.008
2011,Florida State League,212,0.794,0.789,158.524,0.0,-2.449,0.0,3.728,0.0,0.033,0.027,-0.188,0.356,-0.008,0.44
2011,Gulf Coast League,297,0.698,0.692,134.221,0.0,-2.682,0.0,4.262,0.0,0.044,0.019,-0.369,0.172,-0.007,0.659
2011,International League,80,0.886,0.878,114.91,0.0,-3.086,0.0,3.543,0.0,-0.007,0.766,-0.76,0.249,-0.011,0.547
2011,Midwest League,335,0.771,0.767,221.101,0.0,-2.55,0.0,3.834,0.0,0.009,0.406,-0.299,0.185,-0.015,0.088
2011,Pacific Coast League,112,0.817,0.808,94.655,0.0,-3.089,0.0,3.884,0.0,-0.02,0.09,1.183,0.11,0.0,0.997
2011,Pioneer League,149,0.755,0.746,87.9,0.0,-2.325,0.0,3.596,0.0,0.016,0.272,-0.402,0.175,-0.003,0.853
2011,South Atlantic League,267,0.819,0.816,236.588,0.0,-2.19,0.0,3.476,0.0,0.05,0.0,-0.452,0.031,-0.008,0.355
2011,Southern League,139,0.909,0.906,266.245,0.0,-3.14,0.0,3.518,0.0,-0.009,0.244,0.21,0.653,-0.006,0.692
2011,Texas League,116,0.885,0.88,169.132,0.0,-2.234,0.0,4.043,0.0,-0.031,0.005,-0.624,0.196,0.013,0.429
2011,Venezuelan Summer League,97,0.823,0.813,84.347,0.0,-2.937,0.001,4.16,0.0,0.018,0.171,-0.046,0.942,-0.013,0.425
2012,Appalachian League,175,0.776,0.77,117.223,0.0,-2.335,0.0,3.405,0.0,0.012,0.384,-0.511,0.062,0.012,0.373
2012,Arizona League,261,0.785,0.781,186.425,0.0,-2.819,0.0,3.428,0.0,0.023,0.101,-0.123,0.675,-0.007,0.678
2012,California League,190,0.836,0.831,187.175,0.0,-2.803,0.0,3.521,0.0,-0.008,0.586,-0.228,0.347,-0.04,0.002
2012,Carolina League,150,0.801,0.795,116.225,0.0,-2.617,0.0,3.844,0.0,-0.016,0.401,-0.155,0.504,0.006,0.675
2012,Dominican Summer League,571,0.755,0.753,349.068,0.0,-2.362,0.0,3.772,0.0,0.008,0.573,-0.431,0.01,-0.001,0.941
2012,Eastern League,146,0.848,0.843,156.612,0.0,-3.28,0.0,3.915,0.0,0.007,0.537,0.159,0.686,0.009,0.531
2012,Florida State League,228,0.803,0.798,180.838,0.0,-2.386,0.0,3.71,0.0,0.003,0.8,-0.339,0.077,-0.017,0.109
2012,Gulf Coast League,287,0.643,0.637,101.186,0.0,-2.653,0.0,3.266,0.0,0.027,0.063,0.065,0.817,0.014,0.383
2012,International League,69,0.808,0.793,53.077,0.0,-2.495,0.0,4.336,0.0,0.04,0.081,-0.466,0.577,0.028,0.245
2012,Midwest League,336,0.837,0.835,338.87,0.0,-2.634,0.0,3.803,0.0,0.029,0.005,-0.373,0.009,-0.017,0.04
2012,Pacific Coast League,112,0.901,0.896,193.031,0.0,-2.57,0.0,4.663,0.0,0.011,0.37,-0.998,0.117,0.004,0.811
2012,Pioneer League,155,0.751,0.743,90.027,0.0,-3.181,0.0,3.786,0.0,0.058,0.001,-0.223,0.589,-0.02,0.229
2012,South Atlantic League,285,0.801,0.798,225.258,0.0,-2.773,0.0,4.494,0.0,0.077,0.0,-0.142,0.499,-0.019,0.07
2012,Southern League,153,0.874,0.87,203.998,0.0,-3.144,0.0,3.568,0.0,-0.033,0.002,0.133,0.772,-0.017,0.263
2012,Texas League,110,0.73,0.717,56.348,0.0,-2.536,0.0,3.308,0.0,-0.001,0.928,-0.43,0.584,-0.018,0.465
2012,Venezuelan Summer League,62,0.797,0.778,43.841,0.0,-2.173,0.023,3.473,0.0,-0.007,0.736,-0.765,0.275,0.053,0.018
2013,Appalachian League,184,0.738,0.731,100.213,0.0,-2.924,0.0,3.538,0.0,-0.02,0.225,0.022,0.942,-0.02,0.169
2013,Arizona League,268,0.771,0.767,176.806,0.0,-3.278,0.0,4.101,0.0,0.021,0.019,0.412,0.112,0.008,0.572
2013,California League,186,0.865,0.861,230.532,0.0,-2.473,0.0,3.64,0.0,-0.007,0.491,-0.639,0.002,-0.008,0.482
2013,Carolina League,140,0.841,0.835,141.935,0.0,-3.015,0.0,3.718,0.0,-0.043,0.011,-0.188,0.407,-0.014,0.277
2013,Dominican Summer League,558,0.745,0.743,322.456,0.0,-2.393,0.0,3.902,0.0,0.022,0.197,-0.605,0.002,0.03,0.0
2013,Eastern League,150,0.799,0.792,114.288,0.0,-3.362,0.0,3.14,0.0,-0.045,0.004,0.648,0.221,-0.003,0.827
2013,Florida State League,233,0.781,0.776,161.477,0.0,-2.549,0.0,3.921,0.0,0.028,0.125,-0.118,0.561,-0.008,0.524
2013,Gulf Coast League,316,0.732,0.727,169.125,0.0,-2.565,0.0,3.41,0.0,0.004,0.697,-0.243,0.29,-0.002,0.852
2013,International League,83,0.776,0.761,53.32,0.0,-2.583,0.0,3.915,0.0,0.042,0.158,0.94,0.191,-0.035,0.121
2013,Midwest League,322,0.794,0.791,243.708,0.0,-2.624,0.0,3.732,0.0,0.066,0.0,-0.159,0.309,-0.016,0.06
2013,Pacific Coast League,107,0.876,0.87,142.435,0.0,-3.084,0.0,3.757,0.0,-0.016,0.297,0.094,0.901,-0.02,0.394
2013,Pioneer League,151,0.746,0.738,85.352,0.0,-2.475,0.0,3.541,0.0,0.021,0.069,-0.485,0.24,-0.014,0.428
2013,South Atlantic League,299,0.806,0.802,242.984,0.0,-2.917,0.0,3.991,0.0,0.052,0.0,0.041,0.799,0.0,0.988
2013,Southern League,149,0.924,0.922,348.661,0.0,-2.76,0.0,4.031,0.0,-0.032,0.0,-0.293,0.454,0.006,0.659
2013,Texas League,105,0.836,0.828,101.134,0.0,-2.75,0.0,3.783,0.0,-0.008,0.74,-0.302,0.587,-0.01,0.542
2013,Venezuelan Summer League,77,0.858,0.848,86.089,0.0,-2.18,0.003,3.902,0.0,0.032,0.142,-0.825,0.156,0.022,0.233
2014,Appalachian League,182,0.722,0.715,91.621,0.0,-3.101,0.0,3.667,0.0,0.036,0.034,0.401,0.177,-0.013,0.421
2014,Arizona League,254,0.738,0.733,139.93,0.0,-2.382,0.0,3.416,0.0,0.022,0.072,-0.783,0.008,0.02,0.27
2014,California League,196,0.806,0.801,158.152,0.0,-3.197,0.0,3.663,0.0,-0.016,0.17,0.181,0.413,-0.019,0.125
2014,Carolina League,140,0.869,0.864,177.106,0.0,-2.878,0.0,3.948,0.0,0.041,0.115,-0.031,0.906,0.011,0.476
2014,Dominican Summer League,598,0.783,0.781,427.936,0.0,-2.334,0.0,3.873,0.0,0.028,0.015,-0.642,0.0,0.013,0.077
2014,Eastern League,138,0.909,0.905,262.253,0.0,-2.748,0.0,3.544,0.0,-0.005,0.646,-0.483,0.326,-0.0,0.992
2014,Florida State League,230,0.832,0.828,221.591,0.0,-2.557,0.0,3.247,0.0,-0.028,0.049,-0.276,0.13,-0.006,0.559
2014,Gulf Coast League,321,0.733,0.728,172.554,0.0,-3.035,0.0,3.471,0.0,0.01,0.364,0.583,0.016,0.006,0.638
2014,International League,79,0.787,0.773,54.068,0.0,-3.121,0.0,4.005,0.0,-0.012,0.71,0.746,0.342,-0.0,0.998
2014,Midwest League,329,0.82,0.817,294.536,0.0,-2.814,0.0,3.7,0.0,0.032,0.003,0.022,0.875,-0.009,0.249
2014,Pacific Coast League,127,0.885,0.88,186.456,0.0,-3.152,0.0,3.836,0.0,-0.009,0.307,-0.709,0.232,-0.033,0.081
2014,Pioneer League,156,0.605,0.592,45.975,0.0,-2.516,0.0,3.534,0.0,0.07,0.0,0.11,0.805,0.008,0.68
2014,South Atlantic League,294,0.848,0.845,320.236,0.0,-2.66,0.0,3.532,0.0,0.014,0.224,-0.293,0.059,0.01,0.276
2014,Southern League,151,0.908,0.905,286.805,0.0,-2.831,0.0,3.997,0.0,-0.022,0.013,0.092,0.823,-0.007,0.632
2014,Texas League,111,0.797,0.787,82.402,0.0,-2.75,0.0,3.994,0.0,0.001,0.965,-0.432,0.448,0.006,0.677
2014,Venezuelan Summer League,78,0.87,0.861,96.252,0.0,-5.441,0.0,4.312,0.0,-0.013,0.444,2.095,0.001,-0.017,0.276
2015,Appalachian League,169,0.822,0.816,150.279,0.0,-3.061,0.0,3.863,0.0,0.014,0.343,0.228,0.358,-0.015,0.212
2015,Arizona League,270,0.727,0.722,140.667,0.0,-2.898,0.0,3.993,0.0,0.045,0.0,0.124,0.661,0.027,0.091
2015,California League,193,0.877,0.874,266.68,0.0,-3.186,0.0,3.599,0.0,0.008,0.549,-0.004,0.983,-0.011,0.297
2015,Carolina League,145,0.722,0.712,72.201,0.0,-2.432,0.0,4.106,0.0,0.013,0.356,0.007,0.982,-0.011,0.466
2015,Dominican Summer League,614,0.793,0.791,465.084,0.0,-2.561,0.0,3.576,0.0,0.011,0.214,-0.491,0.008,0.025,0.0
2015,Eastern League,164,0.854,0.849,185.008,0.0,-2.991,0.0,3.672,0.0,-0.039,0.006,-0.128,0.819,0.011,0.433
2015,Florida State League,217,0.752,0.746,128.043,0.0,-2.896,0.0,4.484,0.0,0.008,0.57,-0.065,0.749,-0.009,0.429
2015,Gulf Coast League,306,0.728,0.723,160.545,0.0,-2.369,0.0,3.803,0.0,0.043,0.007,-0.345,0.084,0.003,0.817
2015,International League,87,0.821,0.81,74.313,0.0,-2.468,0.0,4.258,0.0,-0.002,0.848,-0.61,0.294,-0.048,0.013
2015,Midwest League,351,0.79,0.787,259.114,0.0,-2.846,0.0,4.009,0.0,0.002,0.74,-0.308,0.043,0.006,0.495
2015,Pacific Coast League,125,0.785,0.776,86.977,0.0,-2.855,0.0,3.843,0.0,-0.014,0.093,0.548,0.458,-0.004,0.847
2015,Pioneer League,168,0.745,0.737,94.511,0.0,-3.383,0.0,3.27,0.0,0.029,0.178,0.332,0.379,0.016,0.311
2015,South Atlantic League,296,0.773,0.769,197.298,0.0,-2.688,0.0,3.849,0.0,0.012,0.141,-0.48,0.005,-0.013,0.192
2015,Southern League,143,0.87,0.865,183.376,0.0,-3.303,0.0,3.97,0.0,0.008,0.506,0.337,0.495,0.02,0.215
2015,Texas League,98,0.81,0.8,78.639,0.0,-2.661,0.0,4.26,0.0,0.004,0.875,-0.411,0.567,0.006,0.776
2015,Venezuelan Summer League,59,0.874,0.862,73.523,0.0,-2.507,0.002,4.676,0.0,0.022,0.508,-0.257,0.648,0.028,0.144
2016,Appalachian League,182,0.783,0.777,127.194,0.0,-2.226,0.0,3.283,0.0,0.025,0.225,-0.637,0.012,0.006,0.611
2016,Arizona League,280,0.708,0.702,132.709,0.0,-2.565,0.0,3.861,0.0,0.009,0.331,-0.511,0.038,-0.001,0.929
2016,California League,193,0.833,0.829,186.94,0.0,-2.459,0.0,3.778,0.0,0.013,0.274,-0.52,0.144,0.004,0.716
2016,Carolina League,154,0.78,0.773,105.243,0.0,-2.359,0.0,4.028,0.0,0.017,0.291,-1.168,0.009,-0.042,0.002
2016,Dominican Summer League,684,0.798,0.797,537.121,0.0,-2.4,0.0,3.659,0.0,0.026,0.0,-0.55,0.0,0.007,0.259
2016,Eastern League,162,0.899,0.896,279.084,0.0,-3.118,0.0,3.493,0.0,-0.027,0.007,0.042,0.906,0.0,0.991
2016,Florida State League,240,0.8,0.795,186.627,0.0,-2.215,0.0,3.847,0.0,-0.022,0.009,-0.828,0.019,0.001,0.908
2016,Gulf Coast League,330,0.722,0.718,168.502,0.0,-2.544,0.0,4.315,0.0,0.035,0.008,-0.491,0.017,0.012,0.367
2016,International League,93,0.904,0.899,164.438,0.0,-3.165,0.0,4.008,0.0,-0.004,0.76,-0.101,0.845,-0.006,0.722
2016,Midwest League,369,0.826,0.823,343.965,0.0,-2.318,0.0,3.756,0.0,0.011,0.226,-1.19,0.0,0.006,0.475
2016,Pacific Coast League,136,0.905,0.902,248.339,0.0,-2.503,0.0,4.077,0.0,-0.015,0.051,-0.913,0.069,-0.025,0.183
2016,Pioneer League,163,0.675,0.664,65.097,0.0,-3.006,0.0,3.073,0.0,0.015,0.128,0.215,0.57,0.007,0.699
2016,South Atlantic League,291,0.846,0.844,314.198,0.0,-2.565,0.0,3.328,0.0,0.001,0.925,-0.891,0.005,-0.022,0.01
2016,Southern League,144,0.854,0.849,161.224,0.0,-2.971,0.0,4.139,0.0,0.002,0.879,0.248,0.668,0.009,0.601
2016,Texas League,129,0.842,0.836,131.289,0.0,-2.658,0.0,3.946,0.0,-0.005,0.78,-0.835,0.147,-0.016,0.324
2017,Appalachian League,184,0.776,0.77,123.264,0.0,-2.677,0.0,3.401,0.0,0.022,0.235,-0.024,0.947,0.01,0.477
2017,Arizona League,300,0.815,0.811,258.273,0.0,-2.883,0.0,3.217,0.0,0.018,0.207,-0.204,0.377,0.016,0.244
2017,California League,159,0.82,0.814,139.617,0.0,-2.663,0.0,4.042,0.0,0.062,0.001,-0.576,0.211,0.013,0.297
2017,Carolina League,192,0.768,0.762,123.107,0.0,-2.36,0.0,3.879,0.0,0.012,0.507,-0.982,0.003,-0.019,0.126
2017,Dominican Summer League,641,0.803,0.801,516.253,0.0,-2.266,0.0,4.012,0.0,0.021,0.001,-0.711,0.0,0.007,0.289
2017,Eastern League,173,0.871,0.867,225.747,0.0,-2.98,0.0,3.519,0.0,0.001,0.957,-0.371,0.344,-0.009,0.483
2017,Florida State League,266,0.787,0.782,191.563,0.0,-2.442,0.0,4.14,0.0,0.03,0.041,-0.677,0.066,-0.01,0.379
2017,Gulf Coast League,335,0.736,0.731,182.984,0.0,-2.481,0.0,3.975,0.0,0.018,0.195,-0.381,0.098,0.001,0.96
2017,International League,105,0.881,0.875,147.1,0.0,-3.198,0.0,3.849,0.0,0.02,0.096,1.816,0.002,-0.009,0.591
2017,Midwest League,357,0.797,0.794,275.875,0.0,-2.459,0.0,3.698,0.0,0.037,0.001,-0.709,0.011,-0.023,0.006
2017,Pacific Coast League,116,0.892,0.887,180.996,0.0,-3.118,0.0,3.721,0.0,-0.005,0.746,-0.287,0.66,0.001,0.949
2017,Pioneer League,161,0.789,0.783,116.164,0.0,-3.406,0.0,3.443,0.0,-0.013,0.287,0.554,0.137,-0.005,0.756
2017,South Atlantic League,304,0.829,0.826,289.525,0.0,-2.9,0.0,3.567,0.0,0.026,0.014,-0.53,0.072,-0.012,0.148
2017,Southern League,169,0.883,0.879,245.809,0.0,-3.039,0.0,3.458,0.0,-0.015,0.114,-0.224,0.525,-0.007,0.609
2017,Texas League,113,0.814,0.805,93.508,0.0,-3.017,0.0,3.965,0.0,0.024,0.078,-0.184,0.774,-0.002,0.896
2018,Appalachian League,183,0.796,0.791,138.415,0.0,-3.1,0.0,3.504,0.0,0.037,0.07,-0.38,0.228,0.0,0.985
2018,Arizona League,347,0.785,0.782,249.389,0.0,-2.338,0.0,3.505,0.0,-0.0,0.972,-0.858,0.0,-0.012,0.371
2018,California League,165,0.861,0.857,197.348,0.0,-2.823,0.0,3.709,0.0,0.057,0.001,-0.354,0.388,0.006,0.575
2018,Carolina League,187,0.826,0.821,171.485,0.0,-2.461,0.0,3.741,0.0,0.074,0.0,-0.254,0.568,0.001,0.93
2018,Dominican Summer League,699,0.816,0.815,614.436,0.0,-2.652,0.0,4.061,0.0,0.046,0.0,-0.328,0.02,0.003,0.645
2018,Eastern League,173,0.869,0.866,222.459,0.0,-2.815,0.0,2.867,0.0,-0.054,0.001,0.1,0.809,-0.046,0.001
2018,Florida State League,274,0.794,0.79,206.952,0.0,-2.596,0.0,3.459,0.0,0.006,0.617,-0.63,0.084,0.009,0.382
2018,Gulf Coast League,354,0.755,0.751,214.047,0.0,-2.132,0.0,3.815,0.0,0.024,0.054,-0.752,0.001,0.004,0.757
2018,International League,110,0.889,0.884,166.951,0.0,-2.838,0.0,3.75,0.0,0.025,0.123,-0.078,0.865,-0.007,0.669
2018,Midwest League,372,0.858,0.856,442.569,0.0,-2.759,0.0,3.903,0.0,0.039,0.0,-0.468,0.089,0.002,0.823
2018,Pacific Coast League,126,0.892,0.888,198.458,0.0,-2.945,0.0,3.738,0.0,-0.012,0.276,-0.126,0.771,-0.038,0.041
2018,Pioneer League,174,0.801,0.795,135.565,0.0,-3.106,0.0,3.782,0.0,0.026,0.073,0.079,0.799,-0.042,0.007
2018,South Atlantic League,298,0.829,0.826,282.976,0.0,-2.976,0.0,3.867,0.0,0.046,0.0,0.095,0.756,0.012,0.179
2018,Southern League,171,0.915,0.913,355.585,0.0,-3.066,0.0,3.689,0.0,-0.034,0.0,0.172,0.597,-0.001,0.918
2018,Texas League,117,0.823,0.815,103.217,0.0,-3.28,0.0,3.674,0.0,-0.015,0.385,1.269,0.031,-0.031,0.095
2019,Arizona League,434,0.758,0.755,267.513,0.0,-2.363,0.0,4.088,0.0,0.051,0.0,-0.908,0.0,-0.007,0.606
2019,California League,166,0.861,0.857,198.252,0.0,-2.831,0.0,3.951,0.0,0.054,0.0,-0.213,0.629,-0.003,0.804
2019,Carolina League,188,0.87,0.867,244.242,0.0,-2.687,0.0,3.927,0.0,0.037,0.014,-0.496,0.168,-0.019,0.062
2019,Dominican Summer League,720,0.78,0.778,505.973,0.0,-2.304,0.0,3.687,0.0,0.034,0.0,-0.571,0.005,-0.003,0.676
2019,Eastern League,166,0.852,0.847,183.786,0.0,-2.49,0.0,3.473,0.0,-0.037,0.008,0.118,0.803,-0.021,0.131
2019,Florida State League,270,0.825,0.822,249.631,0.0,-2.579,0.0,3.865,0.0,0.041,0.01,-0.556,0.116,0.001,0.931
2019,Gulf Coast League,379,0.63,0.625,126.85,0.0,-1.791,0.0,3.526,0.0,0.042,0.004,-1.109,0.0,-0.01,0.491
2019,International League,113,0.839,0.831,111.393,0.0,-2.802,0.0,4.039,0.0,0.025,0.187,-1.078,0.026,0.012,0.541
2019,Midwest League,373,0.801,0.798,295.597,0.0,-2.8,0.0,3.67,0.0,-0.01,0.388,-0.561,0.061,-0.002,0.772
2019,Pacific Coast League,147,0.917,0.914,311.976,0.0,-2.675,0.0,3.782,0.0,-0.013,0.21,-0.773,0.093,-0.003,0.832
2019,South Atlantic League,311,0.844,0.841,329.321,0.0,-2.914,0.0,3.603,0.0,0.015,0.147,-0.157,0.609,0.003,0.751
2019,Southern League,171,0.926,0.923,411.179,0.0,-3.395,0.0,3.992,0.0,0.007,0.563,0.484,0.104,0.007,0.561
2019,Texas League,127,0.87,0.864,161.605,0.0,-2.586,0.0,3.959,0.0,0.04,0.07,-0.386,0.466,0.012,0.426
2021,Arizona Complex League,456,0.757,0.755,280.699,0.0,-2.876,0.0,3.182,0.0,0.031,0.0,0.012,0.95,0.013,0.324
2021,Dominican Summer League,789,0.765,0.763,509.716,0.0,-2.416,0.0,3.578,0.0,0.015,0.046,-0.461,0.007,0.014,0.04
2021,Double-A Central,135,0.874,0.869,179.26,0.0,-2.338,0.0,4.038,0.0,0.02,0.198,-0.768,0.066,0.002,0.864
2021,Double-A Northeast,192,0.82,0.815,169.668,0.0,-2.672,0.0,3.626,0.0,0.048,0.042,-0.803,0.066,-0.014,0.348
2021,Double-A South,104,0.871,0.864,131.856,0.0,-3.472,0.0,3.849,0.0,0.018,0.519,1.189,0.066,0.012,0.454
2021,Florida Complex League,465,0.788,0.786,342.242,0.0,-2.731,0.0,3.421,0.0,-0.009,0.463,-0.429,0.014,-0.001,0.959
2021,High-A Central,274,0.858,0.855,322.862,0.0,-2.834,0.0,3.775,0.0,0.045,0.002,-0.27,0.399,-0.0,0.984
2021,High-A East,275,0.859,0.856,327.153,0.0,-2.622,0.0,3.561,0.0,0.02,0.217,-1.041,0.001,-0.026,0.016
2021,High-A West,140,0.856,0.851,159.623,0.0,-2.477,0.0,3.823,0.0,0.049,0.022,-1.842,0.001,0.011,0.538
2021,Low-A East,316,0.828,0.826,299.037,0.0,-2.771,0.0,3.941,0.0,0.013,0.234,-0.824,0.01,-0.015,0.153
2021,Low-A Southeast,303,0.832,0.829,293.6,0.0,-3.057,0.0,3.398,0.0,0.016,0.067,-0.146,0.702,0.008,0.506
2021,Low-A West,193,0.786,0.78,137.496,0.0,-3.064,0.0,3.386,0.0,0.018,0.187,0.477,0.374,-0.034,0.021
2021,Triple-A East,180,0.894,0.891,293.259,0.0,-2.873,0.0,3.624,0.0,0.003,0.791,0.175,0.639,-0.008,0.619
2021,Triple-A West,63,0.825,0.81,53.725,0.0,-3.159,0.0,3.754,0.0,0.065,0.002,0.371,0.657,-0.085,0.011
2022,Arizona Complex League,463,0.825,0.823,429.407,0.0,-2.817,0.0,3.294,0.0,0.02,0.032,-0.208,0.145,-0.003,0.792
2022,California League,204,0.858,0.854,238.833,0.0,-2.881,0.0,3.917,0.0,0.012,0.323,-0.513,0.259,-0.013,0.333
2022,Carolina League,318,0.822,0.82,289.03,0.0,-2.766,0.0,3.683,0.0,0.034,0.008,-0.717,0.041,-0.004,0.684
2022,Dominican Summer League,776,0.787,0.785,568.316,0.0,-2.677,0.0,3.624,0.0,0.033,0.0,-0.322,0.048,0.006,0.363
2022,Eastern League,187,0.906,0.904,349.553,0.0,-2.593,0.0,4.041,0.0,0.071,0.0,-0.785,0.054,0.019,0.074
2022,Florida Complex League,439,0.738,0.735,244.402,0.0,-2.934,0.0,3.606,0.0,0.018,0.139,0.195,0.326,0.003,0.812
2022,Florida State League,319,0.852,0.85,360.654,0.0,-2.692,0.0,3.525,0.0,-0.003,0.667,-0.261,0.403,-0.012,0.246
2022,International League,167,0.859,0.855,196.121,0.0,-2.951,0.0,3.777,0.0,0.028,0.151,-0.289,0.577,-0.011,0.517
2022,Midwest League,263,0.856,0.853,305.056,0.0,-2.576,0.0,3.901,0.0,0.058,0.001,-0.677,0.044,-0.015,0.108
2022,Northwest League,129,0.702,0.689,57.84,0.0,-2.64,0.0,4.005,0.0,0.075,0.0,-0.444,0.44,-0.017,0.34
2022,Pacific Coast League,69,0.75,0.73,37.737,0.0,-2.925,0.0,3.356,0.0,0.064,0.055,-0.584,0.558,0.047,0.116
2022,South Atlantic League,266,0.828,0.825,250.576,0.0,-2.819,0.0,3.694,0.0,0.04,0.003,-0.335,0.312,-0.008,0.455
2022,Southern League,118,0.777,0.767,77.983,0.0,-2.571,0.0,3.665,0.0,0.088,0.005,-0.59,0.346,-0.006,0.74
2022,Texas League,130,0.838,0.831,127.933,0.0,-2.6,0.0,3.315,0.0,0.015,0.523,-0.656,0.233,-0.03,0.077
2023,Arizona Complex League,473,0.713,0.709,231.52,0.0,-2.996,0.0,3.103,0.0,0.056,0.0,-0.152,0.478,0.006,0.679
2023,California League,198,0.807,0.802,160.3,0.0,-2.684,0.0,3.343,0.0,0.055,0.002,-0.422,0.296,0.014,0.25
2023,Carolina League,322,0.815,0.813,279.312,0.0,-2.818,0.0,3.416,0.0,0.042,0.0,-1.196,0.001,0.006,0.615
2023,Dominican Summer League,778,0.769,0.767,512.689,0.0,-2.382,0.0,3.526,0.0,0.027,0.0,-0.547,0.002,0.018,0.009
2023,Eastern League,197,0.841,0.837,202.391,0.0,-2.579,0.0,3.804,0.0,0.037,0.023,-0.475,0.211,-0.022,0.069
2023,Florida Complex League,428,0.777,0.774,293.584,0.0,-2.634,0.0,3.41,0.0,0.008,0.505,-0.462,0.01,0.01,0.464
2023,Florida State League,296,0.817,0.814,258.434,0.0,-3.023,0.0,3.57,0.0,0.006,0.414,0.07,0.86,-0.017,0.126
2023,International League,162,0.782,0.775,111.868,0.0,-2.625,0.0,3.546,0.0,0.022,0.236,0.034,0.96,-0.013,0.431
2023,Midwest League,247,0.851,0.847,274.415,0.0,-2.495,0.0,3.532,0.0,0.012,0.581,-0.815,0.018,-0.005,0.593
2023,Northwest League,122,0.864,0.858,146.808,0.0,-2.112,0.0,3.977,0.0,0.026,0.135,-1.201,0.015,-0.004,0.761
2023,Pacific Coast League,59,0.849,0.835,59.698,0.0,-2.174,0.003,3.478,0.0,0.027,0.102,-2.516,0.052,-0.004,0.888
2023,South Atlantic League,275,0.83,0.827,263.036,0.0,-2.882,0.0,3.619,0.0,0.029,0.043,-0.294,0.412,0.009,0.459
2023,Southern League,120,0.795,0.787,88.682,0.0,-2.809,0.0,3.585,0.0,-0.015,0.606,-0.263,0.686,-0.059,0.002
2023,Texas League,119,0.83,0.822,110.015,0.0,-2.691,0.0,3.569,0.0,0.011,0.169,0.186,0.734,0.006,0.66
2024,Arizona Complex League,312,0.752,0.748,185.181,0.0,-3.519,0.0,3.48,0.0,0.01,0.52,1.031,0.004,-0.005,0.727
2024,California League,195,0.851,0.847,215.101,0.0,-2.992,0.0,3.69,0.0,0.007,0.634,-0.41,0.319,-0.004,0.749
2024,Carolina League,304,0.8,0.797,238.704,0.0,-3.044,0.0,4.009,0.0,0.055,0.0,-0.146,0.677,-0.013,0.255
2024,Dominican Summer League,788,0.721,0.719,404.003,0.0,-2.95,0.0,3.422,0.0,0.031,0.001,-0.101,0.591,-0.01,0.181
2024,Eastern League,190,0.808,0.802,154.526,0.0,-2.584,0.0,3.791,0.0,0.043,0.003,-1.052,0.033,-0.003,0.827
2024,Florida Complex League,320,0.739,0.735,177.65,0.0,-3.071,0.0,3.177,0.0,0.004,0.842,0.04,0.911,0.042,0.007
2024,Florida State League,319,0.791,0.787,236.378,0.0,-2.72,0.0,3.458,0.0,0.038,0.001,-0.523,0.194,-0.001,0.907
2024,International League,152,0.85,0.845,165.935,0.0,-1.898,0.0,3.395,0.0,0.022,0.116,-1.932,0.0,-0.029,0.038
2024,Midwest League,236,0.82,0.816,209.785,0.0,-2.693,0.0,3.709,0.0,0.019,0.128,-0.312,0.43,0.003,0.739
2024,Northwest League,119,0.804,0.796,92.993,0.0,-3.122,0.0,3.594,0.0,0.057,0.013,0.799,0.164,-0.017,0.23
2024,Pacific Coast League,67,0.878,0.868,87.983,0.0,-2.081,0.0,3.194,0.0,-0.002,0.881,-0.926,0.17,0.001,0.942
2024,South Atlantic League,286,0.824,0.821,262.511,0.0,-2.466,0.0,3.249,0.0,-0.02,0.149,-0.749,0.029,0.021,0.074
2024,Southern League,105,0.844,0.836,107.166,0.0,-2.406,0.0,3.392,0.0,0.045,0.016,-1.369,0.02,0.013,0.362
2024,Texas League,120,0.85,0.844,129.568,0.0,-2.269,0.0,3.97,0.0,0.084,0.0,-0.762,0.134,-0.009,0.476
2025,Arizona Complex League,310,0.788,0.785,226.596,0.0,-2.838,0.0,3.875,0.0,0.028,0.088,0.047,0.893,-0.012,0.394
2025,California League,200,0.835,0.831,196.936,0.0,-3.492,0.0,4.166,0.0,0.062,0.0,0.446,0.347,-0.025,0.057
2025,Carolina League,329,0.757,0.753,201.219,0.0,-2.946,0.0,3.55,0.0,0.039,0.0,-0.559,0.092,0.012,0.278
2025,Dominican Summer League,787,0.743,0.741,451.773,0.0,-2.929,0.0,3.706,0.0,0.035,0.0,-0.26,0.255,0.014,0.049
2025,Eastern League,195,0.859,0.855,230.682,0.0,-2.388,0.0,3.919,0.0,0.03,0.044,-1.164,0.003,0.016,0.126
2025,Florida Complex League,307,0.768,0.764,198.94,0.0,-2.844,0.0,3.412,0.0,0.024,0.119,-0.268,0.422,-0.007,0.589
2025,Florida State League,297,0.715,0.71,146.189,0.0,-2.587,0.0,4.302,0.0,0.051,0.0,0.226,0.631,-0.006,0.679
2025,International League,163,0.79,0.783,118.209,0.0,-2.745,0.0,3.473,0.0,0.086,0.0,0.102,0.849,0.017,0.276
2025,Midwest League,256,0.774,0.769,171.122,0.0,-2.731,0.0,3.775,0.0,0.057,0.0,-0.232,0.594,0.004,0.704
2025,Northwest League,120,0.812,0.803,98.229,0.0,-2.601,0.0,3.803,0.0,0.031,0.206,-0.64,0.317,-0.0,0.995
2025,Pacific Coast League,74,0.825,0.812,64.145,0.0,-2.131,0.0,3.855,0.0,0.005,0.804,-1.293,0.185,-0.053,0.041
2025,South Atlantic League,286,0.755,0.75,172.419,0.0,-2.438,0.0,3.844,0.0,0.021,0.187,-1.139,0.002,-0.015,0.177
2025,Southern League,116,0.741,0.729,62.994,0.0,-2.614,0.0,2.493,0.0,0.018,0.315,-0.386,0.588,-0.027,0.161
2025,Texas League,147,0.857,0.852,169.43,0.0,-2.479,0.0,3.492,0.0,-0.032,0.046,-0.799,0.135,-0.002,0.888
2026,Arizona Complex League,295,0.713,0.708,143.751,0.0,-2.903,0.0,2.675,0.0,0.006,0.697,0.424,0.361,-0.022,0.268
2026,California League,143,0.597,0.582,40.595,0.0,-2.759,0.0,2.344,0.0,-0.022,0.129,0.4,0.579,-0.009,0.646
2026,Carolina League,239,0.686,0.679,101.748,0.0,-1.894,0.0,3.52,0.0,0.057,0.002,-1.621,0.003,-0.015,0.428
2026,Dominican Summer League,716,0.526,0.523,157.698,0.0,-2.233,0.0,2.347,0.0,0.01,0.448,-0.412,0.161,-0.004,0.732
2026,Eastern League,145,0.717,0.706,70.286,0.0,-2.826,0.0,3.145,0.0,0.021,0.494,0.435,0.549,0.008,0.782
2026,Florida Complex League,300,0.634,0.628,101.849,0.0,-2.801,0.0,3.053,0.0,0.02,0.164,-0.507,0.331,-0.043,0.09
2026,Florida State League,220,0.74,0.733,121.536,0.0,-2.424,0.0,3.19,0.0,0.036,0.039,-0.442,0.425,-0.004,0.842
2026,International League,128,0.657,0.643,46.699,0.0,-1.799,0.0,2.723,0.0,0.069,0.009,-0.955,0.253,-0.042,0.186
2026,Midwest League,209,0.619,0.61,66.096,0.0,-1.796,0.0,2.549,0.0,-0.006,0.743,-1.454,0.026,-0.021,0.31
2026,Northwest League,90,0.758,0.743,52.53,0.0,-2.863,0.0,2.108,0.0,-0.029,0.129,0.428,0.531,-0.042,0.109
2026,Pacific Coast League,53,0.641,0.602,16.763,0.0,-0.969,0.202,3.415,0.0,0.062,0.099,-3.828,0.036,-0.002,0.962
2026,South Atlantic League,206,0.62,0.611,65.276,0.0,-2.148,0.0,2.914,0.0,0.037,0.027,-0.734,0.19,-0.034,0.108
2026,Southern League,92,0.618,0.596,27.814,0.0,-2.977,0.0,1.938,0.0,-0.028,0.456,0.495,0.64,-0.037,0.444
2026,Texas League,112,0.565,0.544,27.513,0.0,-1.071,0.023,2.354,0.0,0.021,0.271,-2.211,0.016,-0.033,0.259
