Season_T,N,R2,Adj_R2,F_stat,F_pval,K%_coef,K%_pval,GB/FB_coef,GB/FB_pval,SwStr%_coef,SwStr%_pval,Age_Z_SL_coef,Age_Z_SL_pval,ISO_coef,ISO_pval,level_diff_coef,level_diff_pval
2007,2482,0.18,0.178,90.451,0.0,-1.401,0.0,-0.0,0.969,-0.078,0.489,-0.039,0.0,1.504,0.0,-0.042,0.0
2008,2601,0.15,0.148,76.127,0.0,-1.3,0.0,-0.015,0.094,-0.249,0.017,-0.016,0.006,1.129,0.0,-0.026,0.001
2009,2749,0.158,0.156,85.748,0.0,-1.245,0.0,0.002,0.845,-0.303,0.001,-0.02,0.001,1.408,0.0,-0.021,0.005
2010,2673,0.178,0.177,96.469,0.0,-1.462,0.0,-0.005,0.543,-0.18,0.032,-0.014,0.015,1.482,0.0,-0.038,0.0
2011,2631,0.148,0.146,75.925,0.0,-1.257,0.0,-0.0,0.987,-0.133,0.113,-0.032,0.0,1.47,0.0,-0.056,0.0
2012,2699,0.139,0.137,72.501,0.0,-1.492,0.0,0.007,0.434,-0.037,0.652,-0.023,0.0,1.285,0.0,-0.032,0.0
2013,2731,0.166,0.165,90.589,0.0,-1.282,0.0,-0.003,0.729,-0.252,0.001,-0.02,0.0,1.365,0.0,-0.028,0.0
2014,2851,0.126,0.124,68.48,0.0,-1.249,0.0,0.014,0.08,-0.149,0.043,-0.031,0.0,1.191,0.0,-0.043,0.0
2015,2964,0.159,0.158,93.32,0.0,-1.323,0.0,-0.01,0.149,-0.371,0.0,-0.025,0.0,1.159,0.0,-0.042,0.0
2016,3058,0.154,0.153,92.876,0.0,-1.492,0.0,-0.02,0.007,-0.112,0.09,-0.031,0.0,1.245,0.0,-0.054,0.0
2017,3059,0.143,0.141,84.684,0.0,-1.395,0.0,-0.004,0.652,-0.29,0.0,-0.036,0.0,0.901,0.0,-0.045,0.0
2018,3143,0.129,0.127,77.462,0.0,-1.473,0.0,-0.015,0.063,-0.084,0.254,-0.037,0.0,1.013,0.0,-0.066,0.0
2021,3978,0.151,0.15,117.603,0.0,-1.168,0.0,-0.011,0.148,-0.585,0.0,-0.031,0.0,0.827,0.0,-0.022,0.002
2022,3868,0.146,0.145,109.898,0.0,-1.514,0.0,0.01,0.232,-0.236,0.0,-0.021,0.001,1.08,0.0,-0.044,0.0
2023,3823,0.137,0.135,100.767,0.0,-1.45,0.0,0.01,0.149,-0.153,0.015,-0.03,0.0,0.816,0.0,-0.063,0.0
2024,3630,0.103,0.101,69.297,0.0,-1.31,0.0,0.027,0.001,0.209,0.008,-0.041,0.0,0.882,0.0,-0.047,0.0
2025,4299,0.109,0.108,87.594,0.0,-1.131,0.0,-0.01,0.188,-0.834,0.0,-0.033,0.0,0.877,0.0,-0.053,0.0
