PlayerId,MLBAM_ID,Season,Level,Name,Chase%,Z-Contact%,PullAir%,Whiff%,OutsidePitches,OutsideSwings,InZonePitches,InZoneSwings,InZoneContacts,BattedBalls,AirBalls,PullAirBalls,TotalPitches,SwStr,Games
10028,542194,2026,AAA,Christian Bethancourt,0.625,0.833,1.0,0.562,16,10,8,6,5,1,1,1,24,9,1
10642,542208,2026,AAA,Carlos Pérez,0.381,0.778,0.0,0.471,21,8,13,9,7,1,0,0,34,8,2
5517,543309,2026,AAA,Kyle Higashioka,0.25,1.0,0.4,0.273,24,6,13,5,5,5,2,2,37,3,2
11602,570560,2026,AAA,Yolmer Sánchez,0.25,0.9,0.25,0.179,32,8,32,20,18,4,1,1,64,5,3
14477,595909,2026,AAA,Jake Cave,0.304,0.75,0.25,0.333,23,7,16,8,6,4,3,1,39,5,2
16153,596103,2026,AAA,Austin Slater,0.571,0.375,0.0,0.583,7,4,10,8,3,1,0,0,17,7,1
16925,605244,2026,AAA,Aramis Garcia,0.258,0.7,0.0,0.5,31,8,19,10,7,3,2,0,50,9,3
17684,605353,2026,AAA,Vimael Machín,0.0,0.667,0.0,0.333,2,0,7,3,2,2,1,0,9,1,1
13185,606115,2026,AAA,Orlando Arcia,0.308,0.778,0.2,0.308,13,4,15,9,7,5,3,1,28,4,2
14366,608841,2026,AAA,Joey Meneses,0.5,0.75,0.4,0.364,6,3,14,8,6,5,2,2,20,4,2
15878,609280,2026,AAA,Miguel Andujar,0.188,0.8,0.0,0.154,16,3,15,10,8,2,1,0,31,2,2
13755,621512,2026,AAA,Tomás Nido,0.75,0.625,0.5,0.357,8,6,9,8,5,2,2,1,17,5,1
13602,621550,2026,AAA,Patrick Wisdom,0.217,0.8,0.167,0.333,23,5,16,10,8,6,2,1,39,5,3
14551,623993,2026,AAA,Anthony Santander,0.188,0.737,0.25,0.28,32,6,29,19,14,4,2,1,61,7,3
15055,624513,2026,AAA,Dom Nuñez,0.091,1.0,,0.0,11,1,10,1,1,0,0,0,21,0,2
624523,624523,2026,AAA,Riley Unroe,0.133,0.75,0.5,0.4,15,2,12,8,6,2,2,1,27,4,2
18819,628451,2026,AAA,Andy Ibáñez,0.286,0.9,0.167,0.222,28,8,18,10,9,6,3,1,46,4,3
18821,640492,2026,AAA,José Azócar,0.545,1.0,0.0,0.077,11,6,11,7,7,4,2,0,22,1,2
20084,641555,2026,AAA,J.C. Escarra,0.409,1.0,0.667,0.333,22,9,15,6,6,3,2,2,37,5,2
19262,641658,2026,AAA,Garrett Hampson,0.286,0.714,0.333,0.385,21,6,20,7,5,3,2,1,41,5,3
19824,642020,2026,AAA,Chuckie Robinson,0.111,1.0,0.0,0.0,9,1,5,4,4,2,1,0,14,0,1
15679,642133,2026,AAA,Rowdy Tellez,0.267,0.625,0.25,0.333,15,4,15,8,5,4,2,1,30,4,2
15271,642851,2026,AAA,Austin Wynns,0.357,0.889,0.0,0.214,14,5,13,9,8,3,1,0,27,3,2
16953,644433,2026,AAA,Chadwick Tromp,0.118,0.714,0.0,0.333,17,2,11,7,5,3,1,0,28,3,2
19844,647351,2026,AAA,Abraham Toro,0.1,0.8,,0.333,10,1,11,5,4,0,0,0,21,2,1
19864,656180,2026,AAA,Riley Adams,0.29,0.846,0.125,0.364,31,9,23,13,11,8,3,1,54,8,3
17321,656308,2026,AAA,Michael Chavis,0.136,0.636,0.5,0.429,22,3,16,11,7,4,2,2,38,6,3
20321,656413,2026,AAA,Stuart Fairchild,0.238,0.846,0.333,0.278,21,5,20,13,11,3,2,1,41,5,3
19877,656484,2026,AAA,Tristan Gray,0.333,0.947,0.0,0.13,12,4,24,19,18,8,4,0,36,3,3
16572,656582,2026,AAA,Connor Joe,0.381,0.667,0.2,0.35,21,8,25,12,8,5,2,1,46,7,3
20536,660644,2026,AAA,Vidal Bruján,0.333,1.0,0.25,0.273,18,6,11,5,5,4,1,1,29,3,2
21009,660844,2026,AAA,Leo Rivas,0.107,0.692,0.0,0.375,28,3,26,13,9,4,3,0,54,6,3
661733,661733,2026,AAA,Max Burt,0.333,0.714,1.0,0.3,9,3,10,7,5,1,1,1,19,3,1
19921,663368,2026,AAA,Blake Perkins,0.273,0.889,0.25,0.2,22,6,20,9,8,4,3,1,42,3,2
21489,663584,2026,AAA,Hayden Senger,0.37,1.0,0.333,0.533,27,10,21,5,5,3,1,1,48,8,3
21496,663604,2026,AAA,Brandon Lockridge,0.261,0.429,0.0,0.615,23,6,14,7,3,1,1,0,37,8,2
18353,663662,2026,AAA,Daz Cameron,0.2,0.765,0.2,0.238,20,4,27,17,13,5,2,1,47,5,3
21562,663853,2026,AAA,Romy Gonzalez,0.154,1.0,0.0,0.083,13,2,13,10,10,5,3,0,26,1,2
19931,663897,2026,AAA,Luke Williams,0.333,0.933,0.429,0.158,12,4,20,15,14,7,7,3,32,3,3
21587,663967,2026,AAA,César Salazar,0.25,0.6,0.333,0.375,12,3,6,5,3,3,1,1,18,3,1
21127,664670,2026,AAA,Alejo Lopez,0.222,1.0,0.0,0.0,9,2,2,1,1,3,0,0,11,0,1
18433,664731,2026,AAA,P.J. Higgins,0.308,1.0,0.0,0.0,13,4,12,3,3,5,2,0,25,0,2
18887,664874,2026,AAA,Seby Zavala,0.357,0.333,0.0,0.714,14,5,12,9,3,2,0,0,26,10,2
21716,665839,2026,AAA,Enmanuel Valdez,0.143,0.923,0.0,0.125,21,3,17,13,12,5,4,0,38,2,2
20529,666134,2026,AAA,Nolan Jones,0.286,0.286,0.333,0.6,28,8,21,7,2,3,1,1,49,9,3
26149,666150,2026,AAA,Dominic Fletcher,0.476,0.9,0.0,0.3,21,10,15,10,9,2,1,0,36,6,2
20287,666163,2026,AAA,Ben Rortvedt,0.312,0.375,0.0,0.615,16,5,14,8,3,1,1,0,30,8,2
25805,666165,2026,AAA,Blake Sabol,0.0,1.0,1.0,0.0,1,0,1,1,1,1,1,1,2,0,1
21853,666181,2026,AAA,Will Benson,0.176,0.778,0.429,0.25,17,3,15,9,7,7,3,3,32,3,3
666194,666194,2026,AAA,Cooper Johnson,0.25,1.0,0.0,0.286,8,2,11,5,5,2,0,0,19,2,1
25813,666197,2026,AAA,Grae Kessinger,0.333,1.0,0.0,0.111,9,3,8,6,6,4,0,0,17,1,1
19958,666198,2026,AAA,Carter Kieboom,0.389,0.857,0.4,0.357,18,7,12,7,6,5,2,2,30,5,2
27534,666397,2026,AAA,Edouard Julien,0.0,1.0,0.0,0.0,12,0,21,5,5,2,1,0,33,0,2
20311,667452,2026,AAA,Corey Julks,0.381,0.75,0.333,0.3,21,8,17,12,9,6,4,2,38,6,3
25814,667690,2026,AAA,C.J. Stubbs,1.0,1.0,0.333,0.2,1,1,7,4,4,3,1,1,8,1,1
22117,668472,2026,AAA,Nick Pratto,0.25,0.889,0.125,0.214,40,10,40,18,16,8,3,1,80,6,4
22168,668731,2026,AAA,Akil Baddoo,0.231,0.7,0.0,0.385,13,3,17,10,7,4,1,0,30,5,2
27543,668752,2026,AAA,Duke Ellis,0.235,0.8,0.5,0.222,17,4,11,5,4,4,2,2,28,2,2
19983,668843,2026,AAA,Conner Capel,0.5,1.0,0.0,0.083,4,2,14,10,10,5,2,0,18,1,2
668876,668876,2026,AAA,Zach Humphreys,0.25,0.889,0.4,0.133,24,6,16,9,8,5,2,2,40,2,2
26106,668974,2026,AAA,Maverick Handley,0.087,0.875,1.0,0.2,23,2,14,8,7,1,1,1,37,2,2
22197,669004,2026,AAA,MJ Melendez,0.233,0.667,0.0,0.28,30,7,29,18,12,5,3,0,59,7,3
22209,669087,2026,AAA,Sam Huff,0.2,0.667,0.0,0.429,5,1,8,6,4,3,1,0,13,3,1
22232,669200,2026,AAA,Mason McCoy,0.111,0.909,0.25,0.133,36,4,26,11,10,4,2,1,62,2,3
29547,669208,2026,AAA,Ryan Bliss,0.25,0.923,0.286,0.263,24,6,23,13,12,7,4,2,47,5,3
19294,669256,2026,AAA,Nick Solak,0.133,0.917,0.1,0.062,30,4,25,12,11,10,4,1,55,1,4
22244,669261,2026,AAA,Jack Suwinski,0.182,0.875,0.0,0.1,11,2,13,8,7,4,1,0,24,1,2
19997,669289,2026,AAA,Santiago Espinal,0.125,0.824,0.333,0.19,32,4,30,17,14,9,3,3,62,4,3
669360,669360,2026,AAA,Trei Cruz,0.407,0.778,0.286,0.345,27,11,25,18,14,7,2,2,52,10,3
20002,669369,2026,AAA,Bryce Johnson,0.2,0.75,0.0,0.25,20,4,27,12,9,4,2,0,47,4,3
669384,669384,2026,AAA,Raynel Delgado,0.3,0.8,0.0,0.286,20,6,22,15,12,2,0,0,42,6,2
669386,669386,2026,AAA,Trevor Hauver,0.125,0.8,0.0,0.333,8,1,8,5,4,1,0,0,16,2,1
27573,669398,2026,AAA,Gage Workman,0.417,0.818,0.25,0.476,24,10,21,11,9,4,3,1,45,10,3
669413,669413,2026,AAA,Frainyer Chavez,0.125,0.75,0.333,0.2,8,1,10,4,3,3,1,1,18,1,2
25844,669722,2026,AAA,Logan Davidson,0.636,0.833,0.25,0.385,11,7,7,6,5,4,1,1,18,5,2
19562,670097,2026,AAA,Zack Short,0.032,0.824,0.2,0.222,31,1,25,17,14,5,3,1,56,4,3
20017,670156,2026,AAA,Miles Mastrobuoni,0.0,1.0,0.0,0.0,4,0,7,5,5,2,1,0,11,0,1
670232,670232,2026,AAA,Ramón Rodríguez,0.538,1.0,0.0,0.154,13,7,8,6,6,3,1,0,21,2,2
26466,670242,2026,AAA,Matt Wallner,0.267,0.545,0.0,0.533,15,4,13,11,6,2,0,0,28,8,2
22411,670276,2026,AAA,Cal Stevenson,0.0,0.5,,0.5,7,0,8,2,1,0,0,0,15,1,1
29912,671117,2026,AAA,Darren Baker,0.364,0.667,0.0,0.312,11,4,17,12,8,5,1,0,28,5,2
20505,671221,2026,AAA,Drew Waters,0.273,1.0,0.0,0.333,11,3,8,3,3,1,0,0,19,2,1
31522,671284,2026,AAA,Tim Elko,0.286,1.0,1.0,0.333,7,2,6,4,4,1,1,1,13,2,1
22530,671286,2026,AAA,Johnathan Rodríguez,0.133,0.714,0.25,0.333,15,2,16,7,5,4,2,1,31,3,2
22532,671289,2026,AAA,Tyler Freeman,0.235,1.0,0.0,0.0,17,4,11,5,5,3,1,0,28,0,2
29949,672012,2026,AAA,Tyler Black,0.263,0.688,0.286,0.286,19,5,24,16,11,7,3,2,43,6,3
22557,672279,2026,AAA,Michael Siani,0.438,0.889,0.25,0.25,16,7,12,9,8,4,2,1,28,4,2
22558,672284,2026,AAA,Jarred Kelenic,0.15,0.5,0.333,0.538,20,3,23,10,5,3,1,1,43,7,2
27599,674441,2026,AAA,Jacob Hurtubise,0.0,0.857,0.0,0.143,14,0,15,7,6,2,1,0,29,1,2
675085,675085,2026,AAA,Jonathon Long,0.357,1.0,0.0,0.25,14,5,10,3,3,2,0,0,24,2,1
675394,675394,2026,AAA,Johnny Olmstead,0.385,0.8,0.333,0.267,13,5,17,10,8,6,2,2,30,4,2
675455,675455,2026,AAA,Milan Tolentino,0.412,1.0,0.0,0.118,17,7,14,10,10,5,2,0,31,2,2
23250,675915,2026,AAA,David Bañuelos,0.429,0.5,0.0,0.583,14,6,8,6,3,2,0,0,22,7,1
23312,676116,2026,AAA,Ryan Noda,0.375,0.636,0.5,0.412,16,6,14,11,7,4,3,2,30,7,2
676203,676203,2026,AAA,Marcos Castañon,0.323,0.882,0.125,0.222,31,10,23,17,15,8,4,1,54,6,4
676205,676205,2026,AAA,Tyler Hardman,0.333,0.571,0.0,0.5,21,7,12,7,4,3,1,0,33,7,2
676463,676463,2026,AAA,Hayden Cantrelle,0.25,1.0,,0.333,4,1,6,2,2,0,0,0,10,1,1
29830,676466,2026,AAA,Jack Winkler,0.0,0.75,1.0,0.25,9,0,5,4,3,1,1,1,14,1,1
676566,676566,2026,AAA,Shawn Ross,0.333,0.364,0.0,0.684,24,8,19,11,4,1,1,0,43,13,2
23395,676572,2026,AAA,Eric Wagaman,0.25,0.778,0.4,0.385,16,4,18,9,7,5,4,2,34,5,3
20054,676632,2026,AAA,Bligh Madris,0.316,1.0,0.0,0.308,19,6,14,7,7,5,1,0,33,4,2
19599,676801,2026,AAA,Chas McCormick,0.0,0.889,0.25,0.111,8,0,14,9,8,4,2,1,22,1,2
29614,677060,2026,AAA,Chad Stevens,0.357,0.938,0.0,0.143,14,5,24,16,15,5,4,0,38,3,3
677565,677565,2026,AAA,Kristian Robinson,0.222,0.882,0.0,0.238,18,4,23,17,15,5,2,0,41,5,3
677578,677578,2026,AAA,Carlos Rodríguez,0.382,0.9,0.0,0.304,34,13,18,10,9,6,0,0,52,7,3
23695,677592,2026,AAA,Everson Pereira,0.235,0.6,0.0,0.286,17,4,15,10,6,1,0,0,32,4,2
677601,677601,2026,AAA,Keyber Rodriguez,0.667,0.5,0.5,0.5,6,4,10,2,1,2,1,1,16,3,3
23792,677950,2026,AAA,Alek Thomas,0.25,0.778,0.0,0.312,28,7,27,9,7,2,2,0,55,5,3
23794,677954,2026,AAA,Jordan Groshans,0.25,0.941,0.375,0.091,20,5,26,17,16,8,4,3,46,2,3
678173,678173,2026,AAA,David McCabe,0.25,0.667,0.5,0.368,28,7,25,12,8,2,1,1,53,7,3
678577,678577,2026,AAA,Junior Perez,0.167,1.0,0.333,0.125,18,3,21,13,13,3,1,1,39,2,2
678636,678636,2026,AAA,Orlando Martinez,0.316,1.0,0.167,0.154,19,6,11,7,7,6,4,1,30,2,3
678760,678760,2026,AAA,Eddys Leonard,0.467,0.778,0.2,0.304,30,14,21,9,7,5,1,1,51,7,3
24273,678894,2026,AAA,Liover Peguero,0.321,0.889,0.0,0.278,28,9,16,9,8,6,1,0,44,5,3
680519,680519,2026,AAA,Mario Camilletti,0.238,1.0,0.333,0.167,21,5,14,7,7,3,2,1,35,2,2
680636,680636,2026,AAA,Ramon Mendoza,0.312,0.833,0.25,0.182,16,5,12,6,5,4,1,1,28,2,2
24597,680716,2026,AAA,Jonathan Ornelas,0.172,1.0,0.0,0.231,29,5,23,8,8,2,0,0,52,3,3
29554,680728,2026,AAA,Adrian Del Castillo,0.229,0.857,0.429,0.273,35,8,28,14,12,7,5,3,63,6,3
24605,680737,2026,AAA,Michael Helman,0.233,0.722,0.4,0.28,30,7,32,18,13,5,2,2,62,7,3
24622,680837,2026,AAA,Ryan Fitzgerald,0.25,1.0,0.167,0.211,28,7,15,12,12,6,3,1,43,4,3
24641,680862,2026,AAA,Willie MacIver,0.333,0.667,0.0,0.6,6,2,5,3,2,2,1,0,11,3,1
24655,680911,2026,AAA,Owen Miller,0.286,1.0,0.2,0.0,14,4,9,5,5,5,3,1,23,0,2
680994,680994,2026,AAA,Nick Biddison,0.333,0.8,0.286,0.278,24,8,20,10,8,7,3,2,44,5,3
680996,680996,2026,AAA,Luke Mann,0.158,0.714,0.25,0.412,19,3,28,14,10,4,3,1,47,7,3
681036,681036,2026,AAA,Anthony Vilar,0.105,0.75,1.0,0.5,19,2,10,4,3,1,1,1,29,3,3
681047,681047,2026,AAA,Christian Franklin,0.0,0.8,0.0,0.2,9,0,9,5,4,2,1,0,18,1,1
681114,681114,2026,AAA,Michael Trautwein,0.333,0.5,0.0,0.6,3,1,6,4,2,2,2,0,9,3,1
681123,681123,2026,AAA,Luca Tresh,0.438,0.667,0.0,0.385,16,7,11,6,4,2,0,0,27,5,2
681132,681132,2026,AAA,Max Ferguson,0.0,0.75,0.0,0.25,11,0,8,4,3,1,0,0,19,1,1
24703,681146,2026,AAA,Jonah Bride,0.375,1.0,0.333,0.182,16,6,20,5,5,3,2,1,36,2,2
681230,681230,2026,AAA,BJ Murray Jr.,0.306,0.714,0.333,0.25,36,11,30,21,15,3,3,1,66,8,3
681333,681333,2026,AAA,Dru Baker,0.286,0.8,0.0,0.333,7,2,15,10,8,2,1,0,22,4,2
24729,681351,2026,AAA,Logan O'Hoppe,0.214,0.857,0.25,0.3,14,3,13,7,6,4,2,1,27,3,2
681357,681357,2026,AAA,Cody Morissette,0.091,0.833,0.0,0.143,11,1,11,6,5,6,3,0,22,1,2
681433,681433,2026,AAA,Noah Cardenas,0.286,0.8,0.25,0.25,21,6,17,10,8,4,1,1,38,4,2
681439,681439,2026,AAA,Zach Morgan,0.545,1.0,0.0,0.143,11,6,13,8,8,5,1,0,24,2,2
24765,681526,2026,AAA,Bryan Lavastida,0.111,0.917,0.167,0.077,9,1,18,12,11,6,3,1,27,1,2
24770,681546,2026,AAA,James Outman,0.077,0.6,0.333,0.455,26,2,27,20,12,3,1,1,53,10,3
681581,681581,2026,AAA,Andy Weber,0.235,0.81,0.2,0.28,17,4,28,21,17,5,3,1,45,7,3
25005,681909,2026,AAA,Justin Dean,0.31,0.857,0.143,0.217,29,9,23,14,12,7,3,1,52,5,3
25040,681962,2026,AAA,Vinny Capra,0.312,1.0,1.0,0.429,16,5,4,2,2,1,1,1,20,3,1
25183,682183,2026,AAA,Drew Avans,0.25,0.5,0.0,0.462,20,5,19,8,4,1,0,0,39,6,3
682192,682192,2026,AAA,Paul McIntosh,0.333,1.0,0.0,0.2,6,2,7,3,3,3,2,0,13,1,1
682276,682276,2026,AAA,Jose Cordova,0.0,0.571,0.0,0.429,6,0,9,7,4,2,0,0,15,3,1
20626,682515,2026,AAA,Logan Porter,0.091,1.0,0.667,0.0,11,1,15,7,7,3,2,2,26,0,2
25616,682617,2026,AAA,Marco Luciano,0.1,0.75,0.5,0.3,20,2,12,8,6,4,2,2,32,3,2
26517,682622,2026,AAA,Noelvi Marte,0.375,0.909,0.222,0.235,16,6,16,11,10,9,3,2,32,4,3
682633,682633,2026,AAA,Eduardo Garcia,0.5,0.75,0.0,0.455,20,10,19,12,9,3,1,0,39,10,3
25971,682634,2026,AAA,Kevin Alcántara,0.355,0.929,0.2,0.24,31,11,19,14,13,5,3,1,51,6,3
682679,682679,2026,AAA,Dayan Frias,0.5,0.929,0.286,0.136,16,8,17,14,13,7,4,2,33,3,3
682774,682774,2026,AAA,Andrick Nava,1.0,1.0,0.0,0.0,1,1,3,1,1,1,0,0,4,0,1
682818,682818,2026,AAA,Yohendrick Piñango,0.167,0.667,0.0,0.286,30,5,19,9,6,1,1,0,49,4,3
25621,682868,2026,AAA,Bryan Ramos,0.176,1.0,0.0,0.0,17,3,9,3,3,3,0,0,26,0,2
682947,682947,2026,AAA,Jose Ramos,0.207,0.727,0.0,0.412,29,6,19,11,8,5,2,0,48,7,3
682983,682983,2026,AAA,Jud Fabian,0.0,0.636,0.667,0.364,23,0,20,11,7,3,2,2,43,4,2
27497,682997,2026,AAA,Tyler Callihan,0.235,0.4,0.0,0.5,17,4,15,10,4,3,0,0,32,7,2
683001,683001,2026,AAA,Ethan Hearn,0.375,0.5,0.0,0.636,8,3,11,8,4,1,0,0,19,7,1
683006,683006,2026,AAA,Chris Newell,0.385,0.818,0.143,0.538,39,15,21,11,9,7,2,1,60,14,4
683079,683079,2026,AAA,Omar Martinez,0.235,0.538,0.0,0.471,17,4,22,13,7,2,0,0,39,8,2
25980,683090,2026,AAA,Matthew Lugo,0.412,0.636,0.4,0.444,17,7,20,11,7,5,2,2,37,8,3
683344,683344,2026,AAA,Homer Bush Jr.,0.462,0.429,0.0,0.462,13,6,11,7,3,3,1,0,24,6,2
683427,683427,2026,AAA,Omar Hernandez,0.417,1.0,0.0,0.25,12,5,4,3,3,3,0,0,16,2,1
683454,683454,2026,AAA,Brayan Buelvas,0.211,0.667,0.25,0.5,19,4,12,6,4,4,1,1,31,5,2
683609,683609,2026,AAA,Victor Duarte,0.278,0.818,1.0,0.312,18,5,19,11,9,1,1,1,37,5,2
683610,683610,2026,AAA,Leandro Pineda,0.227,0.833,0.0,0.174,22,5,28,18,15,5,1,0,50,4,3
684715,684715,2026,AAA,Nic Kent,0.304,1.0,0.25,0.15,23,7,19,13,13,4,1,1,42,3,3
685087,685087,2026,AAA,Jordan Nwogu,0.267,0.667,0.0,0.4,15,4,12,6,4,1,0,0,27,4,2
685274,685274,2026,AAA,Braiden Ward,0.312,1.0,0.0,0.182,16,5,14,6,6,2,0,0,30,2,2
25855,685301,2026,AAA,Matt Gorski,0.324,0.867,0.143,0.259,37,12,38,15,13,7,3,1,75,7,4
685382,685382,2026,AAA,Andrew Navigato,0.25,1.0,0.0,0.333,12,3,6,3,3,4,0,0,18,2,2
26244,685744,2026,AAA,Kenedy Corona,0.455,1.0,0.0,0.231,11,5,17,8,8,1,0,0,28,3,2
686404,686404,2026,AAA,Wuilfredo Antunez,0.133,0.9,0.167,0.167,15,2,20,10,9,6,3,1,35,2,3
25475,686482,2026,AAA,Logan Driscoll,0.235,1.0,,0.6,17,4,7,1,1,0,0,0,24,3,1
686523,686523,2026,AAA,Peyton Wilson,0.208,0.5,0.0,0.571,24,5,6,2,1,1,0,0,30,4,2
686551,686551,2026,AAA,Christian Cairo,0.071,0.8,1.0,0.333,14,1,12,5,4,1,1,1,26,2,1
26295,686554,2026,AAA,Oliver Dunn,0.286,0.857,0.0,0.222,7,2,10,7,6,3,1,0,17,2,1
25543,686676,2026,AAA,Korey Lee,0.467,0.857,0.25,0.286,15,7,12,7,6,4,2,1,27,4,2
25660,686823,2026,AAA,Will Brennan,0.357,0.889,0.333,0.214,14,5,14,9,8,3,1,1,28,3,2
27690,686894,2026,AAA,Joey Wiemer,0.167,1.0,0.0,0.0,6,1,5,3,3,3,1,0,11,0,1
686912,686912,2026,AAA,Maxwell Romero Jr.,0.267,0.7,0.333,0.5,15,4,19,10,7,3,2,1,34,7,2
686960,686960,2026,AAA,Nate Baez,0.0,1.0,0.333,0.0,3,0,8,5,5,3,1,1,11,0,1
686976,686976,2026,AAA,Silas Ardoin,0.0,0.5,0.0,0.5,10,0,8,4,2,1,0,0,18,2,1
687069,687069,2026,AAA,Josh Rivera,0.333,0.4,0.0,0.571,12,4,18,10,4,2,0,0,30,8,2
687208,687208,2026,AAA,Nathan Hickey,0.143,1.0,0.0,0.077,14,2,19,11,11,5,1,0,33,1,2
26224,687231,2026,AAA,Darell Hernaiz,0.25,0.833,0.0,0.125,8,2,8,6,5,5,4,0,16,1,2
687282,687282,2026,AAA,Gabriel Rincones Jr.,0.423,0.667,0.2,0.343,26,11,31,24,16,5,2,1,57,12,3
687284,687284,2026,AAA,Thomas Gavello,0.267,0.75,0.0,0.5,15,4,16,8,6,1,1,0,31,6,2
31855,687515,2026,AAA,Colby Thomas,0.308,0.571,0.25,0.591,26,8,21,14,8,4,2,1,47,13,3
687605,687605,2026,AAA,Andrew Pinckney,0.214,0.7,0.0,0.308,14,3,23,10,7,5,0,0,37,4,3
687627,687627,2026,AAA,Kody Huff,0.304,0.857,0.0,0.286,23,7,25,14,12,5,1,0,48,6,3
687714,687714,2026,AAA,Jackson Cluff,0.318,0.818,0.333,0.278,22,7,16,11,9,3,1,1,38,5,2
687751,687751,2026,AAA,Cortland Lawson,0.5,0.5,0.0,0.667,2,1,4,2,1,1,1,0,6,2,1
25505,687799,2026,AAA,Cade Marlowe,0.4,0.938,0.5,0.125,20,8,21,16,15,6,3,3,41,3,3
688005,688005,2026,AAA,Francisco Urbaez,0.125,0.75,0.0,0.4,8,1,9,4,3,1,1,0,17,2,1
688457,688457,2026,AAA,Gavin Cross,0.19,0.6,,0.286,21,4,22,10,6,0,0,0,43,4,2
688460,688460,2026,AAA,Josh Kasevich,0.05,0.714,0.0,0.25,20,1,15,7,5,5,0,0,35,2,2
31793,689041,2026,AAA,Rhylan Thomas,0.19,0.85,0.0,0.167,21,4,22,20,17,5,3,0,43,4,2
27735,689172,2026,AAA,Brett Wisely,0.286,1.0,0.0,0.429,14,4,15,3,3,2,0,0,29,3,3
689196,689196,2026,AAA,Owen Ayers,0.176,0.667,0.2,0.333,17,3,15,6,4,5,1,1,32,3,2
689531,689531,2026,AAA,Brett Squires,0.214,0.615,0.25,0.368,28,6,23,13,8,4,1,1,51,7,3
31500,690022,2026,AAA,Ryan Ritter,0.25,0.625,0.333,0.5,16,4,21,8,5,3,1,1,37,6,2
31437,690291,2026,AAA,Jace Jung,0.167,1.0,0.0,0.143,36,6,19,8,8,4,4,0,55,2,3
690448,690448,2026,AAA,Mike Jarvis,0.308,0.667,0.333,0.429,13,4,9,3,2,3,2,1,22,3,2
690841,690841,2026,AAA,Matt O'Neill,0.0,1.0,0.5,0.0,6,0,5,3,3,2,1,1,11,0,1
690914,690914,2026,AAA,Brody Moore,0.333,0.833,0.0,0.238,27,9,19,12,10,4,1,0,46,5,2
690961,690961,2026,AAA,Enrique Bradfield Jr.,0.286,0.8,0.0,0.25,28,8,33,20,16,5,0,0,61,7,3
690971,690971,2026,AAA,Chase Davis,0.207,0.5,0.0,0.6,29,6,22,14,7,4,1,0,51,12,3
690985,690985,2026,AAA,Colby Halter,0.364,0.833,0.0,0.5,11,4,11,6,5,2,0,0,22,5,3
27482,690987,2026,AAA,Robert Hassell III,0.136,0.778,0.0,0.333,22,3,22,9,7,3,1,0,44,4,3
691003,691003,2026,AAA,Tre' Morgan,0.667,1.0,0.0,0.5,6,4,8,4,4,2,2,0,14,4,1
691006,691006,2026,AAA,Kevin Parada,0.5,1.0,1.0,0.2,2,1,4,4,4,1,1,1,6,1,1
691021,691021,2026,AAA,A.J. Vukovich,0.222,0.818,0.2,0.267,18,4,16,11,9,5,2,1,34,4,2
691024,691024,2026,AAA,Cayden Wallace,0.237,0.75,0.125,0.207,38,9,26,20,15,8,1,1,64,6,3
28080,691176,2026,AAA,Jasson Domínguez,0.35,0.769,0.0,0.35,20,7,19,13,10,5,3,0,39,7,2
691186,691186,2026,AAA,Arol Vera,0.129,0.714,0.5,0.273,31,4,17,7,5,2,1,1,48,3,3
691276,691276,2026,AAA,Luis Caicuto,0.125,0.25,0.0,0.6,8,1,9,4,1,1,0,0,17,3,1
691369,691369,2026,AAA,Allan Castro,0.2,0.8,0.5,0.154,15,3,17,10,8,6,4,3,32,2,2
28142,691373,2026,AAA,Jhostynxon Garcia,0.333,0.625,0.25,0.467,21,7,12,8,5,4,2,1,33,7,2
691620,691620,2026,AAA,Jeferson Quero,0.375,0.75,0.2,0.278,16,6,14,12,9,5,2,1,30,5,2
691775,691775,2026,AAA,Ryan Clifford,0.364,1.0,0.0,0.143,11,4,6,3,3,2,1,0,17,1,1
28344,691907,2026,AAA,Tsung-Che Cheng,0.125,0.75,0.667,0.2,8,1,9,4,3,3,3,2,17,1,1
691913,691913,2026,AAA,Jesus Castillo,0.154,0.875,0.167,0.15,26,4,21,16,14,6,2,1,47,3,3
692021,692021,2026,AAA,Oswaldo Linares,0.4,1.0,0.0,0.167,5,2,6,4,4,3,0,0,11,1,1
692232,692232,2026,AAA,Fernando Gonzalez,0.25,1.0,,0.25,4,1,6,3,3,0,0,0,10,1,1
692238,692238,2026,AAA,Parks Harber,0.353,1.0,0.1,0.053,17,6,24,13,13,10,6,1,41,1,3
692348,692348,2026,AAA,Aeverson Arteaga,0.486,0.7,0.25,0.333,35,17,19,10,7,4,2,1,54,9,3
692371,692371,2026,AAA,Lizandro Espinoza,0.344,0.846,0.25,0.375,32,11,18,13,11,4,2,1,50,9,2
28552,692585,2026,AAA,Yanquiel Fernández,0.087,0.727,0.0,0.231,23,2,16,11,8,3,1,0,39,3,2
693306,693306,2026,AAA,Aaron Sabato,0.417,1.0,0.75,0.1,12,5,9,5,5,4,3,3,21,1,2
693850,693850,2026,AAA,Kala'i Rosario,0.226,0.842,0.0,0.192,31,7,24,19,16,3,0,0,55,5,3
694196,694196,2026,AAA,Diego Velasquez,0.375,0.5,0.5,0.6,8,3,6,2,1,2,1,1,14,3,2
694206,694206,2026,AAA,Daniel Guilarte,1.0,1.0,,0.333,2,2,1,1,1,0,0,0,3,1,1
694224,694224,2026,AAA,Gabriel Gonzalez,0.154,0.867,0.091,0.158,26,4,23,15,13,11,4,1,49,3,3
694230,694230,2026,AAA,Hendry Mendez,0.138,0.842,0.111,0.174,29,4,30,19,16,9,2,1,59,4,3
694266,694266,2026,AAA,D'Andre Smith,0.238,0.933,0.3,0.2,21,5,24,15,14,10,3,3,45,4,3
694351,694351,2026,AAA,Jacob Berry,0.348,0.824,0.2,0.28,23,8,26,17,14,5,3,1,49,7,3
29782,694359,2026,AAA,Niko Kavadas,0.222,0.786,0.2,0.35,27,6,22,14,11,5,1,1,49,7,3
694371,694371,2026,AAA,Tommy Troy,0.22,0.778,0.2,0.222,41,9,29,9,7,5,2,1,71,4,3
694385,694385,2026,AAA,Brock Wilken,0.345,0.727,0.333,0.429,29,10,22,11,8,6,3,2,51,9,3
29630,694388,2026,AAA,Joey Loperfido,0.13,0.6,0.0,0.308,23,3,14,10,6,2,1,0,37,4,2
694420,694420,2026,AAA,Tatem Levins,0.273,1.0,0.0,0.5,11,3,5,1,1,2,0,0,16,2,1
694425,694425,2026,AAA,Justice Bigbie,0.111,0.889,0.333,0.182,18,2,14,9,8,3,1,1,32,2,2
694444,694444,2026,AAA,Tavian Josenberger,0.062,0.875,0.5,0.222,16,1,21,8,7,2,1,1,37,2,2
694478,694478,2026,AAA,Michael Turner,0.368,0.923,0.143,0.1,19,7,23,13,12,7,2,1,42,2,2
694514,694514,2026,AAA,Sterlin Thompson,0.133,1.0,0.25,0.125,30,4,23,12,12,4,2,1,53,2,3
694580,694580,2026,AAA,Kemp Alderman,0.158,0.75,0.0,0.364,19,3,13,8,6,1,0,0,32,4,2
694689,694689,2026,AAA,Dominic Pitelli,0.312,0.889,0.667,0.214,16,5,14,9,8,3,2,2,30,3,2
33280,694728,2026,AAA,Brice Matthews,0.267,1.0,1.0,0.1,15,4,9,6,6,1,1,1,24,1,1
694812,694812,2026,AAA,Tyler McDonough,0.091,0.8,,0.167,11,1,7,5,4,0,0,0,18,1,1
694876,694876,2026,AAA,Cooper Ingle,0.269,0.846,0.333,0.3,26,7,25,13,11,3,1,1,51,6,3
694966,694966,2026,AAA,Brayden Taylor,0.235,0.778,0.0,0.308,17,4,17,9,7,4,1,0,34,4,2
694991,694991,2026,AAA,Mitch Jebb,0.179,1.0,0.143,0.059,28,5,21,12,12,7,2,1,49,1,3
695048,695048,2026,AAA,Garret Guillemette,0.222,1.0,0.667,0.4,18,4,12,6,6,3,3,2,30,4,2
695462,695462,2026,AAA,Cal Conley,0.263,0.769,0.0,0.278,19,5,16,13,10,4,3,0,35,5,2
695467,695467,2026,AAA,Juan Montero,0.25,0.667,0.0,0.25,4,1,5,3,2,1,1,0,9,1,2
695490,695490,2026,AAA,Edwin Arroyo,0.333,0.941,0.25,0.208,21,7,22,17,16,4,2,1,43,5,2
695501,695501,2026,AAA,Blake Burke,0.222,0.667,0.0,0.375,9,2,7,6,4,1,0,0,16,3,1
695508,695508,2026,AAA,Cam Cauley,0.333,0.9,0.5,0.111,24,8,22,10,9,8,6,4,46,2,3
695521,695521,2026,AAA,Gavin Conticello,0.259,0.5,0.0,0.333,27,7,14,8,4,1,1,0,41,5,2
695527,695527,2026,AAA,Ian Daugherty,0.5,0.5,0.0,0.455,10,5,8,6,3,1,0,0,18,5,1
695596,695596,2026,AAA,Nick Raposo,0.067,1.0,0.4,0.0,15,1,12,8,8,5,2,2,27,0,2
695612,695612,2026,AAA,Alex Mooney,0.188,0.6,0.143,0.391,16,3,24,20,12,7,3,1,40,9,3
695653,695653,2026,AAA,Noah Miller,0.37,0.889,0.167,0.211,27,10,16,9,8,6,1,1,43,4,3
695735,695735,2026,AAA,Creed Willems,0.333,0.615,0.571,0.421,18,6,20,13,8,7,4,4,38,8,3
695763,695763,2026,AAA,Sam Petersen,0.3,0.667,0.0,0.333,20,6,25,12,8,3,1,0,45,6,3
696135,696135,2026,AAA,Kahlil Watson,0.185,0.625,0.167,0.308,27,5,20,8,5,6,2,1,47,4,3
696140,696140,2026,AAA,Ethan Murray,0.259,0.9,0.333,0.294,27,7,22,10,9,3,1,1,49,5,3
696160,696160,2026,AAA,Jake Rucker,0.071,0.786,0.5,0.312,28,2,24,14,11,2,1,1,52,5,3
696286,696286,2026,AAA,Davis Diaz,0.111,1.0,0.0,0.0,9,1,11,5,5,1,1,0,20,0,1
696486,696486,2026,AAA,James Tibbs III,0.333,0.75,0.333,0.391,33,11,22,12,9,6,3,2,55,9,3
698916,698916,2026,AAA,Rosman Verdugo,0.205,0.765,0.25,0.32,39,8,22,17,13,4,3,1,61,8,3
699114,699114,2026,AAA,Leo Balcazar,0.344,0.857,0.2,0.36,32,11,23,14,12,5,3,1,55,9,3
699130,699130,2026,AAA,Jadher Areinamo,0.385,0.875,0.143,0.154,13,5,10,8,7,7,2,1,23,2,2
699232,699232,2026,AAA,Anderdson Rojas,0.333,0.833,0.429,0.118,15,5,21,12,10,7,5,3,36,2,3
31354,699625,2026,AAA,Jimmy Crooks,0.25,0.75,0.0,0.375,32,8,20,8,6,1,1,0,52,6,3
700032,700032,2026,AAA,Victor Labrada,0.231,0.75,0.0,0.364,13,3,13,8,6,4,1,0,26,4,2
700164,700164,2026,AAA,Bryant Betancourt,0.3,1.0,0.167,0.125,20,6,11,10,10,6,2,1,31,2,2
30038,700246,2026,AAA,Carson Williams,0.083,0.75,0.5,0.333,12,1,17,8,6,2,2,1,29,3,2
28022,700337,2026,AAA,Edgar Quero,0.185,0.818,0.0,0.312,27,5,16,11,9,5,1,0,43,5,2
700652,700652,2026,AAA,Kenny Piper,0.312,1.0,0.4,0.143,16,5,12,9,9,5,3,2,28,2,2
29794,700932,2026,AAA,Kyle Manzardo,0.375,0.75,0.5,0.333,16,6,20,12,9,6,4,3,36,6,3
701177,701177,2026,AAA,Nick Cimillo,0.208,0.778,0.0,0.217,24,5,26,18,14,5,1,0,50,5,3
31562,701305,2026,AAA,Zach Dezenzo,0.154,0.818,0.0,0.231,13,2,17,11,9,4,1,0,30,3,3
701394,701394,2026,AAA,Zach Ehrhard,0.297,0.952,0.2,0.156,37,11,42,21,20,10,3,2,79,5,4
701496,701496,2026,AAA,Ben Cowles,0.385,0.667,0.2,0.357,13,5,14,9,6,5,3,1,27,5,2
701527,701527,2026,AAA,Mike Sirota,0.048,0.625,0.0,0.444,21,1,16,8,5,1,0,0,37,4,2
701546,701546,2026,AAA,Duce Gourson,0.269,0.833,0.143,0.28,26,7,24,18,15,7,3,1,50,7,3
701648,701648,2026,AAA,Aaron Zavala,0.167,0.875,0.0,0.3,12,2,11,8,7,1,0,0,23,3,1
701649,701649,2026,AAA,James Triantos,0.278,1.0,0.143,0.0,18,5,9,8,8,7,2,1,27,0,3
701682,701682,2026,AAA,Braedon Karpathios,0.214,0.6,0.0,0.538,14,3,15,10,6,5,1,0,29,7,3
701771,701771,2026,AAA,Billy Amick,0.333,0.625,0.0,0.429,36,12,23,16,10,4,2,0,59,12,3
702302,702302,2026,AAA,RJ Schreck,0.05,0.818,0.0,0.25,20,1,17,11,9,3,1,0,37,3,2
702315,702315,2026,AAA,Bennett Hostetler,0.333,0.667,0.5,0.5,6,2,8,6,4,2,2,1,14,4,1
702331,702331,2026,AAA,Noah Mendlinger,0.222,1.0,0.0,0.25,18,4,13,4,4,5,0,0,31,2,2
31567,702358,2026,AAA,Trey Lipscomb,0.423,0.75,0.25,0.391,26,11,24,12,9,4,3,1,50,9,3
702540,702540,2026,AAA,Mikey Romero,0.286,1.0,0.333,0.143,28,8,21,13,13,6,4,2,49,3,2
702679,702679,2026,AAA,Demetrio Crisantes,0.111,1.0,0.0,0.111,27,3,15,6,6,5,2,0,42,1,3
702789,702789,2026,AAA,Austin Gauthier,0.222,0.789,0.0,0.296,36,8,30,19,15,7,4,0,66,8,3
703185,703185,2026,AAA,Nelson Rada,0.174,0.9,0.0,0.214,23,4,25,10,9,4,2,0,48,3,3
703448,703448,2026,AAA,Cam Cannarella,0.143,0.833,0.0,0.125,14,2,12,6,5,3,2,0,26,1,1
703680,703680,2026,AAA,Brandon Compton,0.429,0.833,1.0,0.333,14,6,11,6,5,1,1,1,25,4,1
703766,703766,2026,AAA,Dakota Harris,0.417,0.667,0.0,0.286,24,10,22,18,12,6,1,0,46,8,3
800060,800060,2026,AAA,Xavier Isaac,0.125,0.5,0.5,0.6,8,1,6,4,2,2,1,1,14,3,1
800387,800387,2026,AAA,Fernando Peguero,0.5,0.4,0.0,0.556,8,4,6,5,2,3,1,0,14,5,1
800406,800406,2026,AAA,Aron Estrada,0.188,0.955,0.0,0.143,32,6,34,22,21,7,1,0,66,4,3
800473,800473,2026,AAA,Jefferson Rojas,0.5,0.824,0.375,0.333,20,10,29,17,14,8,4,3,49,9,3
800957,800957,2026,AAA,Brendan Jones,0.0,0.727,0.5,0.273,16,0,21,11,8,2,1,1,37,3,2
800959,800959,2026,AAA,Nick Goodwin,0.24,0.857,0.0,0.308,25,6,15,7,6,2,1,0,40,4,3
801194,801194,2026,AAA,Max Anderson,0.292,0.833,0.0,0.263,24,7,17,12,10,7,3,0,41,5,3
801276,801276,2026,AAA,Juan Matheus,0.267,1.0,0.0,0.0,15,4,5,2,2,2,0,0,20,0,1
801406,801406,2026,AAA,Jared Dickey,0.615,0.833,0.2,0.35,13,8,17,12,10,5,1,1,30,7,3
802117,802117,2026,AAA,Patrick Clohisy,0.353,0.8,0.0,0.375,17,6,22,10,8,3,0,0,39,6,3
802355,802355,2026,AAA,Tanner Schobel,0.333,0.909,0.5,0.071,9,3,18,11,10,4,4,2,27,1,2
803033,803033,2026,AAA,Matthew Etzel,0.222,0.909,0.167,0.067,18,4,15,11,10,6,4,1,33,1,2
803175,803175,2026,AAA,Ethan Anderson,0.118,0.667,0.4,0.375,17,2,10,6,4,5,4,2,27,3,2
803385,803385,2026,AAA,Jay Harry,0.581,0.571,0.286,0.281,31,18,20,14,8,7,2,2,51,9,3
804241,804241,2026,AAA,Zach Levenson,0.333,0.818,0.4,0.286,30,10,23,11,9,5,3,2,53,6,3
804558,804558,2026,AAA,Raudi Rodriguez,0.364,0.929,0.0,0.273,22,8,27,14,13,4,0,0,49,6,3
804645,804645,2026,AAA,Caden Connor,0.2,1.0,0.25,0.0,20,4,18,10,10,4,1,1,38,0,2
805126,805126,2026,AAA,Charlie Szykowny,0.5,0.714,0.25,0.231,24,12,23,14,10,8,5,2,47,6,3
805127,805127,2026,AAA,Devin Taylor,0.188,0.6,0.0,0.538,16,3,21,10,6,2,1,0,37,7,3
31792,805249,2026,AAA,Otto Kemp,0.231,0.909,0.4,0.294,26,6,21,11,10,5,2,2,47,5,3
805268,805268,2026,AAA,Peyton Williams,0.067,1.0,0.0,0.0,15,1,19,8,8,5,3,0,34,0,3
805301,805301,2026,AAA,Jordan Dissin,0.091,0.75,0.0,0.333,11,1,15,8,6,3,0,0,26,3,2
805347,805347,2026,AAA,Jim Jarvis,0.214,0.889,0.0,0.133,28,6,23,9,8,8,3,0,51,2,3
805672,805672,2026,AAA,Collin Price,0.409,0.938,0.125,0.16,22,9,19,16,15,8,3,1,41,4,3
805704,805704,2026,AAA,Keaton Anthony,0.156,0.765,0.286,0.227,32,5,32,17,13,7,4,2,64,5,3
805834,805834,2026,AAA,Javier Vaz,0.192,0.909,0.0,0.062,26,5,20,11,10,7,3,0,46,1,3
31583,805904,2026,AAA,Zach Cole,0.212,0.75,0.333,0.421,33,7,21,12,9,3,3,1,54,8,3
806210,806210,2026,AAA,Alfonsin Rosario,0.308,0.7,0.5,0.5,26,8,11,10,7,2,1,1,37,9,2
806252,806252,2026,AAA,Ralphy Velazquez,0.25,0.778,0.167,0.214,20,5,15,9,7,6,2,1,35,3,2
806534,806534,2026,AAA,Ben Gobbel,0.25,0.632,0.25,0.414,40,10,26,19,12,4,2,1,66,12,3
806964,806964,2026,AAA,Sebastian Walcott,0.333,0.857,0.0,0.286,21,7,15,7,6,2,0,0,36,4,2
807742,807742,2026,AAA,Colton Ledbetter,0.257,0.812,0.286,0.32,35,9,27,16,13,7,5,2,62,8,3
807747,807747,2026,AAA,Rikuu Nishida,0.148,0.8,0.25,0.263,27,4,33,15,12,4,2,1,60,5,3
808265,808265,2026,AAA,Franklin Arias,0.333,0.8,,0.263,27,9,20,10,8,0,0,0,47,5,2
808864,808864,2026,AAA,Raider Tello,0.375,0.923,0.143,0.16,32,12,23,13,12,7,4,1,55,4,3
35322,808975,2026,AAA,Hyeseong Kim,0.28,0.933,0.0,0.273,25,7,23,15,14,9,4,0,48,6,3
809338,809338,2026,AAA,Trevor Austin,0.286,0.818,0.0,0.263,28,8,17,11,9,5,2,0,45,5,3
809707,809707,2026,AAA,Charlie Condon,0.091,0.765,0.25,0.25,33,3,26,17,13,4,1,1,59,5,3
33197,810938,2026,AAA,Ben Williamson,0.5,1.0,0.0,0.25,6,3,5,1,1,2,1,0,11,1,1
811287,811287,2026,AAA,Carson Roccaforte,0.219,0.75,0.2,0.474,32,7,19,12,9,5,3,1,51,9,3
811965,811965,2026,AAA,Joshua Kuroda-Grauer,0.462,1.0,0.0,0.2,13,6,18,9,9,5,1,0,31,3,3
813833,813833,2026,AAA,Cole Conn,0.2,0.65,0.25,0.333,20,4,34,20,13,4,2,1,54,8,3
813851,813851,2026,AAA,Colton Becker,0.211,0.5,1.0,0.5,19,4,15,8,4,1,1,1,34,6,2
813852,813852,2026,AAA,Trey Paige,0.2,0.625,0.0,0.417,20,4,20,8,5,4,0,0,40,5,3
814299,814299,2026,AAA,Pascanel Ferreras,0.292,0.833,0.143,0.24,24,7,24,18,15,7,3,1,48,6,3
814409,814409,2026,AAA,Seaver King,0.389,0.824,0.111,0.208,18,7,30,17,14,9,4,1,48,5,3
814436,814436,2026,AAA,Ryan Galanie,0.3,0.9,0.2,0.154,10,3,20,10,9,5,4,1,30,2,3
814781,814781,2026,AAA,Jonathan Hogart,0.333,0.0,,1.0,6,2,3,1,0,0,0,0,9,3,1
815074,815074,2026,AAA,Derek Berg,0.3,0.5,0.0,0.625,20,6,9,2,1,1,0,0,29,5,2
815104,815104,2026,AAA,Graysen Tarlow,0.444,0.818,1.0,0.211,18,8,16,11,9,1,1,1,34,4,2
815589,815589,2026,AAA,Bo Davidson,0.348,0.833,0.0,0.357,23,8,18,6,5,1,0,0,41,5,3
821296,821296,2026,AAA,Connor McGinnis,0.0,1.0,0.333,0.0,13,0,17,6,6,3,1,1,30,0,2
822578,822578,2026,AAA,Brandon Butterworth,0.308,0.857,0.5,0.267,26,8,16,7,6,2,1,1,42,4,2
822966,822966,2026,AAA,John Taylor,0.238,0.909,0.0,0.25,21,5,23,11,10,7,2,0,44,4,3
823185,823185,2026,AAA,Zane Zielinski,0.077,0.833,0.2,0.143,13,1,8,6,5,5,1,1,21,1,2
823356,823356,2026,AAA,Payton Eeles,0.182,0.889,0.0,0.273,11,2,18,9,8,3,1,0,29,3,2
824028,824028,2026,AAA,Gage Miller,0.13,0.733,0.0,0.333,23,3,20,15,11,3,1,0,43,6,2
827636,827636,2026,AAA,Trent Youngblood,0.0,1.0,0.25,0.0,2,0,5,4,4,4,2,1,7,0,1
828395,828395,2026,AAA,Jason Schiavone,0.077,0.7,0.0,0.273,13,1,20,10,7,2,0,0,33,3,2
828599,828599,2026,AAA,Lucas Spence,0.323,0.9,0.333,0.2,31,10,21,10,9,6,2,2,52,4,3
