MLBAM_ID,Name,SwingsCompetitive,AvgBatSpeed,HardSwing%,SquaredUp/Swing,Blast/Swing,SwingLength,Whiff/Swing,BBE/Swing,Swords
691406,"Caminero, Junior",1060,79.463313094,0.8490566037735852,0.2292452830188679,0.1849056603773584,8.712503142,0.219811320754717,0.4216981132075472,17
519317,"Stanton, Giancarlo",155,79.335077806,0.929032258064516,0.1935483870967742,0.1419354838709677,8.440819226,0.3612903225806451,0.3741935483870968,3
691023,"Walker, Jordan",1093,79.264765892,0.8545288197621226,0.1985361390667886,0.1555352241537054,8.335858408,0.2872827081427264,0.3732845379688929,28
701762,"Kurtz, Nick",668,78.191794296,0.8038922155688621,0.1691616766467066,0.1392215568862275,7.759190614,0.3517964071856287,0.2739520958083832,17
701358,"Smith, Cam",1009,77.970377056,0.78394449950446,0.1684836471754212,0.1139742319127849,7.6970055,0.2824578790882061,0.3369672943508424,13
665856,"Camargo, Jair",4,77.7574275,0.75,0.25,0.25,7.9414,0.5,0.25,0
665833,"Cruz, Oneil",655,77.703353115,0.7267175572519082,0.2030534351145038,0.1435114503816794,7.531574763,0.3572519083969465,0.3129770992366412,11
669003,"Mitchell, Garrett",821,77.661364117,0.8087697929354445,0.2107186358099878,0.1534713763702801,7.256576334,0.3349573690621193,0.3349573690621193,23
682989,"Mederos, Victor",2,77.55225,0.5,0.5,0.5,7.2016,0.0,0.5,0
695491,"Báez, Joshua",189,77.532896349,0.7407407407407408,0.1746031746031746,0.0952380952380952,7.756611587,0.3174603174603174,0.3386243386243386,5
666176,"Adell, Jo",1218,77.393181429,0.7233169129720852,0.180623973727422,0.1206896551724138,7.712289516,0.2504105090311987,0.3456486042692939,30
673357,"Robert Jr., Luis",399,77.25030411,0.7293233082706767,0.18796992481203,0.1177944862155388,7.721698521,0.2431077694235588,0.3634085213032581,9
656941,"Schwarber, Kyle",1166,77.088882864,0.7452830188679245,0.1689536878216123,0.1183533447684391,7.498980249,0.29073756432247,0.2933104631217839,51
682987,"Jones, Spencer",580,77.087067586,0.7172413793103449,0.1568965517241379,0.0948275862068965,7.885708655,0.3706896551724138,0.25,9
691277,"De Los Santos, Deyvison",69,77.069832464,0.6956521739130433,0.144927536231884,0.072463768115942,7.994495507,0.2753623188405797,0.391304347826087,3
695506,"Caglianone, Jac",958,77.019612787,0.7296450939457201,0.2338204592901878,0.1722338204592902,7.859160658,0.2630480167014614,0.3663883089770355,20
575929,"Contreras, Willson",890,77.000783865,0.7112359550561795,0.1831460674157303,0.1146067415730337,7.891439382,0.2842696629213483,0.3382022471910112,24
695578,"Wood, James",868,76.839023594,0.6843317972350231,0.2557603686635945,0.1866359447004608,7.399684401,0.2684331797235023,0.3652073732718894,45
703607,"Bolte, Henry",752,76.794034295,0.7034574468085105,0.202127659574468,0.1462765957446808,7.579168271,0.3058510638297872,0.3297872340425531,22
682634,"Alcántara, Kevin",43,76.790991395,0.7209302325581395,0.1860465116279069,0.0930232558139534,8.022821395,0.3255813953488372,0.3488372093023256,2
672016,"Clarke, Denzel",128,76.700564453,0.6874999999999999,0.1640625,0.0859375,7.426836094,0.3359375,0.3359375,4
695657,"Montgomery, Colson",1119,76.615829857,0.7059874888293118,0.1465594280607685,0.0965147453083109,7.974176282,0.3476318141197497,0.2886505808757819,37
677594,"Rodríguez, Julio",1111,76.554987354,0.6705670567056705,0.2124212421242124,0.1332133213321332,7.763979469,0.2538253825382538,0.3717371737173717,17
668723,"Vilade, Ryan",467,76.538007066,0.6552462526766595,0.1798715203426124,0.1177730192719486,7.460856767,0.2355460385438972,0.3319057815845824,5
666211,"Trammell, Taylor",469,76.499742942,0.6759061833688699,0.1535181236673774,0.1002132196162046,7.884012772,0.3539445628997867,0.3198294243070362,16
641343,"Bauers, Jake",843,76.478468754,0.6809015421115064,0.2348754448398576,0.1447212336892052,7.66629274,0.2716488730723606,0.3606168446026097,33
805904,"Cole, Zach",84,76.376682381,0.666666666666667,0.2023809523809523,0.1309523809523809,7.384512857,0.4166666666666667,0.3452380952380952,1
642133,"Tellez, Rowdy",21,76.357261905,0.5238095238095238,0.1428571428571428,0.1428571428571428,8.083818095,0.3333333333333333,0.3333333333333333,0
665487,"Tatis Jr., Fernando",994,76.348564447,0.6458752515090542,0.2796780684104628,0.1891348088531187,7.345820865,0.2303822937625754,0.4517102615694165,28
621550,"Wisdom, Patrick",94,76.306840851,0.6595744680851063,0.1914893617021276,0.0957446808510638,8.098305957,0.3936170212765957,0.2553191489361702,3
665489,"Guerrero Jr., Vladimir",922,76.289564143,0.6236442516268981,0.2635574837310195,0.1702819956616052,7.582825998,0.185466377440347,0.4750542299349241,13
666624,"Morel, Christopher",170,76.265580353,0.623529411764706,0.188235294117647,0.0941176470588235,8.017417588,0.3588235294117647,0.3352941176470588,2
682829,"De La Cruz, Elly",937,76.21229032,0.6136606189967985,0.2518676627534685,0.1696905016008537,7.180168549,0.2657417289220918,0.3788687299893276,24
687605,"Pinckney, Andrew",37,76.191747297,0.7027027027027025,0.2972972972972973,0.1621621621621621,7.630542703,0.3243243243243243,0.4054054054054054,1
691181,"Rodriguez, Emmanuel",70,76.144690429,0.6857142857142859,0.1714285714285714,0.1,6.979422571,0.2857142857142857,0.3571428571428571,5
670541,"Alvarez, Yordan",1024,76.143240557,0.6162109375000001,0.267578125,0.177734375,7.667200361,0.19140625,0.416015625,5
656305,"Chapman, Matt",552,76.129580707,0.6105072463768116,0.1702898550724637,0.1032608695652173,7.369365254,0.2264492753623188,0.3641304347826087,11
687282,"Rincones Jr., Gabriel",178,76.086965562,0.6123595505617977,0.1404494382022472,0.0898876404494382,7.143844663,0.2808988764044944,0.297752808988764,4
592450,"Judge, Aaron",465,76.077789226,0.6387096774193549,0.2150537634408602,0.1397849462365591,8.133405527,0.3118279569892473,0.3075268817204301,12
671286,"Rodríguez, Johnathan",33,75.99450303,0.6363636363636365,0.0909090909090909,0.0909090909090909,8.178336364,0.2727272727272727,0.1818181818181818,1
676566,"Ross, Shawn",9,75.865873333,0.7777777777777778,0.1111111111111111,0.1111111111111111,7.757615556,0.4444444444444444,0.3333333333333333,1
682663,"Ramírez, Agustín",435,75.845231034,0.579310344827586,0.1885057471264367,0.1080459770114942,7.671841655,0.2758620689655172,0.3563218390804598,11
694673,"Ortiz, Abimelec",270,75.800140407,0.6222222222222223,0.1888888888888888,0.0814814814814814,7.335175074,0.2037037037037037,0.3111111111111111,3
663586,"Riley, Austin",1087,75.750685253,0.5878564857405704,0.1895124195032198,0.1076356945722171,7.565099779,0.3035878564857405,0.311867525298988,25
669394,"Burger, Jake",1035,75.748595517,0.6241545893719807,0.2106280193236715,0.1304347826086956,7.531007072,0.3198067632850241,0.3603864734299516,33
691723,"Mayo, Coby",744,75.709263965,0.5833333333333335,0.1989247311827957,0.1155913978494623,7.35039703,0.2983870967741935,0.3118279569892473,10
660670,"Acuña Jr., Ronald",810,75.672701272,0.5864197530864199,0.2037037037037037,0.1246913580246913,7.603252679,0.2580246913580247,0.3617283950617284,32
682985,"Greene, Riley",998,75.648811122,0.5891783567134268,0.1963927855711423,0.1162324649298597,7.27399496,0.2955911823647295,0.3196392785571142,15
701350,"Anthony, Roman",330,75.619993758,0.5515151515151516,0.2636363636363636,0.1545454545454545,7.446653182,0.2696969696969697,0.396969696969697,8
682818,"Piñango, Yohendrick",317,75.595015804,0.5741324921135648,0.2082018927444795,0.1324921135646687,7.14926306,0.2397476340694006,0.3596214511041009,5
687515,"Thomas, Colby",211,75.495420569,0.5734597156398104,0.1800947867298578,0.0995260663507109,7.562052322,0.3459715639810427,0.3033175355450237,2
682998,"Carroll, Corbin",1055,75.458579972,0.577251184834123,0.2473933649289099,0.1374407582938388,7.470541422,0.2502369668246445,0.3895734597156398,10
694025,"Reyes, Felix",62,75.458407903,0.5483870967741935,0.2258064516129032,0.0967741935483871,7.450099516,0.2258064516129032,0.4677419354838709,2
804606,"Griffin, Konnor",594,75.433020488,0.5606060606060606,0.1919191919191919,0.1077441077441077,7.670161296,0.265993265993266,0.3585858585858585,13
694514,"Thompson, Sterlin",119,75.429328151,0.5546218487394958,0.1848739495798319,0.0924369747899159,7.029012689,0.2436974789915966,0.3529411764705882,0
669065,"Stowers, Kyle",912,75.374370493,0.5515350877192983,0.2061403508771929,0.1403508771929824,6.800720921,0.3212719298245614,0.3037280701754385,29
686948,"Baldwin, Drake",1084,75.351152103,0.5673431734317346,0.2453874538745387,0.1439114391143911,7.31647536,0.2287822878228782,0.3579335793357933,22
703155,"Montes, Lazaro",106,75.313041415,0.5754716981132078,0.1509433962264151,0.0943396226415094,7.766152547,0.4433962264150943,0.2264150943396226,0
663698,"Bart, Joey",205,75.303235073,0.5219512195121953,0.1560975609756097,0.1024390243902439,7.359530634,0.2829268292682926,0.3512195121951219,4
670042,"Raley, Luke",523,75.275832983,0.5717017208413002,0.1873804971319311,0.1128107074569789,7.282020096,0.3862332695984704,0.3040152963671128,11
683146,"Baty, Brett",825,75.259934352,0.5648484848484849,0.2084848484848485,0.1175757575757575,7.473085842,0.2678787878787879,0.3418181818181818,22
670242,"Wallner, Matt",264,75.215032348,0.5681818181818182,0.1325757575757575,0.0757575757575757,7.469698068,0.4053030303030303,0.25,15
678760,"Leonard, Eddys",20,75.212396,0.6500000000000001,0.05,0.05,7.2952655,0.3,0.3,0
701305,"Dezenzo, Zach",138,75.14651587,0.5144927536231884,0.144927536231884,0.0652173913043478,7.65135413,0.3695652173913043,0.3043478260869565,2
669127,"Langeliers, Shea",749,75.142663712,0.5206942590120162,0.2229639519359145,0.1228304405874499,7.254312857,0.2963951935914553,0.3618157543391188,2
668904,"Lewis, Royce",889,75.12121829,0.543307086614173,0.1979752530933633,0.1046119235095613,8.064169224,0.296962879640045,0.3520809898762654,23
814430,"Callahan, Brett",140,75.103733071,0.5214285714285715,0.1642857142857142,0.0928571428571428,7.023025214,0.25,0.3071428571428571,5
691718,"Crow-Armstrong, Pete",1272,75.101676352,0.5369496855345911,0.205188679245283,0.125,7.469977445,0.2185534591194968,0.320754716981132,46
683357,"Caissie, Owen",562,75.075924395,0.5569395017793595,0.1886120996441281,0.1032028469750889,7.121562687,0.3274021352313167,0.298932384341637,17
678577,"Perez, Junior",64,75.053433281,0.5624999999999999,0.21875,0.125,7.518186875,0.375,0.3125,0
553869,"Díaz, Elias",449,75.049371715,0.505567928730512,0.1759465478841871,0.1091314031180401,7.045147016,0.2605790645879732,0.3385300668151447,16
663728,"Raleigh, Cal",1013,75.035485301,0.5153010858835144,0.1609081934846989,0.0799605133267522,7.904879329,0.297137216189536,0.2675222112537019,26
680776,"Duran, Jarren",1004,75.025631375,0.5089641434262948,0.199203187250996,0.1145418326693227,7.578556345,0.3097609561752988,0.3585657370517928,30
696100,"Goodman, Hunter",1014,74.986965779,0.4901380670611438,0.1804733727810651,0.1084812623274161,7.33140428,0.3254437869822485,0.3047337278106509,18
699302,"Rodríguez, Héctor",268,74.952622687,0.5186567164179106,0.1791044776119403,0.0970149253731343,7.87680959,0.2537313432835821,0.3544776119402985,6
624585,"Soler, Jorge",619,74.943144281,0.5121163166397416,0.1680129240710824,0.098546042003231,7.901856268,0.3473344103392569,0.308562197092084,7
671739,"Harris II, Michael",1084,74.939953386,0.4990774907749078,0.2416974169741697,0.1605166051660516,8.123640793,0.2250922509225092,0.3920664206642066,20
677595,"Mauricio, Ronny",110,74.854686,0.4818181818181818,0.1636363636363636,0.0909090909090909,7.763965545,0.2909090909090909,0.3,1
693306,"Sabato, Aaron",12,74.8355425,0.5833333333333333,0.25,0.0,7.0936425,0.1666666666666666,0.25,1
699013,"Valdez, Esmerlyn",460,74.805468152,0.5086956521739132,0.1869565217391304,0.1130434782608695,7.960877109,0.3891304347826086,0.2695652173913043,5
621566,"Olson, Matt",1201,74.782250541,0.5004163197335556,0.2414654454621149,0.1507077435470441,7.5897503,0.2306411323896752,0.3563696919233972,21
606466,"Marte, Ketel",963,74.770710187,0.4683281412253375,0.268951194184839,0.1474558670820353,7.714804123,0.1848390446521287,0.4527518172377985,12
808959,"Murakami, Munetaka",873,74.71065543,0.5005727376861397,0.1947308132875143,0.1351660939289805,7.865110023,0.4009163802978236,0.2760595647193585,29
676369,"Velázquez, Nelson",197,74.694339137,0.5228426395939088,0.2385786802030456,0.1370558375634517,7.435306396,0.3756345177664975,0.3147208121827411,4
815873,"Keys, Sean",132,74.688202727,0.5075757575757576,0.1742424242424242,0.0909090909090909,7.427770606,0.2803030303030303,0.303030303030303,1
660271,"Ohtani, Shohei",980,74.685994582,0.4908163265306122,0.2530612244897959,0.1459183673469387,7.898334643,0.3091836734693877,0.35,11
641857,"McMahon, Ryan",597,74.676685997,0.4907872696817419,0.2244556113902847,0.1306532663316583,7.363454422,0.2663316582914573,0.3567839195979899,19
545361,"Trout, Mike",963,74.672612305,0.4849428868120456,0.2087227414330218,0.1256490134994808,7.453380093,0.2274143302180685,0.3426791277258567,25
624413,"Alonso, Pete",1132,74.666029576,0.4734982332155477,0.2508833922261484,0.1687279151943463,7.180035018,0.2579505300353357,0.3533568904593639,18
666464,"Encarnacion, Jerar",75,74.662510267,0.5466666666666665,0.1733333333333333,0.0933333333333333,7.5507412,0.1866666666666666,0.3333333333333333,1
592518,"Machado, Manny",1111,74.661047255,0.4554455445544556,0.2214221422142214,0.1179117911791179,7.87385126,0.2277227722772277,0.3762376237623762,31
681297,"Cowser, Colton",653,74.601943017,0.4793261868300154,0.1745788667687595,0.0949464012251148,7.473979908,0.3108728943338438,0.3139356814701378,20
691785,"Mayer, Marcelo",392,74.601045714,0.4642857142857142,0.2015306122448979,0.086734693877551,7.944856301,0.2653061224489796,0.4030612244897959,8
682674,"Bericoto, Victor",220,74.576111636,0.4863636363636364,0.2318181818181818,0.1,7.589369955,0.2772727272727273,0.3454545454545454,6
641820,"Mancini, Trey",29,74.536593448,0.3793103448275862,0.2068965517241379,0.1379310344827586,7.625914828,0.1379310344827586,0.3448275862068966,0
691176,"Domínguez, Jasson",376,74.530686144,0.4202127659574468,0.2207446808510638,0.1143617021276595,7.777663723,0.2446808510638297,0.3936170212765957,4
669911,"Toglia, Michael",41,74.495372195,0.5365853658536585,0.2682926829268293,0.073170731707317,7.593017805,0.3170731707317073,0.3170731707317073,2
545341,"Grichuk, Randal",473,74.483885222,0.4587737843551796,0.266384778012685,0.1543340380549683,7.725281734,0.2283298097251585,0.4080338266384778,9
691373,"Garcia, Jhostynxon",98,74.474399592,0.4489795918367347,0.1632653061224489,0.0714285714285714,7.825669592,0.3265306122448979,0.3163265306122449,1
663993,"Lowe, Nathaniel",717,74.451468703,0.4407252440725244,0.202231520223152,0.1241283124128312,7.541348731,0.1924686192468619,0.3737796373779637,19
680577,"Keirsey Jr., DaShawn",1,74.43373,0.0,1.0,0.0,6.83226,0.0,1.0,0
657757,"Sheets, Gavin",675,74.429084711,0.4681481481481482,0.2014814814814814,0.0933333333333333,7.724710459,0.1822222222222222,0.3807407407407407,20
691016,"Soderstrom, Tyler",670,74.418929821,0.4507462686567164,0.2402985074626865,0.1388059701492537,7.504831806,0.217910447761194,0.3985074626865671,16
694192,"Chourio, Jackson",896,74.418319866,0.4654017857142858,0.2622767857142857,0.1439732142857142,7.366403125,0.2243303571428571,0.3950892857142857,20
672356,"Arias, Gabriel",258,74.407160388,0.437984496124031,0.1705426356589147,0.1085271317829457,7.377021977,0.437984496124031,0.2906976744186046,7
663624,"Mountcastle, Ryan",32,74.390176875,0.4375,0.1875,0.125,7.507539688,0.0625,0.375,0
572233,"Walker, Christian",1105,74.345921783,0.4361990950226244,0.2036199095022624,0.1176470588235294,7.411580833,0.2588235294117647,0.3647058823529411,39
694203,"Guzman, Denzer",525,74.326580019,0.4533333333333333,0.1809523809523809,0.0933333333333333,7.986532457,0.2438095238095238,0.3695238095238095,1
681715,"Hernández, Heriberto",807,74.324539157,0.4659231722428749,0.2503097893432466,0.1363073110285006,7.736808253,0.2936802973977695,0.3680297397769517,26
686527,"Canzone, Dominic",849,74.314367962,0.4369846878680801,0.2673733804475854,0.1566548881036513,7.412730389,0.2579505300353357,0.408716136631331,13
666160,"Moniak, Mickey",798,74.301625714,0.4536340852130326,0.2105263157894736,0.100250626566416,7.799904035,0.2706766917293233,0.3458646616541353,14
680718,"Barger, Addison",46,74.294076304,0.4999999999999999,0.1956521739130435,0.108695652173913,7.191623913,0.1956521739130435,0.3478260869565217,1
677592,"Pereira, Everson",191,74.292301204,0.4712041884816751,0.1832460732984293,0.1047120418848167,8.019791361,0.3403141361256545,0.3036649214659686,8
671277,"García Jr., Luis",939,74.286840831,0.4526091586794463,0.2673056443024494,0.154419595314164,7.448793344,0.1853035143769968,0.4164004259850905,14
694212,"Basallo, Samuel",688,74.272168576,0.4447674418604652,0.2325581395348837,0.129360465116279,7.602706105,0.2892441860465116,0.3590116279069767,19
670224,"Misner, Kameron",85,74.260397176,0.4117647058823528,0.1176470588235294,0.0235294117647058,7.653476118,0.4,0.2470588235294117,0
691788,"Mack, Joe",537,74.256687691,0.4338919925512103,0.2346368715083799,0.1117318435754189,7.390999944,0.2420856610800744,0.3854748603351955,5
700246,"Williams, Carson",71,74.207787887,0.352112676056338,0.1267605633802817,0.0422535211267605,7.553689577,0.2816901408450704,0.323943661971831,2
680779,"Davis, Henry",511,74.205985753,0.4266144814090019,0.2211350293542074,0.111545988258317,7.308730607,0.2309197651663405,0.3581213307240704,14
682626,"Alvarez, Francisco",707,74.186920736,0.4285714285714285,0.2178217821782178,0.1315417256011315,7.291528515,0.3196605374823196,0.338048090523338,14
665953,"Chaparro, Andrés",378,74.177303016,0.447089947089947,0.2142857142857142,0.1084656084656084,7.330217196,0.2751322751322751,0.3571428571428571,14
683002,"Henderson, Gunnar",1179,74.132133427,0.4156064461407973,0.2256149279050042,0.1145038167938931,7.32104838,0.2137404580152671,0.371501272264631,25
547180,"Harper, Bryce",1206,74.107890854,0.4543946932006635,0.2031509121061359,0.1119402985074626,7.328942305,0.2951907131011608,0.3333333333333333,13
621439,"Buxton, Byron",691,74.089327424,0.4037626628075254,0.2098408104196816,0.1172214182344428,7.982021056,0.2923299565846599,0.3531114327062228,14
642708,"Rosario, Amed",420,74.083006643,0.4119047619047618,0.2214285714285714,0.1214285714285714,7.411393143,0.269047619047619,0.369047619047619,4
669004,"Melendez, MJ",256,74.067085547,0.40625,0.2109375,0.125,7.916130977,0.31640625,0.26953125,5
686554,"Dunn, Oliver",16,74.061013125,0.375,0.125,0.0625,7.27459875,0.375,0.25,0
686611,"Crews, Dylan",746,74.05569382,0.3860589812332439,0.2117962466487935,0.1179624664879356,7.586640308,0.2815013404825737,0.3592493297587131,17
691777,"Muncy, Max",466,74.053243541,0.4549356223175965,0.1888412017167382,0.111587982832618,7.508564313,0.3004291845493562,0.3111587982832618,17
683748,"Mesa Jr., Victor",431,74.050260186,0.3897911832946636,0.2343387470997679,0.1090487238979118,7.907556473,0.2412993039443155,0.3642691415313225,4
665052,"Conine, Griffin",532,74.042983515,0.4210526315789474,0.2218045112781954,0.1372180451127819,7.4795075,0.3552631578947368,0.3308270676691729,14
694374,"Tawa, Tim",570,73.988145965,0.3736842105263158,0.2333333333333333,0.1263157894736842,7.181553684,0.2701754385964912,0.3666666666666666,14
667670,"Rooker, Brent",314,73.974290987,0.4108280254777071,0.1847133757961783,0.1210191082802547,7.085263312,0.3662420382165605,0.3312101910828025,7
699912,"Fernandez, Jose",331,73.969504683,0.4290030211480362,0.229607250755287,0.1178247734138972,7.792893353,0.229607250755287,0.3957703927492447,4
687394,"Brannigan, Jack",3,73.94991,0.3333333333333333,,,6.728006667,,,0
683079,"Martinez, Omar",4,73.9474425,0.25,0.25,0.0,7.6637675,0.25,0.5,0
677588,"Tena, José",497,73.945849718,0.4205231388329978,0.2012072434607646,0.1227364185110664,7.09993666,0.3259557344064386,0.3279678068410462,10
804668,"Flores Jr., Rafael",255,73.944971725,0.396078431372549,0.2352941176470588,0.1294117647058823,7.487674745,0.2941176470588235,0.3647058823529411,6
668952,"Kreidler, Ryan",458,73.934778734,0.3908296943231442,0.2096069868995633,0.1091703056768559,7.905649651,0.2816593886462882,0.3755458515283842,15
687597,"Beck, Jordan",309,73.916992136,0.3851132686084142,0.1618122977346278,0.0809061488673139,7.884453463,0.313915857605178,0.2912621359223301,3
678246,"Vargas, Miguel",1096,73.909423084,0.4242700729927008,0.2627737226277372,0.1304744525547445,7.778948823,0.1934306569343065,0.3978102189781022,10
677951,"Witt Jr., Bobby",992,73.907824516,0.4153225806451613,0.2762096774193548,0.158266129032258,6.990059446,0.2338709677419354,0.4223790322580645,18
695600,"Jensen, Carter",990,73.870614081,0.3737373737373737,0.2323232323232323,0.1131313131313131,7.141660354,0.2646464646464646,0.3444444444444444,45
683090,"Lugo, Matthew",28,73.869260357,0.5,0.1071428571428571,0.0357142857142857,7.569395,0.4285714285714285,0.2857142857142857,2
622761,"Mateo, Jorge",398,73.85605691,0.3768844221105526,0.1758793969849246,0.0854271356783919,7.734415101,0.2864321608040201,0.3266331658291457,11
671155,"Johnson, Ivan",28,73.833288929,0.3928571428571428,0.1071428571428571,0.0714285714285714,7.252222143,0.4642857142857143,0.2857142857142857,0
703197,"Arroyo, Michael",60,73.830659333,0.3666666666666667,0.2333333333333333,0.1,7.694809333,0.15,0.4333333333333333,0
681047,"Franklin, Christian",87,73.827315172,0.3908045977011495,0.1839080459770115,0.0804597701149425,7.049536897,0.2758620689655172,0.3793103448275862,3
695020,"Murray, Tanner",42,73.817516905,0.3809523809523809,0.3095238095238095,0.1428571428571428,7.615133095,0.2857142857142857,0.5,1
677800,"Abreu, Wilyer",1164,73.797811469,0.3642611683848797,0.243127147766323,0.1194158075601374,7.183535627,0.2285223367697594,0.377147766323024,15
677943,"Banfield, Will",33,73.793333636,0.2727272727272727,0.1515151515151515,0.0303030303030303,7.023418182,0.3636363636363636,0.3636363636363636,0
670231,"Rave, John",227,73.789221718,0.3656387665198238,0.2422907488986784,0.1365638766519823,7.241511454,0.2290748898678414,0.4140969162995594,2
680869,"Gelof, Zack",649,73.766862866,0.3235747303543914,0.2403697996918335,0.1078582434514637,7.255157596,0.2773497688751926,0.386748844375963,3
676475,"Burleson, Alec",1184,73.755163902,0.3758445945945947,0.2652027027027027,0.1486486486486486,7.688158319,0.1993243243243243,0.3885135135135135,18
678545,"Basabe, Osleivis",221,73.743567421,0.3665158371040724,0.2307692307692307,0.1085972850678733,7.298449412,0.2217194570135746,0.416289592760181,7
807727,"McAdoo, Charles",163,73.704946135,0.3619631901840491,0.1840490797546012,0.0613496932515337,7.24553865,0.2331288343558282,0.3865030674846625,0
668901,"Vientos, Mark",521,73.697424223,0.345489443378119,0.236084452975048,0.1324376199616123,7.544541593,0.2975047984644913,0.3704414587332054,15
828599,"Spence, Lucas",97,73.692243814,0.3402061855670103,0.2164948453608247,0.134020618556701,6.989002062,0.3917525773195876,0.2989690721649484,1
805672,"Price, Collin",25,73.682672,0.36,0.2,0.04,7.8804416,0.64,0.24,0
663662,"Cameron, Daz",44,73.657902727,0.409090909090909,0.1818181818181818,0.0909090909090909,6.760453409,0.2272727272727272,0.3863636363636363,0
605353,"Machín, Vimael",9,73.655256667,0.2222222222222222,0.2222222222222222,0.2222222222222222,7.92468,0.4444444444444444,0.4444444444444444,0
666139,"Lowe, Josh",706,73.651516459,0.3569405099150142,0.1628895184135977,0.0679886685552408,7.513266006,0.3271954674220963,0.2705382436260623,10
671056,"Herrera, Iván",1110,73.64252245,0.4036036036036036,0.2468468468468468,0.1198198198198198,7.697298297,0.1873873873873874,0.3963963963963964,21
703601,"Clark, Max",296,73.63257027,0.3141891891891891,0.2466216216216216,0.0945945945945946,7.56222348,0.1452702702702702,0.429054054054054,4
701785,"Culpepper, Kaelen",216,73.624998009,0.3518518518518518,0.199074074074074,0.0694444444444444,7.304831111,0.2268518518518518,0.3657407407407407,0
699024,"Bernal, Leo",161,73.604745776,0.3105590062111801,0.2795031055900621,0.15527950310559,7.436772112,0.2360248447204969,0.4037267080745341,3
668709,"Bleday, JJ",872,73.603960631,0.3211009174311927,0.2247706422018348,0.1032110091743119,7.296386651,0.2488532110091743,0.3681192660550458,26
671732,"Butler, Lawrence",879,73.574822753,0.3731513083048919,0.2025028441410694,0.1126279863481228,7.01569116,0.2525597269624573,0.3321956769055745,21
669087,"Huff, Sam",66,73.556924394,0.3484848484848485,0.1363636363636363,0.0909090909090909,7.838718788,0.4393939393939394,0.1969696969696969,1
660821,"Sánchez, Jesús",536,73.547313582,0.4328358208955223,0.2257462686567164,0.1212686567164179,6.849219123,0.2723880597014925,0.3526119402985074,3
650490,"Díaz, Yandy",1084,73.534317592,0.3828413284132843,0.2933579335793358,0.1715867158671586,7.573989179,0.1319188191881918,0.4428044280442804,12
691781,"House, Brady",578,73.532889931,0.3339100346020762,0.231833910034602,0.1280276816608996,7.547699464,0.2681660899653979,0.3737024221453287,11
666181,"Benson, Will",181,73.531456685,0.3756906077348066,0.1988950276243093,0.0883977900552486,7.687908729,0.3425414364640884,0.3038674033149171,6
664040,"Lowe, Brandon",1178,73.50498646,0.3870967741935484,0.2164685908319185,0.1129032258064516,7.082271129,0.3191850594227504,0.3234295415959253,48
700652,"Piper, Kenny",22,73.488599545,0.2727272727272727,0.1363636363636363,0.0909090909090909,7.834906818,0.3636363636363636,0.2727272727272727,0
672279,"Siani, Michael",1,73.48681,0.0,1.0,0.0,6.96189,0.0,1.0,0
686555,"Collins, Isaac",716,73.481243464,0.3310055865921787,0.2472067039106145,0.1173184357541899,6.756748394,0.1941340782122905,0.4273743016759777,29
680777,"Jeffers, Ryan",543,73.47291989,0.4069981583793737,0.2744014732965009,0.1252302025782689,7.214086501,0.154696132596685,0.430939226519337,16
691002,"Morales, Yohandy",81,73.47194716,0.3580246913580246,0.2098765432098765,0.1728395061728395,7.50136284,0.3580246913580246,0.345679012345679,2
542303,"Ozuna, Marcell",472,73.463952013,0.3686440677966101,0.2033898305084746,0.0889830508474576,7.475611419,0.3050847457627119,0.3305084745762712,4
669288,"Johnson, Daniel",20,73.459043,0.3,0.35,0.1,7.41687,0.2,0.5,0
661388,"Contreras, William",936,73.458563825,0.3707264957264957,0.3141025641025641,0.1581196581196581,7.234888312,0.188034188034188,0.4743589743589743,18
687952,"Encarnacion-Strand, Christian",411,73.446570827,0.3381995133819951,0.1776155717761557,0.0851581508515815,7.388747762,0.2749391727493917,0.3041362530413625,7
669357,"Gorman, Nolan",536,73.424204011,0.3302238805970149,0.1847014925373134,0.0970149253731343,7.649851063,0.3638059701492537,0.2891791044776119,9
805811,"Eldridge, Bryce",730,73.417615712,0.3438356164383561,0.2383561643835616,0.1383561643835616,7.378773068,0.2547945205479452,0.3410958904109589,9
676356,"DeLuca, Jonny",611,73.405888822,0.337152209492635,0.1980360065466448,0.099836333878887,7.823031277,0.2258592471358428,0.3960720130932897,10
621043,"Correa, Carlos",232,73.405211983,0.3879310344827587,0.2198275862068965,0.1293103448275862,7.217647198,0.2241379310344827,0.375,1
642350,"Siri, Jose",438,73.396036142,0.3767123287671232,0.1666666666666666,0.1050228310502283,7.71347984,0.3584474885844749,0.2945205479452055,9
701538,"Merrill, Jackson",1172,73.391014386,0.31740614334471,0.2286689419795221,0.1211604095563139,7.52352587,0.2627986348122867,0.3353242320819112,23
677956,"Hinds, Rece",134,73.379727313,0.3656716417910448,0.126865671641791,0.0671641791044776,7.73379209,0.4477611940298507,0.2313432835820895,4
663604,"Lockridge, Brandon",185,73.355398108,0.4054054054054055,0.1621621621621621,0.1135135135135135,7.015405946,0.2864864864864865,0.3405405405405405,3
595879,"Báez, Javier",344,73.348358576,0.3197674418604651,0.2209302325581395,0.1017441860465116,8.57704189,0.2790697674418604,0.4040697674418604,3
687749,"Bowen, Jase",146,73.334053014,0.2808219178082192,0.1575342465753424,0.0410958904109589,7.940187192,0.4246575342465753,0.2602739726027397,2
687401,"Ortiz, Joey",613,73.317382838,0.33278955954323,0.2642740619902121,0.1207177814029363,7.511541093,0.1794453507340946,0.432300163132137,6
673548,"Suzuki, Seiya",983,73.297189349,0.363173957273652,0.2156663275686673,0.1108850457782299,7.217079491,0.2187182095625635,0.3774160732451678,22
663457,"Nootbaar, Lars",454,73.260881189,0.3480176211453744,0.3127753303964757,0.1541850220264317,6.846032445,0.171806167400881,0.4317180616740088,10
695257,"Cook, Billy",96,73.258701042,0.28125,0.1770833333333333,0.03125,7.661492292,0.3229166666666667,0.2708333333333333,1
664238,"Moore, Dylan",30,73.236560667,0.2666666666666667,0.1,0.0333333333333333,7.191669333,0.2666666666666666,0.2,1
663330,"Jones, Jahmai",293,73.21425686,0.3447098976109215,0.1945392491467577,0.1126279863481228,7.672570956,0.3515358361774744,0.3139931740614334,5
694249,"Carrigg, Cole",629,73.210874658,0.3465818759936407,0.1907790143084261,0.095389507154213,7.483272671,0.2209856915739268,0.3449920508744038,18
592885,"Yelich, Christian",787,73.172423253,0.3100381194409149,0.2134688691232528,0.1003811944091486,7.602609657,0.2909783989834816,0.3481575603557814,11
543807,"Springer, George",859,73.156431711,0.3538998835855646,0.2433061699650756,0.1140861466821886,7.450987939,0.2048894062863795,0.4004656577415599,28
676724,"Young, Jared",560,73.138915732,0.325,0.2714285714285714,0.1464285714285714,7.203006536,0.2267857142857142,0.4071428571428571,10
679529,"Torkelson, Spencer",981,73.131998257,0.255861365953109,0.2130479102956167,0.0998980632008155,7.730983863,0.2844036697247706,0.3343527013251784,24
642201,"White, Eli",369,73.120221978,0.2953929539295391,0.1815718157181571,0.078590785907859,7.262597425,0.2493224932249322,0.3577235772357723,7
592663,"Realmuto, J.T.",737,73.096142266,0.3229308005427408,0.2632293080054274,0.1004070556309362,7.406730529,0.2293080054274084,0.3826322930800542,12
669236,"Jackson, Jeremiah",531,73.094542392,0.3050847457627119,0.2429378531073446,0.1092278719397363,7.533406836,0.263653483992467,0.3709981167608286,18
680664,"Valencia, Eduardo",250,73.05997892,0.3,0.244,0.14,7.93318156,0.272,0.34,2
669360,"Cruz, Trei",8,73.05634375,0.375,0.25,0.0,7.13007375,0.375,0.25,0
672960,"Okamoto, Kazuma",1109,73.054593571,0.3345356176735798,0.2254283137962128,0.1055004508566276,7.915685482,0.2948602344454463,0.3336339044183949,33
669720,"Hays, Austin",180,73.011492889,0.2611111111111111,0.2222222222222222,0.0888888888888888,7.288796889,0.3333333333333333,0.3722222222222222,7
694728,"Matthews, Brice",378,73.005892778,0.2989417989417989,0.1798941798941798,0.0873015873015873,7.328578016,0.3809523809523809,0.3174603174603174,8
665750,"Taveras, Leody",768,72.965645026,0.2916666666666667,0.20703125,0.0846354166666666,7.439405221,0.2408854166666666,0.3567708333333333,9
676551,"Hicklen, Brewer",72,72.962398056,0.2916666666666666,0.1805555555555555,0.0833333333333333,7.701242083,0.4305555555555556,0.25,0
696135,"Watson, Kahlil",162,72.962146235,0.271604938271605,0.2037037037037037,0.0864197530864197,7.635052531,0.3209876543209876,0.3333333333333333,5
681624,"Pages, Andy",980,72.951479245,0.283673469387755,0.2448979591836734,0.1091836734693877,7.648066071,0.1887755102040816,0.3928571428571428,15
682928,"Abrams, CJ",1153,72.951454727,0.2758022549869905,0.2298352124891587,0.1032090199479618,7.70681137,0.2853425845620121,0.3408499566348655,30
669134,"Campusano, Luis",383,72.93759295,0.3002610966057441,0.2088772845953002,0.0887728459530026,7.863604595,0.2193211488250653,0.3629242819843342,17
662139,"Varsho, Daulton",905,72.925182575,0.2817679558011049,0.2044198895027624,0.0784530386740331,7.717588729,0.2088397790055248,0.3701657458563536,4
656577,"Jackson, Alex",128,72.919503047,0.296875,0.1484375,0.0546875,7.30647375,0.3046875,0.28125,2
672284,"Kelenic, Jarred",135,72.905173333,0.2814814814814815,0.2074074074074074,0.1333333333333333,7.372969111,0.3851851851851852,0.3037037037037037,4
596019,"Lindor, Francisco",794,72.894341209,0.2871536523929471,0.2632241813602015,0.1095717884130982,7.655248098,0.2329974811083123,0.3664987405541561,14
664056,"Bader, Harrison",203,72.87897601,0.3793103448275861,0.2266009852216748,0.083743842364532,7.234788276,0.3004926108374384,0.3497536945812808,6
657136,"Wong, Connor",374,72.873327299,0.2914438502673797,0.2032085561497326,0.0935828877005347,7.420439385,0.2433155080213903,0.3716577540106952,10
656582,"Joe, Connor",75,72.870881333,0.3866666666666666,0.2133333333333333,0.1066666666666666,7.329478933,0.2133333333333333,0.32,2
665862,"Chisholm Jr., Jazz",869,72.861864591,0.2819332566168009,0.2324510932105868,0.1035673187571921,7.855657894,0.2830840046029919,0.3314154200230149,15
640459,"Navarreto, Brian",107,72.84690514,0.1775700934579439,0.1401869158878504,0.0654205607476635,7.844479252,0.3364485981308411,0.2710280373831775,2
686780,"Pagés, Pedro",374,72.83659746,0.2459893048128342,0.1737967914438502,0.0802139037433155,7.175217567,0.2700534759358289,0.3315508021390374,9
650489,"Castro, Willi",879,72.818255392,0.2775881683731513,0.1763367463026166,0.0887372013651877,7.333180114,0.2923777019340159,0.3071672354948805,11
672275,"Bailey, Patrick",586,72.810278174,0.302047781569966,0.2337883959044368,0.098976109215017,7.350577338,0.2525597269624573,0.3549488054607508,14
681987,"Eaton, Nate",104,72.801597788,0.2307692307692307,0.1442307692307692,0.0576923076923076,7.505595192,0.3173076923076923,0.2884615384615384,1
668804,"Reynolds, Bryan",1132,72.788718878,0.2985865724381625,0.2473498233215547,0.1289752650176678,6.974537624,0.2438162544169611,0.3639575971731448,53
663609,"Baker, Luken",7,72.784992857,0.1428571428571428,0.1428571428571428,0.1428571428571428,8.361607143,0.4285714285714285,0.2857142857142857,0
676572,"Wagaman, Eric",86,72.776942442,0.3139534883720929,0.2093023255813953,0.1046511627906976,7.066431163,0.2790697674418604,0.3720930232558139,2
671218,"Ramos, Heliot",781,72.775717862,0.2893725992317541,0.2394366197183098,0.1318822023047375,6.866257478,0.2688860435339308,0.3482714468629961,17
669224,"Wells, Austin",650,72.767037477,0.2676923076923078,0.2092307692307692,0.0953846153846153,7.567921354,0.2507692307692307,0.3369230769230769,17
694671,"Langford, Wyatt",777,72.758339202,0.2715572715572716,0.229086229086229,0.0965250965250965,6.924683745,0.2483912483912484,0.3526383526383526,12
657675,"Martin Jr., Rudy",3,72.73186,0.0,0.0,0.0,7.082406667,0.6666666666666666,0.3333333333333333,0
656484,"Gray, Tristan",354,72.707748277,0.3107344632768362,0.1581920903954802,0.0649717514124293,7.14750565,0.3474576271186441,0.288135593220339,8
691458,"Jordan, Blaze",351,72.705749259,0.264957264957265,0.2564102564102564,0.1225071225071225,7.306579003,0.2051282051282051,0.4245014245014245,4
667452,"Julks, Corey",10,72.677961,0.0999999999999999,0.4,0.0,7.263588,0.1,0.6,0
682848,"Rodríguez, Endy",244,72.67159082,0.2622950819672132,0.2704918032786885,0.110655737704918,7.258096844,0.2459016393442623,0.3729508196721312,3
663743,"Fortes, Nick",497,72.668631791,0.2575452716297786,0.2474849094567404,0.1327967806841046,7.534157163,0.1690140845070422,0.4668008048289738,7
516782,"Marte, Starling",305,72.642422525,0.3016393442622951,0.2196721311475409,0.1180327868852459,7.237870951,0.2655737704918032,0.340983606557377,9
660710,"Durán, Rodolfo",140,72.639820357,0.3214285714285713,0.1857142857142857,0.0714285714285714,7.157851,0.2642857142857143,0.3785714285714285,3
694377,"Yorke, Nick",202,72.639074109,0.2425742574257425,0.2227722772277227,0.1089108910891089,7.338392921,0.2326732673267326,0.3663366336633663,4
700250,"Rice, Ben",1035,72.622426928,0.2434782608695652,0.2753623188405797,0.1410628019323671,7.68302286,0.2222222222222222,0.3835748792270531,15
657041,"Thomas, Lane",563,72.617508526,0.2593250444049734,0.2486678507992895,0.1065719360568383,6.869018046,0.2095914742451154,0.3943161634103019,20
678218,"Valenzuela, Brandon",477,72.603584591,0.220125786163522,0.1970649895178197,0.090146750524109,7.855683836,0.2410901467505241,0.320754716981132,8
677649,"Duran, Ezequiel",1056,72.590732642,0.2774621212121212,0.2130681818181818,0.09375,7.169266259,0.2462121212121212,0.3503787878787879,27
650391,"Jiménez, Eloy",60,72.589113667,0.2166666666666667,0.2333333333333333,0.1333333333333333,7.273669167,0.2833333333333333,0.3666666666666666,1
672724,"Peraza, Oswald",675,72.582896148,0.2785185185185185,0.1881481481481481,0.0814814814814814,7.5724532,0.2962962962962963,0.3125925925925926,15
624641,"Sosa, Edmundo",485,72.576600722,0.2783505154639176,0.2123711340206185,0.1030927835051546,8.108758227,0.2577319587628865,0.3525773195876289,1
678554,"Mead, Curtis",501,72.575305888,0.2734530938123752,0.2534930139720558,0.1277445109780439,7.063725529,0.1596806387225549,0.4151696606786427,9
673237,"Diaz, Yainer",586,72.5686593,0.226962457337884,0.310580204778157,0.1348122866894198,7.342074625,0.1979522184300341,0.4573378839590443,19
806068,"Emerson, Colt",459,72.545709847,0.2636165577342046,0.1568627450980392,0.0501089324618736,7.211625991,0.3159041394335512,0.2919389978213507,11
686668,"Doyle, Brenton",366,72.536808525,0.1912568306010929,0.2131147540983606,0.0928961748633879,7.358456093,0.3060109289617486,0.3360655737704918,9
606192,"Hernández, Teoscar",829,72.520232497,0.2533172496984319,0.2364294330518697,0.1218335343787696,7.769707117,0.3088057901085645,0.3474065138721351,22
676480,"Barrero, José",12,72.519896667,0.2499999999999999,0.1666666666666666,0.0,7.904633333,0.5,0.25,0
687637,"Beavers, Dylan",558,72.501097294,0.2132616487455197,0.2365591397849462,0.1129032258064516,7.358897527,0.2365591397849462,0.3745519713261648,8
641598,"Garver, Mitch",234,72.500435513,0.188034188034188,0.2307692307692307,0.094017094017094,7.397699701,0.3119658119658119,0.3076923076923077,8
624424,"Conforto, Michael",475,72.491798147,0.2905263157894737,0.2168421052631579,0.0905263157894736,7.278639053,0.2568421052631578,0.3389473684210526,10
669477,"Schmitt, Casey",698,72.489216777,0.2750716332378225,0.2736389684813753,0.1404011461318051,7.563831189,0.1948424068767908,0.4126074498567335,14
691728,"Veen, Zac",141,72.486585248,0.2553191489361703,0.1347517730496454,0.0709219858156028,7.247122553,0.4042553191489361,0.226950354609929,5
657656,"Laureano, Ramón",358,72.474939637,0.2597765363128492,0.1843575418994413,0.0837988826815642,7.098213101,0.3044692737430167,0.2877094972067039,10
665742,"Soto, Juan",652,72.456728298,0.2883435582822086,0.3450920245398773,0.1840490797546012,7.102187914,0.1825153374233128,0.4631901840490797,27
680716,"Ornelas, Jonathan",46,72.424511522,0.2608695652173913,0.1304347826086956,0.0869565217391304,6.979732826,0.3478260869565217,0.1739130434782608,1
669221,"Murphy, Sean",191,72.411104555,0.2879581151832461,0.2198952879581152,0.1308900523560209,7.88200712,0.2827225130890052,0.3403141361256545,12
671083,"Kennedy, Buddy",89,72.406395169,0.2134831460674157,0.1573033707865168,0.0449438202247191,6.787506404,0.247191011235955,0.3033707865168539,3
694197,"Genao, Angel",201,72.405905622,0.2437810945273632,0.308457711442786,0.1144278606965174,7.191924975,0.2288557213930348,0.4577114427860697,3
814439,"Waldschmidt, Ryan",426,72.405558333,0.2183098591549296,0.204225352112676,0.0774647887323943,6.973357582,0.3169014084507042,0.3568075117370892,7
607043,"Nimmo, Brandon",1114,72.401901786,0.2836624775583483,0.248653500897666,0.1256732495511669,7.01713693,0.2315978456014362,0.348294434470377,28
806146,"Lombard Jr., George",264,72.401156174,0.2651515151515151,0.2083333333333333,0.0757575757575757,7.398084697,0.2386363636363636,0.3825757575757575,3
687221,"Rushing, Dalton",412,72.394290995,0.1529126213592233,0.2160194174757281,0.1262135922330097,7.504975995,0.2936893203883495,0.3470873786407767,11
672820,"Sosa, Lenyn",217,72.368454055,0.2258064516129032,0.2350230414746544,0.1059907834101382,7.59072682,0.216589861751152,0.3963133640552995,1
593428,"Bogaerts, Xander",781,72.343650487,0.2855313700384123,0.2919334186939821,0.1229193341869398,7.314267029,0.2202304737516005,0.4289372599231754,21
665161,"Peña, Jeremy",865,72.337569272,0.1641618497109826,0.2242774566473988,0.1017341040462427,7.576906069,0.3086705202312139,0.353757225433526,17
690291,"Jung, Jace",16,72.324321875,0.25,0.1875,0.0625,7.375915625,0.0625,0.375,1
642715,"Adames, Willy",849,72.309419293,0.2544169611307421,0.2120141342756183,0.0895170789163722,8.182485018,0.2626619552414605,0.3639575971731448,10
641933,"O'Neill, Tyler",439,72.279969977,0.1890660592255125,0.2209567198177676,0.0911161731207289,7.35124041,0.296127562642369,0.3394077448747152,7
660162,"Moncada, Yoán",191,72.272188586,0.3036649214659685,0.2146596858638743,0.0994764397905759,7.36174822,0.2722513089005235,0.3246073298429319,4
553993,"Suárez, Eugenio",834,72.260489628,0.2290167865707434,0.1750599520383693,0.0779376498800959,7.793315084,0.3105515587529976,0.302158273381295,40
681546,"Outman, James",311,72.255756849,0.1929260450160771,0.1607717041800643,0.0643086816720257,7.790325273,0.3987138263665595,0.2668810289389067,14
682622,"Marte, Noelvi",353,72.232909915,0.2719546742209632,0.2124645892351274,0.0821529745042493,7.355187989,0.2492917847025495,0.3654390934844193,8
592626,"Pederson, Joc",711,72.225011224,0.2250351617440225,0.2559774964838256,0.1308016877637131,7.462763108,0.2841068917018284,0.3516174402250351,11
694208,"Ballesteros, Moisés",595,72.215122017,0.2890756302521009,0.2470588235294117,0.1159663865546218,7.114064218,0.2672268907563025,0.3747899159663865,17
663616,"Larnach, Trevor",654,72.193227339,0.2324159021406728,0.2477064220183486,0.1162079510703364,7.207440046,0.2568807339449541,0.4097859327217125,11
695336,"Saggese, Thomas",320,72.183108563,0.225,0.23125,0.109375,6.987464031,0.265625,0.321875,8
677942,"Alexander, Blaze",539,72.18299026,0.2393320964749536,0.2560296846011132,0.1094619666048237,7.42939462,0.2430426716141001,0.3432282003710575,12
671655,"Valera, George",61,72.166478033,0.2131147540983606,0.2786885245901639,0.0983606557377049,6.759107541,0.2295081967213114,0.4262295081967213,0
605244,"Garcia, Aramis",31,72.157587097,0.1612903225806451,0.2580645161290322,0.0967741935483871,7.556262903,0.3548387096774194,0.3870967741935484,0
699393,"Ramírez, Pedro",433,72.153684758,0.2217090069284064,0.2609699769053117,0.1293302540415704,7.527703811,0.1870669745958429,0.4226327944572748,10
682668,"Acuña, Luisangel",336,72.137870357,0.2767857142857142,0.2827380952380952,0.1220238095238095,7.530393571,0.238095238095238,0.4553571428571428,13
678662,"Tovar, Ezequiel",976,72.135502377,0.2192622950819672,0.180327868852459,0.0665983606557377,7.587328719,0.2920081967213114,0.3022540983606557,14
642215,"Wilson, Weston",308,72.129564838,0.2012987012987012,0.1655844155844155,0.0714285714285714,7.571591818,0.3149350649350649,0.3116883116883117,10
805805,"Jenkins, Walker",140,72.1121705,0.1999999999999999,0.2571428571428571,0.0785714285714285,7.029248786,0.2214285714285714,0.4142857142857143,2
807726,"Peck, John",129,72.104826202,0.1627906976744186,0.2093023255813953,0.0852713178294573,7.240302713,0.2790697674418604,0.3643410852713178,3
677060,"Stevens, Chad",58,72.088606897,0.3620689655172413,0.1206896551724138,0.0517241379310344,7.116888966,0.3103448275862069,0.1896551724137931,1
701398,"Stewart, Sal",1184,72.085790034,0.2643581081081081,0.2423986486486486,0.116554054054054,7.560774764,0.2525337837837837,0.3530405405405405,34
680728,"Del Castillo, Adrian",326,72.082182209,0.2361963190184049,0.2331288343558282,0.0797546012269938,6.886559202,0.2668711656441718,0.3558282208588957,8
691019,"Teel, Kyle",248,72.068489879,0.2903225806451613,0.1612903225806451,0.0806451612903225,6.896646452,0.3346774193548387,0.2620967741935484,8
502054,"Pham, Tommy",47,72.066413617,0.2340425531914894,0.2340425531914893,0.1276595744680851,7.14980234,0.3404255319148936,0.2978723404255319,1
665966,"Narváez, Carlos",517,72.065205435,0.2011605415860735,0.206963249516441,0.06963249516441,7.539920909,0.3133462282398452,0.2920696324951644,17
664034,"France, Ty",924,72.05761039,0.2186147186147186,0.2186147186147186,0.1093073593073593,7.597115455,0.2575757575757575,0.3192640692640692,35
677347,"Paris, Kyren",32,72.046877813,0.1875,0.125,0.09375,7.254120313,0.375,0.15625,0
681508,"Gasper, Mickey",295,72.020631186,0.1423728813559322,0.3220338983050847,0.1254237288135593,6.609743661,0.1627118644067796,0.4915254237288136,9
690993,"Keith, Colt",633,72.005186288,0.1974723538704581,0.296998420221169,0.1390205371248025,6.899143254,0.2085308056872037,0.4423380726698262,14
694371,"Troy, Tommy",215,71.998537488,0.2325581395348837,0.2046511627906976,0.0930232558139534,6.96247907,0.2465116279069767,0.3906976744186046,7
690924,"Fulford, Braxton",130,71.996772615,0.2461538461538461,0.1461538461538461,0.0538461538461538,6.643994462,0.3307692307692307,0.2846153846153846,3
543510,"McCann, James",267,71.98743176,0.2322097378277153,0.2696629213483146,0.1161048689138576,7.045363408,0.3071161048689138,0.3895131086142322,2
682927,"Simon, Ronny",123,71.976218374,0.2276422764227642,0.2357723577235772,0.065040650406504,7.200635528,0.1707317073170731,0.3414634146341463,1
682988,"Locklear, Tyler",77,71.974727792,0.2597402597402598,0.1818181818181818,0.0909090909090909,6.768346234,0.2337662337662337,0.3116883116883117,1
665019,"Clemens, Kody",987,71.963545826,0.1266464032421478,0.2897669706180344,0.1357649442755825,7.187810618,0.226950354609929,0.3829787234042553,15
823550,"Song, Sung-Mun",213,71.959511972,0.1502347417840375,0.2582159624413145,0.0798122065727699,7.600384789,0.2065727699530516,0.4131455399061033,4
608701,"Refsnyder, Rob",204,71.949695686,0.1911764705882352,0.2058823529411764,0.0980392156862745,7.592321912,0.2598039215686274,0.3725490196078431,7
677870,"Jiménez, Leo",288,71.943167118,0.1631944444444444,0.28125,0.1145833333333333,7.32563816,0.2256944444444444,0.4201388888888889,8
656555,"Hoskins, Rhys",494,71.940482733,0.1700404858299595,0.2165991902834008,0.0870445344129554,8.219233644,0.2874493927125506,0.3117408906882591,15
695681,"Moore, Christian",253,71.935428656,0.2371541501976284,0.1857707509881423,0.0830039525691699,7.225262372,0.3241106719367589,0.2885375494071146,5
681351,"O'Hoppe, Logan",448,71.920082612,0.2477678571428572,0.2276785714285714,0.1116071428571428,7.404592188,0.2611607142857143,0.3839285714285714,15
605137,"Bell, Josh",1085,71.912066184,0.2562211981566821,0.2580645161290322,0.1170506912442396,7.89033977,0.2036866359447004,0.3861751152073733,22
691620,"Quero, Jeferson",2,71.907325,0.0,0.0,0.0,7.589025,0.5,0.5,0
699625,"Crooks, Jimmy",252,71.901643413,0.2063492063492063,0.2261904761904762,0.0992063492063492,7.1647225,0.3452380952380952,0.3174603174603174,4
672640,"Lopez, Otto",1005,71.878488428,0.2348258706467662,0.3114427860696517,0.1492537313432835,6.753118159,0.1771144278606965,0.4885572139303482,23
693307,"Dingler, Dillon",1010,71.869669861,0.1673267326732673,0.2574257425742574,0.1217821782178217,7.583298842,0.2089108910891089,0.3841584158415841,11
646240,"Devers, Rafael",1091,71.867350357,0.2117323556370302,0.2557286892758936,0.1384051329055912,7.533039872,0.2832263978001833,0.3299725022914757,13
686681,"Massey, Michael",769,71.863696931,0.130039011703511,0.2873862158647594,0.106631989596879,7.140410442,0.1677503250975292,0.4330299089726918,14
802139,"Wetherholt, JJ",919,71.856683254,0.1915125136017409,0.3014145810663765,0.1164309031556039,7.516653156,0.1828073993471164,0.4472252448313384,18
688363,"Pauley, Graham",258,71.852712132,0.1937984496124031,0.2015503875968992,0.0736434108527131,7.36940562,0.2093023255813953,0.375968992248062,8
663853,"Gonzalez, Romy",135,71.847356889,0.1851851851851851,0.1925925925925926,0.1037037037037037,6.755960593,0.3481481481481481,0.2888888888888888,2
694362,"Dunn, Blake",217,71.821855253,0.2119815668202765,0.2949308755760368,0.0967741935483871,6.186199217,0.1797235023041474,0.4423963133640553,16
666310,"Naylor, Bo",170,71.819644059,0.1411764705882353,0.2352941176470588,0.1176470588235294,7.611980353,0.1235294117647058,0.3647058823529411,2
673490,"Kim, Ha-Seong",227,71.793688282,0.1762114537444933,0.185022026431718,0.0616740088105726,7.079370088,0.2026431718061674,0.3700440528634361,2
664023,"Happ, Ian",1052,71.773009762,0.1806083650190114,0.2081749049429657,0.0979087452471483,6.868906074,0.2918250950570342,0.3165399239543726,8
681481,"Carpenter, Kerry",455,71.770553385,0.1648351648351648,0.2153846153846154,0.0813186813186813,7.391827055,0.2571428571428571,0.3318681318681318,8
800543,"De Paula, Josue",56,71.750285179,0.2499999999999999,0.2321428571428571,0.0892857142857142,7.263898393,0.1964285714285714,0.4285714285714285,0
675448,"Hunt, Blake",6,71.749111667,0.1666666666666666,0.0,0.0,7.788828333,0.5,0.0,1
694388,"Loperfido, Joey",203,71.745073103,0.1871921182266009,0.2118226600985221,0.064039408866995,7.748779064,0.3004926108374384,0.3152709359605911,6
672515,"Moreno, Gabriel",877,71.727011733,0.2269099201824401,0.282782212086659,0.1242873432155074,7.057384766,0.1413911060433295,0.4321550741163056,11
696030,"Osuna, Alejandro",343,71.705171458,0.2303206997084547,0.2682215743440233,0.0903790087463556,6.995794461,0.1574344023323615,0.4402332361516035,3
596146,"Kepler, Max",248,71.70510504,0.1653225806451613,0.2379032258064516,0.1048387096774193,7.439551411,0.2459677419354838,0.3669354838709677,7
666969,"García, Adolis",442,71.66664,0.255656108597285,0.2466063348416289,0.1040723981900452,7.686367421,0.3122171945701357,0.3303167420814479,9
521692,"Perez, Salvador",1173,71.633506019,0.1884057971014492,0.2446717817561807,0.113384484228474,7.706348755,0.2259164535379369,0.3751065643648764,22
641584,"Fraley, Jake",155,71.623627484,0.2258064516129032,0.1741935483870967,0.0387096774193548,7.076364065,0.2387096774193548,0.3225806451612903,0
467793,"Santana, Carlos",48,71.612416875,0.1666666666666666,0.2083333333333333,0.0625,7.755877708,0.2708333333333333,0.2708333333333333,1
669016,"Marsh, Brandon",959,71.59768975,0.1626694473409801,0.2523461939520334,0.1115745568300312,7.268499124,0.2294056308654848,0.3837330552659019,4
669899,"Ward, Ryan",119,71.596718235,0.1092436974789916,0.1848739495798319,0.0840336134453781,7.587248739,0.2941176470588235,0.2941176470588235,0
672012,"Black, Tyler",46,71.589413913,0.1304347826086956,0.217391304347826,0.0217391304347826,7.119481304,0.217391304347826,0.4347826086956521,1
606992,"Haase, Eric",135,71.57627037,0.1407407407407407,0.1703703703703703,0.074074074074074,7.206455556,0.3851851851851852,0.3185185185185185,4
621438,"Taylor, Tyrone",373,71.572540992,0.1501340482573727,0.2761394101876676,0.1099195710455764,7.513021233,0.2064343163538874,0.4343163538873995,7
663584,"Senger, Hayden",27,71.571551111,0.1851851851851852,0.1481481481481481,0.1111111111111111,7.59852,0.3703703703703703,0.2962962962962963,0
694497,"Carter, Evan",599,71.571443122,0.2287145242070117,0.2203672787979966,0.0851419031719532,7.121249482,0.2921535893155259,0.3622704507512521,18
702284,"Young, Cole",1031,71.567284675,0.2172647914645974,0.2744907856450048,0.10184287099903,6.940117371,0.1852570320077594,0.4258001939864209,16
672386,"Kirk, Alejandro",468,71.565756047,0.1559829059829059,0.3162393162393162,0.141025641025641,7.098157009,0.1388888888888889,0.4893162393162393,10
607208,"Turner, Trea",1168,71.561685308,0.1909246575342466,0.247431506849315,0.0873287671232876,7.603267663,0.2577054794520548,0.3886986301369863,17
672580,"Garcia, Maikel",452,71.557434712,0.1792035398230089,0.3561946902654867,0.1349557522123893,7.09526885,0.1128318584070796,0.5464601769911505,10
656537,"Hill, Derek",360,71.542059861,0.186111111111111,0.2027777777777777,0.0861111111111111,7.088693972,0.3361111111111111,0.3111111111111111,7
621020,"Swanson, Dansby",790,71.517653595,0.0987341772151899,0.2620253164556962,0.1,7.609428304,0.2848101265822785,0.3734177215189873,20
807799,"Yoshida, Masataka",410,71.517172927,0.1780487804878049,0.3682926829268292,0.1414634146341463,7.101162805,0.1463414634146341,0.5390243902439025,0
687263,"Neto, Zach",1230,71.51664839,0.1691056910569106,0.2130081300813008,0.0780487804878048,7.137936813,0.3138211382113821,0.2975609756097561,43
800050,"DeLauter, Chase",809,71.516270816,0.1854140914709517,0.349814585908529,0.1606922126081582,7.156889543,0.1236093943139678,0.488257107540173,21
630105,"Cronenworth, Jake",655,71.509763664,0.1862595419847328,0.2381679389312977,0.0778625954198473,7.168097298,0.2045801526717557,0.3862595419847328,12
680574,"McLain, Matt",768,71.482289779,0.1184895833333333,0.23046875,0.0924479166666666,6.915963542,0.2682291666666667,0.3580729166666667,26
608369,"Seager, Corey",750,71.479663027,0.1253333333333333,0.2626666666666666,0.1306666666666666,6.69806736,0.3053333333333333,0.36,26
664983,"McCarthy, Jake",942,71.47842776,0.1592356687898088,0.2430997876857749,0.0891719745222929,7.11174103,0.2112526539278131,0.4320594479830149,10
666397,"Julien, Edouard",408,71.477923873,0.1519607843137254,0.2794117647058823,0.1151960784313725,6.991182034,0.2181372549019608,0.375,7
695734,"Lile, Daylen",1165,71.457741923,0.127038626609442,0.2506437768240343,0.1021459227467811,7.461520403,0.2214592274678111,0.3759656652360515,15
687529,"McCray, Grant",136,71.451219485,0.1617647058823529,0.1691176470588235,0.088235294117647,7.13727375,0.3602941176470588,0.3235294117647059,7
518595,"d'Arnaud, Travis",142,71.441437324,0.1549295774647887,0.2323943661971831,0.0492957746478873,7.763881761,0.2957746478873239,0.352112676056338,2
815589,"Davidson, Bo",32,71.43446625,0.15625,0.21875,0.125,7.439383438,0.3125,0.28125,0
663656,"Tucker, Kyle",1049,71.426252326,0.1935176358436607,0.2669208770257388,0.0819828408007626,7.305757541,0.1877979027645376,0.3946615824594852,15
805249,"Kemp, Otto",51,71.423190196,0.1568627450980392,0.1568627450980392,0.0196078431372549,7.394518627,0.3725490196078431,0.2745098039215686,1
664774,"Wade Jr., LaMonte",231,71.421432338,0.1038961038961038,0.2294372294372294,0.0822510822510822,6.949119524,0.238095238095238,0.354978354978355,4
649966,"Urías, Luis",104,71.417568173,0.2403846153846153,0.2403846153846154,0.0865384615384615,7.69483875,0.1153846153846153,0.3942307692307692,2
596142,"Sánchez, Gary",348,71.40081908,0.2241379310344827,0.264367816091954,0.1264367816091954,7.25169,0.264367816091954,0.4310344827586206,14
650859,"Rengifo, Luis",569,71.399255378,0.1704745166959578,0.2829525483304042,0.0878734622144112,7.220702144,0.1898066783831282,0.4305799648506151,3
682657,"Martínez, Angel",694,71.39664611,0.1772334293948127,0.2406340057636887,0.0907780979827089,7.345084914,0.1974063400576368,0.3789625360230547,15
693459,"Fedko, Kyler",38,71.382807368,0.1052631578947368,0.1578947368421052,0.0526315789473684,6.78688,0.3947368421052631,0.2105263157894736,0
800325,"Lara, Luis",323,71.375426966,0.1671826625386997,0.2786377708978328,0.1114551083591331,6.890102879,0.1424148606811145,0.4458204334365325,6
691858,"Serna, Jared",53,71.372457736,0.1132075471698113,0.1886792452830188,0.0377358490566037,7.252907358,0.2641509433962264,0.320754716981132,1
573262,"Yastrzemski, Mike",647,71.355813694,0.0819165378670788,0.2751159196290572,0.1004636785162287,7.493240062,0.2086553323029366,0.3771251931993817,17
664728,"Isbel, Kyle",457,71.355741313,0.1400437636761488,0.2691466083150984,0.0962800875273523,7.135327549,0.1859956236323851,0.4288840262582057,3
672761,"Pérez, Wenceel",277,71.354880614,0.1805054151624549,0.2996389891696751,0.111913357400722,6.995309386,0.1805054151624548,0.4368231046931408,0
701678,"Lee, Hao-Yu",563,71.341249893,0.211367673179396,0.2735346358792184,0.1136767317939609,6.966321723,0.2380106571936056,0.3960923623445826,15
571448,"Arenado, Nolan",960,71.326503563,0.1489583333333334,0.228125,0.0697916666666666,8.395861573,0.2166666666666666,0.3875,35
571970,"Muncy, Max",881,71.325373087,0.1407491486946652,0.2474460839954597,0.1123723041997729,6.964715358,0.2928490351872871,0.3507377979568672,16
502671,"Goldschmidt, Paul",645,71.313982915,0.1426356589147286,0.2403100775193798,0.0976744186046511,7.536179101,0.2496124031007752,0.3813953488372093,6
686894,"Wiemer, Joey",116,71.311724397,0.3448275862068967,0.1982758620689655,0.1206896551724138,7.197034224,0.2844827586206896,0.3362068965517241,11
641487,"Crawford, J.P.",687,71.296943741,0.1790393013100436,0.2896652110625909,0.0887918486171761,7.391204163,0.1615720524017467,0.4323144104803493,5
691026,"Winn, Masyn",779,71.295843363,0.1527599486521181,0.2785622593068036,0.1078305519897304,7.326844891,0.2220795892169448,0.4338896020539153,11
681807,"Fry, David",342,71.294315643,0.1403508771929825,0.1871345029239766,0.067251461988304,8.160288363,0.2514619883040935,0.3187134502923976,17
665923,"Ruiz, Esteury",405,71.275659457,0.1901234567901234,0.145679012345679,0.0469135802469135,7.630983802,0.3259259259259259,0.2938271604938272,10
805808,"McGonigle, Kevin",1070,71.262282065,0.1598130841121495,0.2990654205607476,0.1046728971962616,6.948337178,0.1457943925233644,0.4401869158878504,18
682177,"Schneemann, Daniel",498,71.196405944,0.1144578313253012,0.2128514056224899,0.0863453815261044,7.04000743,0.2971887550200803,0.3273092369477912,12
609280,"Andujar, Miguel",433,71.18961455,0.1916859122401847,0.2609699769053117,0.0969976905311778,7.552831848,0.1755196304849884,0.4110854503464203,9
668715,"Steer, Spencer",611,71.171335254,0.0834697217675941,0.2618657937806874,0.11620294599018,7.376369885,0.2389525368248772,0.3960720130932897,9
667472,"Myers, Dane",485,71.154848309,0.1835051546391752,0.2432989690721649,0.090721649484536,7.203589691,0.2185567010309278,0.3505154639175257,7
676439,"Feduccia, Hunter",363,71.135353774,0.1349862258953168,0.2837465564738292,0.0964187327823691,7.015655813,0.2038567493112947,0.3856749311294766,7
694376,"Whitcomb, Shay",181,71.132996851,0.1546961325966851,0.1878453038674033,0.0939226519337016,7.610911381,0.2762430939226519,0.3812154696132597,3
694378,"Gonzalez, Jacob",425,71.109545671,0.1388235294117647,0.2235294117647059,0.0870588235294117,7.2176984,0.1905882352941176,0.3576470588235294,7
682641,"Matos, Luis",39,71.108372821,0.1282051282051282,0.1794871794871795,0.0769230769230769,7.245812564,0.2564102564102564,0.3333333333333333,2
664761,"Bohm, Alec",939,71.104619308,0.1405750798722044,0.3407880724174654,0.1363152289669861,7.178217508,0.1501597444089457,0.4802981895633653,8
681230,"Murray Jr., BJ",22,71.086169545,0.1363636363636363,0.1818181818181818,0.0,6.941838636,0.1818181818181818,0.3181818181818182,0
596103,"Slater, Austin",118,71.077563136,0.1016949152542372,0.211864406779661,0.0423728813559322,6.923558983,0.288135593220339,0.3389830508474576,2
694410,"Groover, LuJames",77,71.061923377,0.1038961038961038,0.3636363636363636,0.1298701298701298,6.894158831,0.1428571428571428,0.4545454545454545,2
701807,"Benge, Carson",1066,71.019254343,0.1707317073170731,0.2542213883677298,0.1060037523452157,6.602557917,0.2063789868667917,0.3846153846153846,32
675659,"Jones, Greg",31,71.007872903,0.1290322580645161,0.1612903225806451,0.064516129032258,6.679380968,0.3548387096774194,0.2580645161290322,2
600869,"Candelario, Jeimer",40,71.005341,0.15,0.175,0.05,8.00834875,0.475,0.2,0
670770,"Friedl, TJ",356,71.003461376,0.1179775280898876,0.2668539325842696,0.0758426966292134,6.80097927,0.2415730337078651,0.4297752808988764,13
663697,"India, Jonathan",82,71.00319939,0.1463414634146341,0.2439024390243902,0.073170731707317,7.386544756,0.1829268292682926,0.4268292682926829,3
656976,"Smith, Pavin",188,70.995274574,0.1170212765957446,0.2446808510638297,0.0957446808510638,7.427533085,0.1595744680851064,0.3882978723404255,6
805347,"Jarvis, Jim",173,70.967601214,0.1213872832369942,0.3063583815028902,0.1098265895953757,7.115259422,0.1849710982658959,0.4566473988439306,3
656413,"Fairchild, Stuart",36,70.967086389,0.0277777777777777,0.0833333333333333,0.0555555555555555,7.56219,0.7222222222222222,0.1111111111111111,1
656775,"Mullins, Cedric",830,70.965583783,0.0939759036144578,0.2518072289156626,0.0795180722891566,7.431279554,0.2132530120481927,0.3650602409638554,10
543309,"Higashioka, Kyle",293,70.964737816,0.1126279863481228,0.2491467576791808,0.0887372013651877,7.327369317,0.2354948805460751,0.3720136518771331,9
596115,"Story, Trevor",484,70.940005599,0.134297520661157,0.1942148760330578,0.0805785123966942,7.411502397,0.3057851239669421,0.3223140495867768,6
605170,"Caratini, Victor",550,70.903120473,0.129090909090909,0.32,0.0981818181818181,6.9882046,0.2072727272727272,0.44,15
677008,"Kjerstad, Heston",32,70.902080313,0.0625,0.125,0.03125,7.015975,0.4375,0.25,0
545121,"Vargas, Ildemaro",731,70.90029249,0.1696306429548564,0.3091655266757866,0.1121751025991792,7.395010027,0.1367989056087551,0.5006839945280438,11
666931,"Oliva, Jared",12,70.8888775,0.1666666666666666,0.4166666666666667,0.1666666666666666,7.885349167,0.1666666666666666,0.5,0
683011,"Volpe, Anthony",394,70.884776523,0.1395939086294416,0.248730964467005,0.0939086294416243,7.060803096,0.2385786802030456,0.383248730964467,8
687093,"Grissom, Vaughn",755,70.869986689,0.1602649006622516,0.262251655629139,0.0993377483443708,7.219541589,0.2092715231788079,0.3973509933774834,22
663837,"Vierling, Matt",474,70.867111477,0.0759493670886075,0.2932489451476793,0.1097046413502109,7.422233523,0.1793248945147679,0.4430379746835443,2
679822,"Foscue, Justin",396,70.865738535,0.1085858585858586,0.2626262626262626,0.1111111111111111,7.123976793,0.1919191919191919,0.3686868686868687,4
668227,"Arozarena, Randy",1084,70.856942768,0.2232472324723247,0.2629151291512915,0.1116236162361623,7.214701125,0.2472324723247232,0.3514760147601476,20
661531,"Serven, Brian",139,70.836408489,0.0719424460431654,0.2733812949640288,0.1151079136690647,7.406251439,0.2661870503597122,0.3884892086330935,4
669242,"Edman, Tommy",493,70.829336552,0.1440162271805274,0.2515212981744422,0.1034482758620689,6.999947708,0.2210953346855984,0.4219066937119675,2
690976,"Freeland, Alex",391,70.828658977,0.0895140664961637,0.2659846547314578,0.1074168797953964,6.883798082,0.258312020460358,0.3785166240409207,14
666971,"Gurriel Jr., Lourdes",329,70.822242796,0.1094224924012158,0.270516717325228,0.0729483282674772,7.54816617,0.21580547112462,0.4042553191489361,6
693304,"Gonzales, Nick",1013,70.809745331,0.1194471865745311,0.2458045409674235,0.0799605133267522,7.390602182,0.209279368213228,0.4027640671273445,15
669256,"Solak, Nick",10,70.790491,0.1999999999999999,0.5,0.1,7.270808,0.0,0.7,0
805346,"Ross, Ben",39,70.783590513,0.0512820512820512,0.0769230769230769,0.0769230769230769,7.155290513,0.4102564102564102,0.2307692307692307,1
571771,"Hernández, Enrique",158,70.775029051,0.1518987341772152,0.2594936708860759,0.1012658227848101,7.525435949,0.2341772151898734,0.3670886075949367,6
673995,"Wendzel, Davis",13,70.761064615,0.3076923076923077,0.2307692307692307,0.0769230769230769,6.714874615,0.1538461538461538,0.3076923076923077,0
669384,"Delgado, Raynel",61,70.737501967,0.0491803278688524,0.3114754098360656,0.0491803278688524,7.257628525,0.2459016393442623,0.4754098360655737,1
676914,"Schneider, Davis",224,70.712385982,0.1026785714285714,0.2142857142857142,0.09375,7.052475804,0.3258928571428571,0.2901785714285714,5
695391,"Harris, Brett",70,70.710992571,0.0571428571428571,0.2285714285714285,0.0714285714285714,7.286414571,0.2571428571428571,0.3714285714285714,3
663757,"Grisham, Trent",678,70.708871814,0.0870206489675516,0.3466076696165192,0.1533923303834808,7.35300795,0.1578171091445427,0.4587020648967551,6
656811,"O'Hearn, Ryan",723,70.708738313,0.0857538035961272,0.272475795297372,0.0968188105117565,7.130635864,0.1964038727524204,0.3997233748271093,13
663647,"Hayes, Ke'Bryan",363,70.696101433,0.0550964187327823,0.3305785123966942,0.1294765840220385,6.821033829,0.2258953168044077,0.4765840220385675,3
681393,"Norby, Connor",654,70.683918364,0.0948012232415902,0.2064220183486238,0.0718654434250764,7.041400076,0.2492354740061162,0.3241590214067278,26
669398,"Workman, Gage",82,70.682596951,0.1097560975609756,0.2439024390243902,0.0975609756097561,6.924650976,0.3292682926829268,0.2804878048780488,0
640902,"Pereda, Jhonny",174,70.659709425,0.057471264367816,0.2758620689655172,0.1034482758620689,7.32454,0.2126436781609195,0.3735632183908046,1
668670,"Rogers, Jake",254,70.626618189,0.0472440944881889,0.2440944881889764,0.0708661417322834,7.56328622,0.2480314960629921,0.3464566929133858,12
606115,"Arcia, Orlando",75,70.623119867,0.1333333333333333,0.3333333333333333,0.04,7.810489867,0.1866666666666666,0.4933333333333333,3
664068,"Kingery, Scott",7,70.614314286,0.0,0.1428571428571428,0.0,7.31215,0.1428571428571428,0.4285714285714285,0
668939,"Rutschman, Adley",604,70.610740315,0.119205298013245,0.3079470198675497,0.1175496688741721,6.932104421,0.140728476821192,0.445364238410596,14
703492,"Morabito, Nick",60,70.6062385,0.2333333333333333,0.2833333333333333,0.1333333333333333,6.8208185,0.25,0.4,3
686469,"Pasquantino, Vinnie",788,70.605646459,0.1078680203045685,0.2931472081218274,0.1205583756345177,7.382135812,0.1319796954314721,0.4149746192893401,12
666126,"Cortes, Carlos",598,70.599930719,0.1270903010033445,0.2625418060200669,0.1103678929765886,7.027480301,0.2240802675585284,0.4046822742474916,11
663886,"Stephenson, Tyler",752,70.595530199,0.0784574468085106,0.2539893617021276,0.1063829787234042,7.39709516,0.238031914893617,0.3550531914893617,27
608348,"Kelly, Carson",663,70.588238914,0.085972850678733,0.282051282051282,0.0995475113122171,6.941252353,0.1990950226244343,0.4283559577677224,5
702616,"Holliday, Jackson",532,70.558466861,0.0620300751879699,0.2631578947368421,0.0864661654135338,7.034651898,0.2518796992481203,0.4116541353383459,12
671289,"Freeman, Tyler",424,70.539777524,0.1273584905660377,0.2995283018867924,0.115566037735849,7.016817123,0.1037735849056603,0.4669811320754717,5
457705,"McCutchen, Andrew",141,70.534003972,0.0425531914893617,0.1985815602836879,0.0567375886524822,7.432390922,0.2978723404255319,0.3475177304964539,4
628451,"Ibáñez, Andy",47,70.511407447,0.0638297872340425,0.2978723404255319,0.0425531914893617,7.462472979,0.1914893617021276,0.4468085106382978,0
642851,"Wynns, Austin",156,70.490578333,0.1346153846153846,0.173076923076923,0.0448717948717948,7.4281025,0.2435897435897435,0.3205128205128205,4
673962,"Jung, Josh",680,70.460891485,0.0838235294117647,0.325,0.1308823529411764,7.001848529,0.163235294117647,0.4441176470588235,15
669707,"Triolo, Jared",525,70.445071886,0.0476190476190476,0.2780952380952381,0.099047619047619,7.64014459,0.2019047619047619,0.4552380952380952,10
683734,"Vaughn, Andrew",448,70.442986049,0.1294642857142857,0.3392857142857143,0.1160714285714285,7.156394509,0.1785714285714285,0.4665178571428571,8
663368,"Perkins, Blake",150,70.430577133,0.0866666666666666,0.2466666666666666,0.08,7.397832867,0.2133333333333333,0.3866666666666666,1
602104,"Urías, Ramón",156,70.427999808,0.0576923076923076,0.2628205128205128,0.0961538461538461,7.383530256,0.2179487179487179,0.3974358974358974,4
650559,"De La Cruz, Bryan",149,70.416457987,0.1543624161073826,0.2483221476510067,0.087248322147651,7.282127852,0.2013422818791946,0.3892617449664429,8
805999,"Ewing, A.J.",773,70.408475938,0.1254851228978007,0.2535575679172057,0.1034928848641656,6.509162432,0.2341526520051746,0.3725743855109961,24
680474,"Schuemann, Max",126,70.402333333,0.0714285714285714,0.2301587301587301,0.0793650793650793,7.32369381,0.2777777777777778,0.3253968253968254,2
644433,"Tromp, Chadwick",85,70.352167765,0.0941176470588235,0.2,0.0235294117647058,8.167352118,0.2470588235294117,0.3764705882352941,2
670097,"Short, Zack",107,70.328213925,0.0373831775700934,0.2149532710280373,0.0373831775700934,7.136677664,0.3177570093457944,0.2710280373831775,0
665804,"Amaya, Miguel",404,70.281650297,0.0965346534653465,0.2351485148514851,0.0668316831683168,7.447248441,0.2673267326732673,0.3292079207920792,7
666018,"Aranda, Jonathan",1094,70.275387441,0.1288848263254113,0.2742230347349177,0.1106032906764168,7.125010814,0.2148080438756855,0.3528336380255941,20
682997,"Callihan, Tyler",203,70.233019409,0.1083743842364532,0.1330049261083744,0.0492610837438423,7.490657192,0.354679802955665,0.2364532019704433,1
665506,"Pache, Cristian",18,70.227948889,0.0555555555555555,0.0555555555555555,0.0555555555555555,7.143336667,0.2777777777777778,0.1666666666666666,0
664059,"Haggerty, Sam",75,70.225228267,0.0933333333333333,0.1733333333333333,0.0266666666666666,7.023559733,0.2933333333333333,0.32,3
645305,"Sánchez, Ali",136,70.208982794,0.0735294117647058,0.2426470588235294,0.0808823529411764,7.230612868,0.1838235294117647,0.4264705882352941,0
692216,"Kayfus, CJ",51,70.208144314,0.1764705882352941,0.1568627450980392,0.0784313725490196,6.641878039,0.3529411764705882,0.2156862745098039,0
668800,"Knizner, Andrew",125,70.19603536,0.072,0.248,0.096,7.165526,0.232,0.4,8
690022,"Ritter, Ryan",33,70.180056364,0.0606060606060606,0.2424242424242424,0.0606060606060606,6.531915152,0.3636363636363636,0.303030303030303,1
641680,"Heim, Jonah",615,70.178102764,0.1138211382113821,0.2601626016260163,0.0715447154471544,7.583021431,0.2097560975609756,0.4097560975609756,10
608070,"Ramírez, José",878,70.174930319,0.1138952164009111,0.2824601366742597,0.1104783599088838,7.241115273,0.1469248291571754,0.417995444191344,6
608841,"Meneses, Joey",29,70.169522069,0.2758620689655172,0.3793103448275862,0.1379310344827586,7.100473448,0.2068965517241379,0.4827586206896552,2
620443,"Torrens, Luis",465,70.164871849,0.0688172043010752,0.2688172043010752,0.0989247311827957,7.058628688,0.2043010752688172,0.3935483870967742,6
805300,"Marsee, Jakob",829,70.154974246,0.0579010856453558,0.2846803377563329,0.0880579010856453,6.739602328,0.1507840772014475,0.4378769601930036,28
686797,"Lee, Brooks",1089,70.152466731,0.0798898071625344,0.2727272727272727,0.0826446280991735,7.015655859,0.1937557392102846,0.3930211202938475,26
687859,"Johnston, Troy",735,70.143537374,0.054421768707483,0.2829931972789116,0.092517006802721,6.778196993,0.2340136054421768,0.3931972789115646,7
691720,"Karros, Kyle",712,70.131491601,0.0688202247191011,0.2710674157303371,0.1039325842696629,6.988876166,0.2162921348314606,0.3918539325842696,29
668930,"Turang, Brice",1059,70.109025571,0.1123701605288007,0.2502360717658168,0.1076487252124645,6.78551899,0.2152974504249291,0.3512747875354107,23
518692,"Freeman, Freddie",1217,70.095154158,0.0747740345110928,0.2580115036976171,0.1035332785538208,6.708965809,0.2078882497945768,0.3631881676253081,22
680737,"Helman, Michael",53,70.082507736,0.0188679245283018,0.2452830188679245,0.0,7.719474151,0.2075471698113207,0.3773584905660377,0
647304,"Naylor, Josh",977,70.072949069,0.0890481064483111,0.3203684749232344,0.1054247697031729,7.491598731,0.150460593654043,0.4861821903787103,18
678009,"Meadows, Parker",66,70.06977697,0.0151515151515151,0.2424242424242424,0.0303030303030303,7.235665758,0.1969696969696969,0.3939393939393939,0
623205,"Velazquez, Andrew",19,70.055122105,0.1052631578947368,0.2631578947368421,0.0,7.743908947,0.1578947368421052,0.5263157894736842,0
643217,"Benintendi, Andrew",817,70.022520747,0.0501835985312117,0.2643818849449204,0.0991432068543451,7.16266033,0.2729498164014688,0.3684210526315789,16
665861,"Rivero, Sebastián",119,69.974327143,0.1008403361344537,0.1596638655462184,0.042016806722689,7.357137059,0.2352941176470588,0.3277310924369748,4
806198,"Pratt, Cooper",413,69.942436998,0.0871670702179177,0.2663438256658595,0.0799031476997578,6.992735569,0.2106537530266344,0.4092009685230024,4
643376,"Jansen, Danny",337,69.931331721,0.0652818991097922,0.2492581602373887,0.0712166172106825,7.033462344,0.2166172106824926,0.3709198813056379,15
806956,"Salas, Ethan",63,69.895915873,0.1746031746031746,0.3174603174603174,0.1111111111111111,6.904009048,0.1904761904761904,0.4126984126984127,0
695238,"Wagner, Will",62,69.886913226,0.0483870967741935,0.2419354838709677,0.0483870967741935,6.581016129,0.1451612903225806,0.4193548387096774,1
681082,"Stott, Bryson",921,69.883300575,0.0705754614549403,0.3116178067318133,0.1074918566775244,7.237902997,0.1704668838219326,0.4364820846905538,16
677950,"Thomas, Alek",188,69.880905319,0.0638297872340425,0.2925531914893617,0.1117021276595744,6.934739628,0.2180851063829787,0.3936170212765957,6
691011,"Romo, Drew",329,69.871559027,0.0516717325227963,0.2097264437689969,0.0638297872340425,7.460105988,0.2887537993920973,0.3799392097264438,10
669257,"Smith, Will",438,69.856649155,0.0639269406392694,0.2876712328767123,0.1187214611872146,7.282424863,0.1484018264840182,0.4132420091324201,11
690984,"Halpin, Petey",326,69.856091656,0.0460122699386503,0.2392638036809816,0.0828220858895705,7.031821595,0.2361963190184049,0.3926380368098159,4
641355,"Bellinger, Cody",881,69.848210806,0.0408626560726447,0.322360953461975,0.1055618615209988,7.902378116,0.1793416572077185,0.438138479001135,13
666182,"Bichette, Bo",1203,69.829734406,0.1438071487946799,0.2643391521197007,0.1113881961762261,7.16208286,0.1862011637572735,0.3881961762261014,10
700932,"Manzardo, Kyle",601,69.822623161,0.0632279534109817,0.2396006655574043,0.0831946755407653,7.3732399,0.2728785357737104,0.3211314475873544,12
666023,"Fermin, Freddy",433,69.812653487,0.0623556581986143,0.2471131639722864,0.069284064665127,7.614243788,0.2424942263279445,0.3602771362586605,14
695508,"Cauley, Cam",89,69.804384045,0.1573033707865168,0.2247191011235955,0.0449438202247191,6.920512022,0.3146067415730337,0.3932584269662921,2
677587,"Rocchio, Brayan",990,69.771189848,0.0636363636363636,0.2717171717171717,0.0707070707070707,7.308661414,0.2111111111111111,0.4121212121212121,12
669208,"Bliss, Ryan",19,69.768816316,0.0526315789473684,0.2105263157894736,0.0526315789473684,6.736436316,0.3157894736842105,0.2631578947368421,0
671976,"Peters, Tristan",803,69.751393014,0.0734744707347447,0.2652552926525529,0.0946450809464508,6.912522491,0.2179327521793275,0.3773349937733499,17
608324,"Bregman, Alex",1021,69.75092237,0.0333006856023506,0.3379040156709109,0.0930460333006856,6.992783839,0.1351616062683643,0.4662095984329089,17
687551,"Gilbert, Drew",566,69.75059083,0.0636042402826855,0.2897526501766784,0.097173144876325,7.526120283,0.1925795053003533,0.4522968197879858,16
702176,"Roden, Alan",132,69.723283182,0.106060606060606,0.3106060606060606,0.1136363636363636,6.899769091,0.1363636363636363,0.4848484848484848,5
571912,"Maile, Luke",63,69.722537619,0.0317460317460317,0.2222222222222222,0.0793650793650793,6.699593333,0.2539682539682539,0.3809523809523809,2
642020,"Robinson, Chuckie",41,69.706600976,0.048780487804878,0.2439024390243902,0.048780487804878,6.975624146,0.3658536585365853,0.3170731707317073,0
605141,"Betts, Mookie",684,69.7038875,0.0891812865497076,0.4181286549707602,0.1301169590643275,7.003981316,0.0906432748538011,0.5584795321637427,26
695731,"Montgomery, Braden",615,69.687498976,0.0861788617886179,0.2471544715447154,0.1089430894308943,6.535161447,0.2764227642276423,0.3691056910569105,24
683953,"Bazzana, Travis",808,69.675259604,0.120049504950495,0.2549504950495049,0.0779702970297029,6.987891819,0.2153465346534653,0.3638613861386138,27
701675,"Church, Nathan",863,69.669718725,0.0869061413673233,0.2224797219003476,0.0764774044032444,7.111379374,0.2062572421784472,0.3638470451911935,10
592206,"Castellanos, Nick",238,69.661222983,0.1008403361344537,0.2226890756302521,0.0840336134453781,7.672651345,0.3235294117647059,0.3277310924369748,3
803011,"Antonacci, Sam",809,69.648291446,0.0716934487021013,0.3090234857849196,0.0803461063040791,6.646421533,0.1310259579728059,0.4548825710754017,12
807713,"Shaw, Matt",308,69.636698247,0.0746753246753246,0.2694805194805195,0.0844155844155844,7.073724805,0.185064935064935,0.4155844155844156,4
641555,"Escarra, J.C.",140,69.6112055,0.0357142857142857,0.3142857142857143,0.0857142857142857,7.366811071,0.3071428571428571,0.4071428571428571,1
696285,"Young, Jacob",658,69.609972067,0.0258358662613981,0.3252279635258359,0.1063829787234042,7.183070395,0.1990881458966565,0.4741641337386018,12
682877,"Brito, Juan",211,69.603691659,0.0426540284360189,0.2132701421800948,0.0853080568720379,7.498756209,0.2464454976303317,0.3554502369668246,3
655316,"Monasterio, Andruw",621,69.589674831,0.037037037037037,0.2560386473429952,0.0837359098228663,6.930013462,0.1819645732689211,0.3735909822866344,6
669699,"Shewmake, Braden",159,69.580613899,0.0251572327044025,0.3018867924528302,0.0817610062893081,7.144827736,0.2452830188679245,0.4088050314465409,1
678882,"Rafaela, Ceddanne",1064,69.530916598,0.0695488721804511,0.244360902255639,0.0676691729323308,7.279557406,0.2349624060150376,0.3712406015037593,26
593871,"Polanco, Jorge",225,69.529663333,0.0311111111111111,0.2666666666666666,0.0844444444444444,7.232603867,0.2,0.4222222222222222,5
691783,"Lawlar, Jordan",206,69.52485966,0.0388349514563106,0.2621359223300971,0.0922330097087378,7.211071748,0.2572815533980582,0.3446601941747573,8
814154,"Bandura, Scott",53,69.522868113,0.0754716981132075,0.0943396226415094,0.0188679245283018,6.469203019,0.4528301886792453,0.1698113207547169,0
810938,"Williamson, Ben",401,69.433005711,0.1172069825436408,0.2942643391521197,0.1072319201995012,6.92712005,0.169576059850374,0.4488778054862843,9
669326,"Teodosio, Bryce",112,69.399515893,0.0267857142857142,0.1607142857142857,0.0446428571428571,6.55692125,0.4107142857142857,0.3035714285714285,6
683679,"Rodriguez, Jesus",96,69.369200521,0.03125,0.2395833333333333,0.0625,7.199373229,0.2291666666666666,0.40625,2
672569,"Campero, Gustavo",26,69.358936538,0.1153846153846154,0.1923076923076923,0.0769230769230769,6.981533846,0.3461538461538461,0.2692307692307692,1
693409,"Prieto, César",45,69.358321556,0.0,0.4222222222222222,0.1555555555555555,6.906347556,0.1555555555555555,0.6222222222222222,0
694224,"Gonzalez, Gabriel",21,69.357491429,0.0952380952380952,0.1904761904761904,0.0,6.929985714,0.1428571428571428,0.2857142857142857,1
650968,"Pozo, Yohel",117,69.348463675,0.0769230769230769,0.2478632478632478,0.0854700854700854,7.549274701,0.1794871794871795,0.4102564102564102,1
683766,"Koss, Christian",342,69.321279649,0.0643274853801169,0.1900584795321637,0.0730994152046783,7.096538187,0.283625730994152,0.3742690058479532,13
691594,"Sanoja, Javier",746,69.30833563,0.0804289544235925,0.3310991957104557,0.0911528150134048,7.385976917,0.1018766756032171,0.5013404825737265,11
695720,"White, Tommy",338,69.305679379,0.1272189349112426,0.257396449704142,0.0917159763313609,7.344410562,0.1982248520710059,0.4230769230769231,8
666152,"Hamilton, David",541,69.304756081,0.0499075785582255,0.255083179297597,0.0683918669131238,7.115539409,0.2014787430683918,0.4029574861367837,24
687231,"Hernaiz, Darell",272,69.302668603,0.0772058823529411,0.2242647058823529,0.0625,7.069972794,0.2242647058823529,0.3713235294117647,10
678391,"Vivas, Jorbit",577,69.271480555,0.0398613518197573,0.2253032928942807,0.0658578856152513,7.525154281,0.169844020797227,0.4228769497400346,7
680700,"Palacios, Richie",621,69.263537858,0.0418679549114331,0.2689210950080515,0.0772946859903381,7.275767311,0.1819645732689211,0.4219001610305958,19
624512,"McGuire, Reese",48,69.261563125,0.0208333333333333,0.1458333333333333,0.0,7.776196667,0.2083333333333333,0.3958333333333333,0
702222,"Crawford, Justin",766,69.24283799,0.0613577023498694,0.2676240208877284,0.0966057441253263,7.018917533,0.1631853785900783,0.4151436031331593,10
695490,"Arroyo, Edwin",283,69.231928057,0.0565371024734982,0.2508833922261484,0.0565371024734982,7.343329859,0.2685512367491166,0.3462897526501767,3
702332,"Durbin, Caleb",862,69.204787633,0.0603248259860789,0.271461716937355,0.0638051044083526,7.010044443,0.1415313225058004,0.4617169373549884,23
701649,"Triantos, James",10,69.199753,0.1,0.2,0.0,6.886442,0.3,0.6,0
695670,"Ford, Harry",192,69.188327969,0.0468749999999999,0.2239583333333333,0.0729166666666666,6.474268646,0.2447916666666666,0.3125,7
640492,"Azócar, José",32,69.187593438,0.09375,0.1875,0.0625,6.910841875,0.28125,0.28125,2
643289,"Dubón, Mauricio",1063,69.151240461,0.0470366886171213,0.2793979303857008,0.0686735653809971,7.644251138,0.1335841956726246,0.431796801505174,15
807712,"Keaschall, Luke",814,69.146833047,0.0945945945945946,0.2800982800982801,0.0687960687960688,6.703489914,0.1486486486486486,0.4545454545454545,32
675961,"Williams, Alika",352,69.127779261,0.03125,0.21875,0.0710227272727272,6.954482699,0.2102272727272727,0.3948863636363636,9
686765,"Sogard, Nick",383,69.119540313,0.0469973890339425,0.2819843342036554,0.0704960835509138,7.070578773,0.206266318537859,0.4203655352480417,5
500743,"Rojas, Miguel",364,69.098984258,0.0576923076923077,0.3406593406593406,0.1236263736263736,7.126127747,0.1428571428571428,0.510989010989011,10
668885,"Martin, Austin",477,69.088994382,0.0398322851153039,0.3291404612159329,0.0754716981132075,6.663023669,0.180293501048218,0.4423480083857442,14
701852,"Cavanaugh, Drew",258,69.078901163,0.0426356589147286,0.2015503875968992,0.0697674418604651,6.625374109,0.2790697674418604,0.3062015503875969,3
595978,"Hedges, Austin",353,69.078439547,0.0764872521246459,0.2691218130311614,0.0821529745042493,7.232572805,0.2181303116147308,0.4447592067988669,14
678489,"Barrosa, Jorge",261,69.044899962,0.0306513409961685,0.2298850574712643,0.0344827586206896,7.718856513,0.2720306513409962,0.3218390804597701,3
686475,"Tolbert, Tyler",204,69.040863333,0.0245098039215686,0.2598039215686274,0.0588235294117647,6.703767108,0.3088235294117647,0.4264705882352941,5
685133,"Meckler, Wade",463,69.024386911,0.0215982721382289,0.3196544276457883,0.0691144708423326,6.75801676,0.1922246220302375,0.4794816414686825,11
801126,"Rodden, Brock",117,69.021760342,0.0170940170940171,0.2136752136752136,0.0598290598290598,7.206149487,0.376068376068376,0.3076923076923077,3
669392,"Taylor, Samad",227,69.020560441,0.052863436123348,0.2290748898678414,0.039647577092511,7.004599339,0.2775330396475771,0.3612334801762114,3
700337,"Quero, Edgar",363,68.948030634,0.0385674931129476,0.2975206611570248,0.1019283746556473,6.906819146,0.1983471074380165,0.396694214876033,0
660644,"Bruján, Vidal",18,68.930750556,0.0,0.2777777777777778,0.0555555555555555,7.012614444,0.2777777777777778,0.3888888888888889,0
669397,"Allen, Nick",229,68.906163231,0.0174672489082969,0.2707423580786026,0.0829694323144104,6.693074498,0.2445414847161572,0.4497816593886463,4
664954,"Sullivan, Brett",357,68.870336527,0.0476190476190476,0.3025210084033613,0.0756302521008403,7.295127423,0.1568627450980392,0.4425770308123249,5
813841,"Cox, Jonah",265,68.846781887,0.0566037735849056,0.1962264150943396,0.0566037735849056,6.535175925,0.3811320754716981,0.260377358490566,9
679845,"Loftin, Nick",564,68.815908032,0.0567375886524822,0.324468085106383,0.076241134751773,7.164565674,0.1595744680851064,0.4822695035460992,14
676609,"Caballero, José",804,68.815348719,0.0671641791044776,0.2039800995024875,0.0547263681592039,6.803545211,0.2711442786069651,0.3258706467661691,18
642086,"Smith, Dominic",490,68.813148082,0.0673469387755101,0.2959183673469387,0.0857142857142857,6.882427408,0.1857142857142857,0.4326530612244898,16
645277,"Albies, Ozzie",1236,68.802931327,0.0509708737864077,0.2621359223300971,0.0606796116504854,7.163988503,0.1982200647249191,0.3705501618122977,16
691182,"Amador, Adael",152,68.784664671,0.0789473684210526,0.2302631578947368,0.0592105263157894,6.806249342,0.1578947368421052,0.3815789473684211,0
643446,"McNeil, Jeff",923,68.742042676,0.037919826652221,0.294691224268689,0.0530877573131094,7.272940087,0.1300108342361863,0.4214517876489707,20
691740,"Susac, Daniel",280,68.727809679,0.0392857142857142,0.2142857142857142,0.0714285714285714,7.456344036,0.2357142857142857,0.3607142857142857,2
668942,"Rojas, Josh",182,68.712395275,0.0274725274725274,0.3296703296703296,0.0604395604395604,7.305580769,0.1758241758241758,0.467032967032967,3
701162,"Malgeri, Ben",209,68.691366842,0.0287081339712918,0.2631578947368421,0.138755980861244,6.418263158,0.2392344497607655,0.3732057416267942,11
672613,"Alfonzo, Eliezer",44,68.689715455,0.0454545454545454,0.4318181818181818,0.0909090909090909,7.021126591,0.1363636363636363,0.5,1
687462,"Horwitz, Spencer",637,68.685115024,0.0439560439560439,0.2919937205651491,0.0816326530612244,6.941603673,0.1475667189952904,0.4411302982731554,11
669701,"Smith, Josh",402,68.673985995,0.0248756218905472,0.2338308457711442,0.0646766169154228,7.015773458,0.2164179104477611,0.3606965174129353,12
683737,"Busch, Michael",1087,68.644589319,0.0542778288868445,0.2870285188592456,0.1039558417663293,7.039019816,0.2456301747930082,0.3762649494020239,25
514888,"Altuve, Jose",839,68.632955101,0.0917759237187127,0.2836710369487485,0.0703218116805721,7.600681025,0.201430274135876,0.435041716328963,15
543760,"Semien, Marcus",898,68.580025078,0.0267260579064588,0.289532293986637,0.0690423162583518,7.789288474,0.2071269487750557,0.4142538975501114,26
664702,"Straw, Myles",428,68.577216168,0.0560747663551401,0.352803738317757,0.0630841121495327,6.98554229,0.1051401869158878,0.5,14
621493,"Ward, Taylor",757,68.543955654,0.0303830911492734,0.3342140026420079,0.1056803170409511,6.912069551,0.1770145310435931,0.4491413474240422,17
687363,"Scott II, Victor",265,68.543708302,0.0339622641509433,0.2377358490566037,0.0490566037735849,6.408784377,0.2641509433962264,0.3660377358490566,10
699115,"Jorge, Carlos",82,68.51824878,0.024390243902439,0.1585365853658536,0.024390243902439,7.414184878,0.3536585365853658,0.2682926829268293,2
672642,"Berroa, Steward",11,68.507935455,0.0,0.2727272727272727,0.0,6.688989091,0.0909090909090909,0.2727272727272727,0
808982,"Lee, Jung Hoo",893,68.450164267,0.0358342665173572,0.3583426651735722,0.0873460246360582,7.695991445,0.1119820828667413,0.5061590145576708,4
624431,"Trevino, Jose",232,68.434703534,0.0258620689655172,0.2844827586206896,0.0732758620689655,7.148236767,0.2025862068965517,0.4784482758620689,6
643396,"Kiner-Falefa, Isiah",273,68.421865531,0.0366300366300366,0.2454212454212454,0.0695970695970696,6.995089267,0.1501831501831501,0.4578754578754578,7
682515,"Porter, Logan",8,68.403365,0.0,0.25,0.125,6.865795,0.25,0.25,0
681198,"Rumfield, TJ",1002,68.397795269,0.0748502994011976,0.250499001996008,0.0638722554890219,6.473156078,0.1806387225548902,0.4071856287425149,17
686823,"Brennan, Will",42,68.361984286,0.0238095238095238,0.2142857142857142,0.0476190476190476,6.537552857,0.0714285714285714,0.4523809523809524,0
694876,"Ingle, Cooper",40,68.3435145,0.0,0.175,0.025,6.89782675,0.175,0.225,3
669364,"Edwards, Xavier",866,68.342284018,0.0242494226327944,0.3267898383371824,0.0646651270207852,6.505576409,0.1685912240184757,0.4665127020785219,16
686217,"Frelick, Sal",512,68.325826777,0.0312499999999999,0.3515625,0.091796875,7.06698625,0.076171875,0.52734375,7
683083,"Nuñez, Nasim",787,68.323715616,0.0330368487928843,0.2376111817026683,0.0508259212198221,6.773615578,0.1982210927573062,0.3850063532401525,24
689414,"Hicks, Liam",741,68.320129406,0.0431848852901484,0.330634278002699,0.097165991902834,6.856874818,0.1012145748987854,0.524966261808367,11
663538,"Hoerner, Nico",1031,68.314040485,0.01454898157129,0.3549951503394762,0.066925315227934,7.280463172,0.1028128031037827,0.5150339476236664,14
669289,"Espinal, Santiago",94,68.304278298,0.0319148936170212,0.3297872340425531,0.0851063829787234,7.75244234,0.1276595744680851,0.4893617021276595,4
665828,"Cabrera, Oswaldo",42,68.282755238,0.0,0.1666666666666666,0.0,7.368166429,0.238095238095238,0.2619047619047619,1
680977,"Donovan, Brendan",236,68.282186907,0.0084745762711864,0.2754237288135593,0.0677966101694915,6.832253008,0.1694915254237288,0.4533898305084746,2
665926,"Giménez, Andrés",897,68.234794749,0.0412486064659977,0.2452619843924191,0.0501672240802675,6.995457302,0.249721293199554,0.3678929765886287,19
670764,"Walls, Taylor",601,68.193616922,0.0199667221297836,0.2762063227953411,0.0366056572379367,7.094668087,0.2063227953410981,0.3960066555740432,14
650402,"Torres, Gleyber",668,68.141449431,0.0344311377245509,0.2844311377245509,0.0643712574850299,7.010974865,0.2080838323353293,0.3892215568862275,6
686452,"Millas, Drew",222,68.141360946,0.036036036036036,0.2342342342342342,0.036036036036036,7.146034144,0.2432432432432432,0.3828828828828828,1
694384,"Schanuel, Nolan",643,68.140249378,0.0559875583203732,0.3343701399688958,0.077760497667185,6.824910435,0.1446345256609642,0.4727838258164852,17
645302,"Robles, Victor",238,68.128593361,0.0252100840336134,0.2731092436974789,0.0504201680672268,6.722721639,0.226890756302521,0.4159663865546218,8
811965,"Kuroda-Grauer, Joshua",116,68.105687931,0.0862068965517241,0.2758620689655172,0.1120689655172413,6.88151069,0.1551724137931034,0.4137931034482758,2
670156,"Mastrobuoni, Miles",38,68.024396316,0.0263157894736842,0.3421052631578947,0.0789473684210526,6.344909211,0.1842105263157894,0.4210526315789473,1
665877,"Fermín, José",528,68.000359318,0.0227272727272727,0.3465909090909091,0.0719696969696969,7.365159356,0.1193181818181818,0.4867424242424242,8
656716,"McKinstry, Zach",664,67.96970003,0.0436746987951807,0.2665662650602409,0.0542168674698795,6.631187831,0.1596385542168674,0.4036144578313253,9
663968,"Mangum, Jake",862,67.968786427,0.0429234338747099,0.2470997679814385,0.0591647331786542,6.708745731,0.2122969837587007,0.3584686774941995,16
682729,"Clase, Jonatan",42,67.949527619,0.1428571428571428,0.238095238095238,0.0952380952380952,6.600337381,0.3095238095238095,0.3095238095238095,4
666163,"Rortvedt, Ben",39,67.934992564,0.0,0.3076923076923077,0.0,6.794324103,0.2051282051282051,0.4102564102564102,2
622268,"Walton, Donovan",448,67.897539353,0.0066964285714285,0.2790178571428571,0.0602678571428571,6.913427946,0.2723214285714285,0.3638392857142857,6
703520,"Bateman, Brett",258,67.834561589,0.0271317829457364,0.2790697674418604,0.0465116279069767,6.964924264,0.127906976744186,0.4186046511627907,2
668974,"Handley, Maverick",3,67.778986667,0.0,0.0,0.0,7.961806667,0.6666666666666666,0.0,0
660688,"Ruiz, Keibert",524,67.680515496,0.0076335877862595,0.3988549618320611,0.1297709923664122,7.050028779,0.1202290076335877,0.5267175572519084,4
669369,"Johnson, Bryce",72,67.628901806,0.0277777777777777,0.1111111111111111,0.0,7.49767625,0.3194444444444444,0.3055555555555556,2
676694,"Meyers, Jake",241,67.506161784,0.0456431535269709,0.2614107883817427,0.0539419087136929,6.986077635,0.1950207468879668,0.3941908713692946,8
676391,"Clement, Ernie",954,67.316133574,0.0283018867924528,0.3438155136268344,0.0450733752620545,7.108568197,0.1257861635220125,0.5062893081761006,31
672695,"Perdomo, Geraldo",949,67.28326765,0.0168598524762908,0.3466807165437302,0.071654373024236,6.957922919,0.1032665964172813,0.4657534246575342,25
683227,"Freeman, Cody",149,67.213146779,0.0,0.2953020134228188,0.0335570469798657,6.717581342,0.1476510067114094,0.4228187919463087,5
670623,"Paredes, Isaac",1051,67.207129933,0.0666032350142721,0.2787821122740247,0.0599429115128449,7.762730466,0.1465271170313986,0.3862987630827783,10
664770,"Lukes, Nathan",758,66.97990748,0.0316622691292876,0.2941952506596306,0.0633245382585752,6.353399354,0.1609498680738786,0.4076517150395778,8
506702,"León, Sandy",88,66.97671625,0.0227272727272727,0.1931818181818181,0.0113636363636363,6.994659659,0.2954545454545454,0.2727272727272727,3
805367,"Meidroth, Chase",958,66.945833956,0.0104384133611691,0.2943632567849686,0.0657620041753653,6.65280214,0.1931106471816284,0.3851774530271398,14
678011,"Seigler, Anthony",263,66.912329278,0.0038022813688212,0.3346007604562737,0.0722433460076045,6.783912205,0.2053231939163498,0.4562737642585551,7
687957,"Harris, Dustin",215,66.825651256,0.0325581395348837,0.3627906976744186,0.0697674418604651,6.550889349,0.1813953488372093,0.4697674418604651,7
663967,"Salazar, César",37,66.796591351,0.0,0.2432432432432432,0.054054054054054,6.874852162,0.1351351351351351,0.3513513513513513,0
664731,"Higgins, P.J.",42,66.754575952,0.0,0.3333333333333333,0.0238095238095238,6.608366905,0.1904761904761904,0.4523809523809524,2
596117,"Stubbs, Garrett",104,66.673039808,0.0,0.2596153846153846,0.0192307692307692,7.035537596,0.173076923076923,0.3942307692307692,3
808975,"Kim, Hyeseong",215,66.669647581,0.0,0.2697674418604651,0.055813953488372,7.190798465,0.227906976744186,0.3953488372093023,5
681909,"Dean, Justin",19,66.628457368,0.0,0.1578947368421052,0.1052631578947368,6.535878421,0.2631578947368421,0.2105263157894736,0
669743,"Call, Alex",312,66.604510801,0.032051282051282,0.2467948717948718,0.0256410256410256,6.719249263,0.1602564102564102,0.3782051282051282,7
691907,"Cheng, Tsung-Che",67,66.527600299,0.0,0.208955223880597,0.0746268656716417,6.765597761,0.3432835820895522,0.3432835820895522,4
681146,"Bride, Jonah",3,66.462113333,0.0,1.0,0.0,6.541166667,0.0,1.0,1
670032,"Lopez, Nicky",430,66.44865107,0.0093023255813953,0.2720930232558139,0.0348837209302325,6.797062395,0.1953488372093023,0.3976744186046511,4
571657,"Farmer, Kyle",29,66.31415931,0.0,0.2413793103448276,0.0344827586206896,6.867335172,0.2758620689655172,0.4137931034482758,0
801501,"Furman, Nate",58,66.210719828,0.0,0.2068965517241379,0.0344827586206896,6.73606931,0.1896551724137931,0.3448275862068966,1
681190,"Vásquez, Randy",1,66.15199,0.0,0.0,0.0,7.20537,0.0,1.0,0
665561,"Marchán, Rafael",163,66.094399202,0.0,0.2883435582822086,0.0245398773006134,7.482381779,0.1533742331288343,0.4355828220858895,3
663611,"Madrigal, Nick",98,66.036609388,0.010204081632653,0.3877551020408163,0.0612244897959183,6.44718102,0.0612244897959183,0.4693877551020408,1
663494,"Torres, Bryan",286,65.826798601,0.0104895104895104,0.3181818181818182,0.0314685314685314,6.484651608,0.1958041958041958,0.4125874125874126,6
669717,"Wilson, Will",12,65.659586667,0.0,0.1666666666666666,0.0833333333333333,7.008129167,0.3333333333333333,0.3333333333333333,2
660844,"Rivas, Leo",194,65.641933814,0.0051546391752577,0.2886597938144329,0.0206185567010309,7.129505928,0.2164948453608247,0.3969072164948453,8
543877,"Vázquez, Christian",428,65.557141051,0.0046728971962616,0.2967289719626168,0.0560747663551401,6.705887664,0.1915887850467289,0.4088785046728972,7
806367,"Hill, Turner",164,65.401416159,0.0060975609756097,0.3963414634146341,0.0792682926829268,6.3877575,0.1158536585365853,0.4878048780487805,2
666185,"Carlson, Dylan",5,65.193974,0.0,0.4,0.0,6.693066,0.2,0.4,0
624428,"Frazier, Adam",256,65.170317305,0.015625,0.23828125,0.02734375,6.832116523,0.25,0.328125,7
802415,"Simpson, Chandler",786,65.096449784,0.005089058524173,0.4173027989821883,0.0241730279898218,6.570472048,0.094147582697201,0.594147582697201,10
623168,"Heineman, Tyler",321,65.014435639,0.0031152647975077,0.2679127725856697,0.0218068535825545,7.02463243,0.1993769470404984,0.4205607476635514,7
683021,"Stefanic, Michael",48,64.984380417,0.0208333333333333,0.3541666666666667,0.0625,6.161164792,0.0833333333333333,0.4166666666666667,2
805779,"Wilson, Jacob",537,64.685836853,0.0055865921787709,0.329608938547486,0.0614525139664804,6.22554959,0.1415270018621973,0.4581005586592179,8
650333,"Arraez, Luis",1027,63.112816358,0.0009737098344693,0.4255111976630964,0.0165530671859785,5.869335122,0.0730282375851996,0.5034079844206426,3
680757,"Kwan, Steven",799,62.400990363,0.0025031289111389,0.4280350438047559,0.016270337922403,6.166989524,0.0638297872340425,0.5369211514392991,5
807747,"Nishida, Rikuu",35,61.724923714,0.0,0.5142857142857142,0.0285714285714285,6.053812857,0.1428571428571428,0.5714285714285714,1
678225,"Bae, Jihwan",3,58.981056667,0.0,0.0,0.0,5.821016667,0.3333333333333333,0.0,0
