MLBAM_ID,Name,MaxEV_mlb,MLB_EV_PA
112526,Bartolo Colon,102.5,74.0
116338,Torii Hunter,108.1,421.0
120074,David Ortiz,113.5,900.0
121347,Alex Rodriguez,115.3,546.0
133380,Aramis Ramirez,108.6,412.0
134181,Adrian Beltré,109.3,1669.0
136860,Carlos Beltrán,111.1,1225.0
150029,Jayson Werth,113.5,829.0
150212,Michael Cuddyer,110.4,292.0
150229,A.J. Pierzynski,108.8,594.0
150302,Jason Marquis,99.2,13.0
150359,A.J. Burnett,104.3,32.0
217100,Willie Bloomquist,101.3,56.0
218596,Tim Hudson,101.1,30.0
276519,Jimmy Rollins,105.7,550.0
276520,Bronson Arroyo,94.3,19.0
279571,Matt Belisle,80.0,2.0
279824,Mark Buehrle,82.9,5.0
282332,CC Sabathia,90.2,3.0
285064,Ryan Vogelsong,101.7,39.0
285078,Josh Hamilton,112.3,120.0
285079,R.A. Dickey,90.6,59.0
346798,Kyle Lohse,99.4,32.0
346874,Juan Uribe,110.6,473.0
400085,Ichiro Suzuki,105.6,845.0
400121,Victor Martinez,108.6,1617.0
400284,Chase Utley,106.7,1102.0
405395,Albert Pujols,113.1,3013.0
407781,Marlon Byrd,108.0,446.0
407793,John Lackey,104.1,113.0
407812,Matt Holliday,114.9,794.0
407822,Jorge De La Rosa,96.7,58.0
407862,Reed Johnson,103.6,17.0
407893,Mark Teixeira,110.4,596.0
407908,Joel Peralta,88.6,1.0
408042,Gerald Laird,80.6,2.0
408045,Joe Mauer,107.8,1738.0
408047,Justin Morneau,110.1,296.0
408234,Miguel Cabrera,112.7,2775.0
408236,Adrián González,107.7,1253.0
408241,Jake Peavy,103.1,40.0
408242,Wil Nieves,97.1,9.0
408252,Brandon Phillips,108.5,1532.0
408299,Omar Infante,104.8,494.0
408307,Carl Crawford,106.7,211.0
408314,José Reyes,108.1,1258.0
421685,Aaron Harang,102.3,39.0
424144,Oliver Pérez,92.7,3.0
424325,David Ross,106.9,222.0
424825,Coco Crisp,105.8,475.0
425386,Jeremy Guthrie,92.7,5.0
425496,Cody Ross,101.8,16.0
425509,Jhonny Peralta,108.9,751.0
425532,Jerome Williams,100.5,22.0
425543,Josh Wilson,99.4,24.0
425549,Clint Barmes,103.8,155.0
425557,Jeff Baker,107.2,47.0
425560,Adam LaRoche,109.2,298.0
425567,Alex Rios,109.4,324.0
425664,Shane Victorino,108.6,151.0
425766,James Loney,109.3,638.0
425772,Jeff Mathis,107.5,606.0
425783,Shin-Soo Choo,110.5,1850.0
425784,René Rivera,108.4,611.0
425794,Adam Wainwright,107.5,182.0
425796,Jeff Francoeur,109.1,473.0
425834,B.J. Upton,110.1,489.0
425835,Chin-hui Tsao,101.4,1.0
425844,Zack Greinke,106.3,254.0
425856,Gavin Floyd,61.2,1.0
425877,Yadier Molina,106.5,2827.0
425900,Dioner Navarro,105.4,384.0
425902,Prince Fielder,114.3,798.0
429400,Adam Loewen,98.1,3.0
429664,Robinson Canó,112.8,2403.0
429665,Edwin Encarnación,112.8,2136.0
429666,J.J. Hardy,107.8,880.0
429667,Ryan Howard,110.1,552.0
429711,Franklin Gutierrez,111.5,324.0
429713,Grady Sizemore,107.4,214.0
429717,Dan Haren,100.5,44.0
429719,Edwin Jackson,100.7,23.0
429722,Ervin Santana,90.1,10.0
429780,Chris Narveson,88.4,4.0
429781,Kevin Correia,81.7,6.0
430001,Rickie Weeks Jr.,112.2,234.0
430203,David DeJesus,109.1,238.0
430321,Delmon Young,109.8,146.0
430404,Jonny Gomes,107.5,147.0
430580,Alfredo Simon,101.9,13.0
430599,Joe Blanton,88.9,3.0
430603,Don Kelly,102.2,24.0
430605,Ryan Raburn,109.6,316.0
430611,Corey Hart,107.1,36.0
430613,Ronald Belisario,94.7,1.0
430637,Kelly Johnson,108.9,471.0
430641,Blaine Boyer,78.7,1.0
430652,Jason Bourgeois,104.3,164.0
430661,Dustin McGowan,89.2,1.0
430681,Dan Johnson,101.1,15.0
430832,José Bautista,114.4,1408.0
430897,Nick Swisher,106.0,168.0
430910,Brayan Peña,104.6,313.0
430912,Matt Cain,103.3,36.0
430935,Cole Hamels,103.0,81.0
430945,Adam Jones,110.1,2326.0
430947,Erick Aybar,107.2,1169.0
430948,Alberto Callaspo,101.2,199.0
431094,Aaron Hill,105.1,646.0
431145,Russell Martin,109.9,1236.0
431148,Scott Kazmir,93.1,29.0
431151,David Wright,109.3,200.0
431171,Casey McGehee,109.0,265.0
432934,Chris Young,88.4,4.0
433217,Andrés Blanco,106.3,440.0
433584,Roberto Hernandez,77.0,1.0
433587,Félix Hernández,85.9,12.0
433589,Yusmeiro Petit,88.0,13.0
434158,Curtis Granderson,108.9,1642.0
434378,Justin Verlander,83.4,9.0
434538,Francisco Liriano,108.2,68.0
434540,Garrett Jones,106.1,107.0
434563,Carlos Ruiz,106.4,502.0
434567,Geovany Soto,108.0,217.0
434604,Michael Morse,114.3,182.0
434622,Ubaldo Jiménez,95.0,9.0
434628,Jason Hammel,101.9,103.0
434636,Ángel Pagán,108.8,857.0
434643,Wandy Rodriguez,74.2,2.0
434658,Rajai Davis,107.4,1048.0
434670,Hanley Ramirez,115.4,1323.0
434671,Aníbal Sánchez,92.6,54.0
434672,Chris Smith,60.0,1.0
434778,Kendrys Morales,113.3,1809.0
435044,Scott Baker,85.2,3.0
435062,Howie Kendrick,111.6,1507.0
435063,Mike Napoli,112.9,923.0
435064,Bobby Wilson,106.2,407.0
435078,Joaquin Arias,97.7,47.0
435079,Ian Kinsler,105.5,2151.0
435180,Robert Andino,101.0,20.0
435221,Brandon McCarthy,95.7,31.0
435263,Brian McCann,108.8,1384.0
435401,Skip Schumaker,105.3,194.0
435522,Neil Walker,107.7,1635.0
435559,Kurt Suzuki,106.0,1871.0
435622,Ian Desmond,112.7,1873.0
435623,Kevin Frandsen,100.3,9.0
443558,Nelson Cruz,116.7,2966.0
444379,John Jaso,106.8,647.0
444432,Mark Trumbo,116.7,1500.0
444446,Collin Balester,58.4,1.0
444468,Héctor Rondón,82.9,2.0
444482,David Peralta,113.7,3058.0
444489,Manny Piña,108.6,863.0
444843,Andre Ethier,110.6,365.0
444857,Scott Feldman,90.9,22.0
444876,Alcides Escobar,105.8,2399.0
445055,Jon Jay,105.2,1388.0
445060,Ricky Nolasco,93.8,5.0
445095,Jason Pridie,96.0,5.0
445197,Mike Dunn,99.7,1.0
445213,Brandon Kintzler,82.2,1.0
445276,Kenley Jansen,99.9,4.0
445590,Eric Stults,90.1,9.0
445926,Jesse Chavez,84.3,4.0
445988,Martín Prado,107.3,1465.0
446192,Adam Moore,104.6,15.0
446225,Ed Easley,98.4,6.0
446263,Lucas Duda,114.1,1049.0
446308,Matt Wieters,108.4,1210.0
446321,Ross Detwiler,97.4,2.0
446334,Evan Longoria,110.2,2894.0
446359,Zack Cozart,106.1,1187.0
446372,Corey Kluber,80.4,11.0
446381,Darwin Barney,102.4,540.0
446386,Brandon Guyer,106.8,788.0
446399,Brett Cecil,93.1,1.0
446481,Sean Rodríguez,110.9,617.0
446653,Jose Lobatón,107.5,331.0
446868,Wilkin Castillo,97.5,4.0
448170,Travis Ishikawa,107.0,43.0
448179,Rich Hill,94.5,89.0
448281,Sean Doolittle,83.6,1.0
448306,James Shields,100.9,60.0
448602,Mark Reynolds,112.0,1120.0
448605,Justin Ruggiano,106.8,142.0
448609,Tony Sipp,71.2,1.0
448614,Carlos Torres,85.9,1.0
448674,Doug Bernier,101.4,2.0
448801,Chris Davis,111.1,1473.0
448802,Jaime García,103.7,87.0
448855,Junior Guerra,100.2,73.0
449107,Mike Aviles,106.5,475.0
449168,Matt Tuiasosopo,102.9,2.0
449173,Lucas Harrell,97.4,6.0
449181,Paulo Orlando,111.4,680.0
449786,Carlos Corporán,102.9,71.0
450172,Edinson Volquez,97.0,22.0
450203,Charlie Morton,96.2,63.0
450306,Jason Vargas,96.3,48.0
450308,Jered Weaver,87.7,10.0
450314,Ben Zobrist,108.0,1765.0
450317,J.P. Arencibia,112.3,50.0
450351,C.J. Wilson,98.1,5.0
450729,Doug Fister,96.2,30.0
451089,Shane Peterson,107.5,209.0
451109,Brett Hayes,106.1,26.0
451192,James Adduci,111.9,192.0
451532,Chad Billingsley,100.2,9.0
451594,Dexter Fowler,110.1,1751.0
451596,Yovani Gallardo,101.0,11.0
451705,Alberto Rosario,102.4,36.0
451713,Carlos Peguero,116.0,39.0
452027,Andrew Albers,90.8,3.0
452035,Kyle Blanks,108.3,47.0
452095,Tyler Flowers,113.1,1040.0
452104,Chase Headley,108.8,1223.0
452220,Stephen Drew,106.5,512.0
452234,Seth Smith,111.6,847.0
452239,Justin Maxwell,110.7,175.0
452252,Adam Lind,112.8,945.0
452254,Hunter Pence,113.5,1291.0
452655,Denard Span,108.6,1519.0
452657,Jon Lester,107.0,220.0
452672,Ryan Hanigan,103.6,292.0
452678,Asdrúbal Cabrera,107.2,2394.0
452718,Kyle Kendrick,97.8,30.0
453056,Jacoby Ellsbury,109.1,1139.0
453064,Troy Tulowitzki,111.1,980.0
453172,Jared Hughes,80.0,1.0
453178,Ian Kennedy,97.3,31.0
453203,Shane Robinson,103.4,309.0
453211,Drew Stubbs,108.4,121.0
453214,Steven Wright,84.3,3.0
453268,Daniel Bard,99.9,1.0
453269,Brennan Boesch,110.0,59.0
453281,Wade LeBlanc,90.9,14.0
453286,Max Scherzer,104.0,287.0
453307,David Huff,82.9,1.0
453311,Tim Lincecum,95.9,13.0
453329,Clay Buchholz,98.8,23.0
453344,Brandon Morrow,97.7,1.0
453385,Clayton Richard,104.0,77.0
453400,Chris Johnson,114.0,336.0
453527,Sean Kazmar Jr.,87.9,2.0
453539,Sam Fuld,104.0,238.0
453562,Jake Arrieta,106.1,167.0
453568,Charlie Blackmon,110.1,4193.0
453646,Carlos Villanueva,89.9,6.0
453895,Brendan Ryan,102.7,75.0
453923,Grégor Blanco,107.6,762.0
453943,Todd Frazier,111.3,2068.0
454560,A.J. Ellis,106.8,525.0
454975,Hernan Iribarren,104.2,34.0
455104,Chris Iannetta,112.9,900.0
455117,Martín Maldonado,109.6,2156.0
455139,Robinson Chirinos,108.4,1186.0
455369,Ramiro Pena,101.6,71.0
455755,Chris Stewart,103.3,345.0
455759,Chris Young,110.1,670.0
455976,Nick Markakis,111.7,2543.0
456030,Dustin Pedroia,103.5,1290.0
456034,David Price,100.3,25.0
456051,Hector Noesí,90.8,2.0
456068,Miguel González,85.0,6.0
456071,Yohan Flande,78.9,12.0
456078,Welington Castillo,110.2,1082.0
456121,Chris Denorfia,110.3,159.0
456124,Erik Kratz,109.0,301.0
456422,Michael Bourn,105.9,622.0
456488,Eduardo Núñez,111.1,1611.0
456501,Johnny Cueto,97.1,162.0
456665,Steve Pearce,109.4,920.0
456696,David Hernandez,87.5,1.0
456701,Homer Bailey,96.4,60.0
456714,Billy Butler,110.8,652.0
456715,Lorenzo Cain,111.1,2503.0
456776,Alex Torres,94.9,1.0
456781,Donovan Solano,108.2,1527.0
457448,Matt Harrison,76.9,2.0
457449,Jamie Romak,112.2,9.0
457454,Jarrod Saltalamacchia,110.1,292.0
457477,Alejandro De Aza,105.4,465.0
457574,Jordan Pacheco,100.9,91.0
457705,Andrew McCutchen,110.4,3899.0
457706,Austin Jackson,108.4,950.0
457708,Justin Upton,114.1,2012.0
457711,Sean O'Sullivan,105.2,12.0
457727,Cameron Maybin,110.3,1513.0
457759,Justin Turner,108.1,3809.0
457760,Danny Dorn,104.7,20.0
457762,Bryan Anderson,96.4,6.0
457763,Buster Posey,109.3,2417.0
457775,Desmond Jennings,108.7,226.0
457787,Danny Espinosa,111.2,780.0
457788,Jordan Schafer,104.9,48.0
457789,Jemile Weeks,101.0,46.0
457803,Jay Bruce,110.8,1848.0
457915,Javy Guerra,70.8,3.0
457918,J.A. Happ,95.6,37.0
457926,Paul Janish,102.5,82.0
458006,Matt Albers,95.7,1.0
458015,Joey Votto,110.3,2987.0
458085,Chris Coghlan,107.3,592.0
458582,Reid Brignac,102.4,30.0
458668,Jordan Danks,82.9,2.0
458675,Colby Rasmus,109.5,638.0
458676,Josh Lindblom,98.1,1.0
458681,Lance Lynn,101.9,67.0
458689,Chris Dominguez,103.1,11.0
458708,Josh Tomlin,89.4,14.0
458731,Brett Gardner,108.8,2589.0
458913,Eric Young Jr.,107.8,234.0
459431,Michael Saunders,109.6,521.0
459964,Matt Joyce,108.1,1149.0
459967,Sam LeCure,74.7,1.0
460003,Taylor Teagarden,101.9,11.0
460026,Nick Hundley,109.3,976.0
460055,John Mayberry Jr.,106.3,77.0
460059,Mike Pelfrey,92.2,2.0
460060,Cliff Pennington,104.1,450.0
460075,Ryan Braun,114.2,1901.0
460077,Drew Butera,103.2,505.0
460086,Alex Gordon,109.8,1894.0
460099,Nolan Reimold,110.5,265.0
460131,Brian Bogusevic,111.7,37.0
460269,Chris Gimenez,107.3,357.0
460283,Jerry Blevins,89.8,1.0
460576,Carlos Gómez,112.6,1183.0
461235,Brandon Moss,113.4,837.0
461314,Matt Kemp,110.4,1748.0
461325,Tyler Clippard,75.2,1.0
461416,Will Venable,114.5,270.0
461815,David Murphy,109.5,318.0
461829,Gio Gonzalez,96.5,144.0
461833,Phil Hughes,95.2,4.0
461858,Trevor Plouffe,109.1,919.0
461865,Andrew Romine,105.1,660.0
462101,Elvis Andrus,109.4,3634.0
462136,Marco Estrada,88.3,7.0
462515,Miguel Socolovich,89.6,2.0
462564,Dan Uggla,109.0,81.0
463610,Gregorio Petit,105.4,231.0
465041,Francisco Cervelli,108.8,1216.0
465674,Pedro Ciriaco,108.8,109.0
465753,Pedro Florimón,103.8,94.0
465784,Everth Cabrera,105.9,77.0
466320,Melky Cabrera,111.2,2192.0
466948,Jean Machi,92.5,1.0
466988,Emilio Bonifácio,103.7,114.0
467008,Pedro Strop,94.8,4.0
467055,Pablo Sandoval,113.1,1114.0
467070,Elian Herrera,107.0,187.0
467092,Wilson Ramos,111.9,1903.0
467100,Iván Nova,99.8,66.0
467143,Héctor Gómez,111.8,89.0
467785,Radhames Liz,80.0,1.0
467793,Carlos Santana,112.2,4537.0
467798,Jose Tabata,107.0,31.0
467827,Gerardo Parra,106.8,1714.0
468406,Jonathan Herrera,103.0,107.0
468504,Jhoulys Chacín,105.4,131.0
471083,Miguel Montero,106.9,580.0
471822,Jumbo Diaz,51.0,1.0
471865,Carlos González,117.4,1689.0
471911,Carlos Carrasco,78.3,14.0
472528,Luis Valbuena,108.5,961.0
473724,Matt McBride,105.1,71.0
474233,Hank Conger,106.9,226.0
474249,Ryan Jackson,94.0,8.0
474284,Cory Rasmus,93.9,1.0
474319,Brandon Snyder,107.6,34.0
474443,Iván De Jesús Jr.,103.4,320.0
474463,Brett Anderson,93.0,55.0
474494,Tommy Field,104.9,26.0
474568,Jordy Mercer,107.4,1801.0
474699,Vance Worley,101.1,31.0
474832,Brandon Belt,108.1,2433.0
474865,Julio Borbon,97.5,12.0
474892,Chris Carter,113.6,708.0
475100,Scott Van Slyke,108.4,269.0
475115,Tyson Ross,105.3,75.0
475174,Yonder Alonso,110.4,1676.0
475243,Travis Wood,105.2,31.0
475247,Ryan Flaherty,109.3,466.0
475253,Justin Smoak,110.3,1571.0
475416,Justin Masterson,94.2,2.0
475479,David Phelps,98.1,33.0
475582,Ryan Zimmerman,112.2,1558.0
476192,Johnny Monell,108.7,35.0
476270,Steve Tolleson,103.7,32.0
476451,Jeremy Hellickson,96.8,125.0
476589,Adam Warren,84.1,2.0
476594,Robert Stock,99.5,2.0
476633,Chris Parmelee,108.8,76.0
476704,Jed Lowrie,107.4,1893.0
476883,Pedro Álvarez,115.2,649.0
477003,Jonathon Niese,100.7,55.0
477132,Clayton Kershaw,102.3,246.0
477165,Brett Wallace,111.6,200.0
477195,Ike Davis,110.3,181.0
477569,Fernando Salas,84.8,2.0
485567,Ezequiel Carrera,106.8,560.0
488671,Alex Avila,108.4,680.0
488674,Burke Badenhop,82.9,1.0
488681,Brandon Barnes,108.8,279.0
488689,Mike Baxter,104.2,43.0
488703,Jeff Bianchi,87.7,2.0
488721,Peter Bourjos,111.1,609.0
488726,Michael Brantley,108.9,2666.0
488768,Andrew Cashner,104.5,70.0
488771,Jason Castro,109.5,1054.0
488810,Tony Cruz,108.7,130.0
488818,Chase d'Arnaud,105.1,292.0
488846,Brian Duensing,91.3,2.0
488852,Allan Dykstra,103.1,19.0
488862,Yunel Escobar,110.0,1224.0
488912,Tuffy Gosewisch,106.8,191.0
488984,Tommy Hunter,99.7,1.0
489067,Ryan Lollis,96.0,11.0
489119,Wade Miley,101.1,78.0
489138,Tyler Moore,109.0,279.0
489149,Logan Morrison,113.4,1292.0
489232,Anthony Recker,109.0,123.0
489265,Sergio Romo,82.9,1.0
489267,Adam Rosales,107.1,426.0
489305,Xavier Scruggs,107.3,74.0
489334,Craig Stammen,81.8,8.0
489365,Josh Thole,104.7,134.0
489446,Kirby Yates,82.9,2.0
490063,Matt Garza,99.0,62.0
491676,Gorkys Hernández,108.3,634.0
491696,Jesús Sucre,106.0,490.0
491708,Arquimedes Caminero,99.9,1.0
492802,Juan Graterol,102.5,107.0
492841,Michael Martinez,104.9,121.0
493114,Norichika Aoki,105.4,1007.0
493128,Munenori Kawasaki,100.8,40.0
493159,Tsuyoshi Wada,87.6,3.0
493193,Dae-Ho Lee,109.3,218.0
493316,Yoenis Cespedes,114.0,1215.0
493329,Yuli Gurriel,109.7,3043.0
493343,Héctor Olivera,108.9,83.0
493351,Alexei Ramirez,106.4,940.0
493472,Eric Campbell,106.6,201.0
493596,Gordon Beckham,107.6,575.0
499624,Chris Colabello,111.0,259.0
499864,Luis Jimenez,97.7,10.0
500135,Ronny Rodríguez,109.1,353.0
500207,Jhonatan Solano,103.5,19.0
500208,Yangervis Solarte,111.0,1687.0
500610,Deolis Guerra,93.1,1.0
500724,JC Ramírez,93.0,2.0
500743,Miguel Rojas,108.4,3374.0
500779,Jose Quintana,101.3,89.0
500871,Eduardo Escobar,108.7,3115.0
500874,José A. Martínez,112.0,980.0
500887,Josmil Pinto,91.2,1.0
501213,Moisés Sierra,111.8,36.0
501245,Alfredo Marte,102.0,5.0
501255,Rafael Ynoa,105.0,103.0
501303,Ehire Adrianza,105.6,1024.0
501381,Michael Pineda,92.6,8.0
501571,Juan Lagares,110.8,1197.0
501593,Luis Avilán,85.0,2.0
501625,Jose Alvarez,82.9,1.0
501647,Wilin Rosario,113.8,177.0
501659,Abraham Almonte,110.2,727.0
501697,Jhan Mariñez,99.6,4.0
501800,Allen Craig,103.7,53.0
501822,Chris Hatcher,96.4,4.0
501888,Ryan Kalish,102.3,8.0
501896,David Freese,111.5,1258.0
501936,Matt Buschmann,80.0,1.0
501981,Khris Davis,112.5,1923.0
501983,Travis Snider,110.1,171.0
501985,Mike Minor,99.7,9.0
501986,Cedric Hunter,101.9,28.0
501992,Nate Karns,90.5,3.0
502004,George Kontos,82.7,1.0
502009,Mat Latos,96.0,32.0
502023,Travis Tartamella,86.7,2.0
502029,Chris Marrero,109.1,30.0
502032,Bud Norris,102.2,30.0
502034,Emmanuel Burriss,106.1,39.0
502042,Chris Archer,99.8,41.0
502043,Kyle Gibson,99.7,27.0
502046,Jeff Locke,97.3,56.0
502051,Josh Ravin,82.6,2.0
502054,Tommy Pham,112.6,3131.0
502082,Lonnie Chisenhall,108.8,851.0
502100,Alex Presley,104.3,303.0
502110,J.D. Martinez,113.3,3497.0
502117,Kristopher Negrón,104.1,165.0
502126,Domonic Brown,110.6,153.0
502143,Danny Valencia,113.5,1169.0
502151,Chad Huffman,104.1,8.0
502171,Alex Cobb,86.2,8.0
502179,Paolo Espino,99.1,22.0
502182,Steve Clevenger,105.6,142.0
502188,Jeff Samardzija,108.2,114.0
502190,Mike Leake,101.7,119.0
502205,Grant Green,106.9,67.0
502210,Josh Reddick,108.1,2297.0
502211,Mike Bolsinger,96.1,19.0
502213,Nevin Ashley,102.3,12.0
502226,Craig Gentry,102.3,272.0
502239,Trevor Cahill,92.8,31.0
502261,Cole Gillespie,105.6,158.0
502273,Mike Freeman,104.1,249.0
502285,Tyler Ladendorf,101.9,52.0
502317,Chris Heisey,110.1,188.0
502327,Héctor Santiago,87.3,6.0
502374,Michael McKenry,108.0,87.0
502409,Jonathan Diaz,96.8,11.0
502457,Drew Hayes,86.7,2.0
502481,Jarrod Dyson,105.9,1386.0
502517,Daniel Murphy,110.1,2171.0
502522,Justin Miller,66.0,1.0
502523,Shawn O'Malley,104.1,183.0
502544,Nick Buss,104.3,60.0
502570,Rocky Gale,91.4,26.0
502582,Logan Schafer,104.2,148.0
502624,Chase Anderson,100.2,134.0
502671,Paul Goldschmidt,112.0,4652.0
502676,Cole Figueroa,97.2,32.0
502706,Derek Holland,99.3,29.0
502748,Brad Peacock,98.2,4.0
503351,Blake Lalli,104.8,10.0
503437,James Beresford,98.8,17.0
503444,Joel De La Cruz,97.0,10.0
503449,Wily Peralta,105.1,56.0
503556,Marwin Gonzalez,109.3,2182.0
504379,Juan Nicasio,104.0,15.0
506433,Yu Darvish,105.3,72.0
506560,Alexi Amarista,103.4,524.0
506693,Henderson Alvarez,100.7,9.0
506702,Sandy León,107.1,1096.0
506703,Adrián Sanchez,107.5,150.0
506747,Francisco Peña,106.8,130.0
506924,Stephen Cardullo,106.6,65.0
506997,Tony Sanchez,110.5,5.0
514888,Jose Altuve,109.1,5263.0
514913,Rubén Tejada,103.6,456.0
514917,César Hernández,108.7,3206.0
516414,Ariel Peña,78.4,1.0
516416,Jean Segura,111.2,3631.0
516472,Francisco Arcia,103.6,76.0
516589,André Rienzo,96.6,2.0
516770,Starlin Castro,111.9,2592.0
516782,Starling Marte,111.6,3782.0
516809,Junior Lake,110.7,75.0
516811,Eury Pérez,107.9,99.0
516910,Carlos Frías,82.9,10.0
516949,Héctor Sánchez,107.8,179.0
516970,Sugar Ray Marimon,90.3,3.0
517369,José Pirela,112.1,701.0
517370,Jimmy Paredes,112.8,366.0
517414,Randall Delgado,100.2,8.0
517448,Wilfredo Boscan,82.3,2.0
517593,Danny Salazar,83.3,2.0
518170,Jordany Valdespin,105.0,3.0
518397,Scott Alexander,81.6,2.0
518420,Dylan Axelrod,75.8,2.0
518452,Chad Bettis,97.3,82.0
518466,Jabari Blash,113.0,152.0
518468,Michael Blazek,95.6,3.0
518490,Bryce Brentz,111.7,44.0
518516,Madison Bumgarner,110.0,183.0
518542,Juan Centeno,102.7,239.0
518553,Steve Cishek,93.6,6.0
518560,Paul Clemens,101.1,11.0
518567,Josh Collmenter,101.3,20.0
518568,Christian Colón,104.4,276.0
518577,Collin Cowgill,105.5,56.0
518586,Charlie Culberson,107.5,648.0
518595,Travis d'Arnaud,110.3,2150.0
518603,Justin De Fratus,84.2,2.0
518614,Daniel Descalso,106.2,958.0
518618,Derek Dietrich,110.8,1351.0
518625,Matt Dominguez,105.0,8.0
518626,Josh Donaldson,113.6,2660.0
518633,Danny Duffy,90.6,8.0
518649,Brett Eibner,109.7,155.0
518653,Jake Elmore,100.5,223.0
518692,Freddie Freeman,111.7,5043.0
518693,Sam Freeman,82.1,1.0
518700,Eric Fryer,104.7,159.0
518715,Cory Gearrin,97.8,1.0
518716,Dillon Gee,94.1,10.0
518735,Yasmani Grandal,111.0,2562.0
518748,Justin Grimm,82.9,2.0
518755,Matt Hague,110.0,8.0
518764,Donovan Hand,74.4,1.0
518774,Matt Harvey,101.5,113.0
518790,Chris Heston,103.5,40.0
518792,Jason Heyward,111.5,3050.0
518858,Nate Jones,69.2,1.0
518863,Taylor Jordan,92.1,4.0
518876,Merrill Kelly,99.0,60.0
518883,Dean Kiekhefer,44.1,1.0
518902,Pete Kozma,101.0,168.0
518911,Andrew Lambo,104.9,18.0
518934,DJ LeMahieu,110.1,4174.0
518953,David Lough,106.8,161.0
518960,Jonathan Lucroy,108.5,1702.0
518991,Darin Mastroianni,91.3,5.0
519008,T.J. McFarland,91.0,3.0
519023,Devin Mesoraco,108.0,373.0
519025,Will Middlebrooks,112.7,237.0
519037,Carlos Moncrief,107.2,25.0
519043,Matt Moore,99.7,63.0
519048,Mitch Moreland,113.0,1910.0
519058,Mike Moustakas,112.4,2633.0
519068,Efren Navarro,106.2,109.0
519071,Rey Navarro,97.6,27.0
519076,Jimmy Nelson,97.4,73.0
519082,Nick Noonan,100.4,28.0
519083,Derek Norris,110.1,799.0
519085,Brett Oberholtzer,102.4,5.0
519107,Andy Parrino,89.5,1.0
519141,Drew Pomeranz,101.0,23.0
519144,Rick Porcello,88.9,13.0
519168,Anthony Ranaudo,102.0,2.0
519184,Ben Revere,106.7,1124.0
519203,Anthony Rizzo,113.0,3874.0
519208,Clint Robinson,113.1,422.0
519222,Austin Romine,110.3,883.0
519237,Cameron Rupp,112.0,659.0
519242,Chris Sale,89.9,11.0
519263,A.J. Schugel,85.1,3.0
519293,Will Smith,95.1,2.0
519294,Josh Smoker,88.4,1.0
519295,Jake Smolinski,109.7,430.0
519299,Eric Sogard,104.7,1191.0
519301,Sammy Solís,95.0,4.0
519303,Elliot Soto,94.1,5.0
519306,Steven Souza Jr.,113.3,1059.0
519317,Giancarlo Stanton,120.7,2759.0
519322,Drew Storen,36.7,1.0
519326,Hunter Strickland,97.6,1.0
519333,Matt Szczur,107.6,413.0
519345,Joey Terdoslavich,109.2,42.0
519346,Eric Thames,110.7,795.0
519390,Stephen Vogt,108.1,1522.0
519421,Andy Wilkins,104.5,14.0
519425,Jackson Williams,100.5,9.0
519445,Danny Worth,103.8,33.0
519455,Jordan Zimmermann,104.2,59.0
520471,Freddy Galvis,106.3,2702.0
520980,Pedro Báez,90.5,3.0
521655,Wilmer Font,85.7,2.0
521692,Salvador Perez,112.6,4274.0
523253,Logan Forsythe,107.3,1608.0
523260,Joe Kelly,97.6,6.0
523989,Rubby De La Rosa,94.1,57.0
524968,Jesus Montero,112.8,80.0
527038,Wilmer Flores,108.3,3355.0
527043,Jefry Marte,111.0,509.0
527048,Martín Pérez,94.4,3.0
527049,César Puello,109.6,117.0
527054,Julio Teheran,101.0,235.0
528748,Humberto Castellanos,99.2,6.0
533167,Matt Shoemaker,82.9,2.0
534606,Ryan LaMarre,107.2,172.0
534627,Tyler Holt,112.5,155.0
534910,Jesse Hahn,59.4,1.0
534947,Tim Adleman,96.1,34.0
537953,Daniel Nava,106.6,355.0
541600,Wilfredo Tovar,106.8,75.0
541608,Ramón Cabrera,107.6,171.0
541640,Erasmo Ramírez,92.2,3.0
541645,Avisaíl García,116.0,2583.0
541650,Hernán Pérez,109.0,1312.0
542194,Christian Bethancourt,111.4,836.0
542208,Carlos Pérez,107.0,641.0
542255,Ender Inciarte,104.1,2349.0
542303,Marcell Ozuna,114.6,4138.0
542340,Jonathan Villar,113.1,2194.0
542364,Rafael Ortega,107.7,912.0
542436,Cristhian Adames,103.5,245.0
542454,Danny Santana,110.5,971.0
542455,Oswaldo Arcia,110.7,167.0
542513,Tomás Telis,103.0,161.0
542583,Jesús Aguilar,110.1,1743.0
542642,Rymer Liriano,113.8,27.0
542674,Gonzalez Germen,96.0,2.0
542881,Tyler Anderson,97.7,80.0
542882,Matt Andriese,85.1,5.0
542883,Dean Anna,82.0,1.0
542908,Jett Bandy,104.4,339.0
542921,Tim Beckham,110.0,1129.0
542923,Dallas Beeler,100.3,2.0
542932,Jon Berti,110.3,1173.0
542942,Carson Blair,105.6,13.0
542960,Brad Brach,95.3,4.0
542963,Rob Brantly,100.8,78.0
542979,Keon Broxton,110.8,515.0
542992,Andy Burns,101.7,14.0
542993,Billy Burns,106.6,726.0
542994,Joey Butler,109.6,175.0
543001,Ryan Carpenter,81.0,1.0
543022,Tyler Chatwood,102.6,118.0
543031,Tyler Cloyd,94.9,1.0
543037,Gerrit Cole,105.1,113.0
543038,Dusty Coleman,107.9,36.0
543045,Adam Conley,96.3,55.0
543054,Jarred Cosart,97.9,27.0
543063,Brandon Crawford,109.1,3129.0
543068,C.J. Cron,114.9,2590.0
543089,Taylor Davis,101.1,33.0
543094,Jaff Decker,103.1,95.0
543101,Anthony DeSclafani,103.1,123.0
543105,Alex Dickerson,113.1,702.0
543118,Oliver Drake,96.2,1.0
543135,Nathan Eovaldi,93.5,8.0
543148,Tim Federowicz,106.3,100.0
543169,Brian Flynn,102.2,1.0
543184,Christian Friedrich,96.4,20.0
543193,Drew Gagnon,98.0,6.0
543194,Isaac Galloway,105.6,81.0
543208,Sam Gaviglio,100.6,5.0
543213,Johnny Giavotella,108.1,729.0
543216,Conor Gillaspie,107.2,427.0
543219,Sean Gilmartin,106.0,4.0
543228,Yan Gomes,108.4,2174.0
543238,Anthony Gose,109.9,395.0
543243,Sonny Gray,99.4,77.0
543257,Robbie Grossman,108.9,2470.0
543272,Brad Hand,100.1,23.0
543278,Blaine Hardy,78.8,1.0
543281,Josh Harrison,105.0,2477.0
543294,Kyle Hendricks,102.3,197.0
543302,Chris Herrmann,109.0,442.0
543305,Aaron Hicks,108.9,2044.0
543308,John Hicks,111.3,580.0
543309,Kyle Higashioka,108.5,1151.0
543321,L.J. Hoes,103.7,12.0
543329,Destin Hood,99.5,14.0
543333,Eric Hosmer,114.1,3322.0
543339,Daniel Hudson,73.0,1.0
543359,Dan Jennings,93.5,2.0
543362,A.J. Jimenez,106.0,6.0
543376,Caleb Joseph,106.1,776.0
543377,Corban Joseph,105.9,66.0
543380,Taylor Jungmann,96.6,35.0
543391,Casey Kelly,82.0,8.0
543401,Jason Kipnis,107.3,2094.0
543408,Tom Koehler,98.4,67.0
543424,John Lamb,91.6,17.0
543432,Ryan Lavarnway,106.4,120.0
543434,Brett Lawrie,111.5,668.0
543456,Kyle Lobstein,66.9,1.0
543459,Steve Lombardozzi Jr.,97.5,12.0
543475,Jordan Lyles,94.7,47.0
543482,Drew Maggi,99.6,5.0
543484,Mikie Mahtook,110.8,637.0
543510,James McCann,110.4,2399.0
543521,Collin McHugh,85.4,10.0
543532,Tim Melville,100.2,7.0
543542,Alex Meyer,70.8,1.0
543543,Brad Miller,112.6,1755.0
543548,Tommy Milone,89.3,14.0
543557,Mike Montgomery,99.0,44.0
543569,Brent Morel,104.7,4.0
543590,Kirk Nieuwenhuis,110.5,292.0
543592,Austin Nola,108.3,896.0
543594,Sean Nolin,74.0,3.0
543606,Jake Odorizzi,90.0,19.0
543611,Danny Ortiz,101.7,11.0
543633,Juan Carlos Perez,108.8,33.0
543652,Tyler Pill,82.9,4.0
543685,Anthony Rendon,109.1,2827.0
543698,Donn Roach,82.2,1.0
543699,Tanner Roark,100.3,170.0
543706,Daniel Robertson,102.3,166.0
543734,Chris Rusin,102.1,78.0
543742,Jerry Sands,110.0,119.0
543746,Rob Scahill,87.9,1.0
543760,Marcus Semien,108.8,5203.0
543768,Travis Shaw,113.2,1745.0
543776,JB Shuck,107.2,486.0
543807,George Springer,114.0,4389.0
543829,Dee Strange-Gordon,104.0,2318.0
543859,Michael Tonkin,82.9,1.0
543867,Nik Turley,92.3,2.0
543877,Christian Vázquez,107.6,2652.0
543881,Pedro Villarreal,101.1,3.0
543901,Ryan Weber,83.5,5.0
543903,Allen Webster,95.1,5.0
543939,Kolten Wong,108.3,2781.0
543942,Rob Wooten,61.5,1.0
544150,Albert Suárez,101.2,15.0
544365,Manny Banuelos,76.3,6.0
544369,Didi Gregorius,107.8,2806.0
544725,Leury García,108.5,1546.0
544836,Enny Romero,100.7,1.0
544925,Matthew den Dekker,108.2,118.0
544928,Tyler Lyons,100.4,17.0
544931,Stephen Strasburg,104.9,208.0
545121,Ildemaro Vargas,108.9,1432.0
545333,Trevor Bauer,92.3,39.0
545337,Nolan Fontana,101.9,17.0
545338,Nick Franklin,106.5,285.0
545341,Randal Grichuk,113.0,3397.0
545346,Zach Lee,91.0,5.0
545350,Jake Marisnick,110.9,1176.0
545358,Max Stassi,108.3,749.0
545361,Mike Trout,115.9,3233.0
545363,Jacob Turner,92.1,5.0
545404,Brandon Beachy,90.4,1.0
546276,Edwin Escobar,82.9,1.0
546318,Odúbel Herrera,113.6,2274.0
546990,Anthony Alford,108.8,129.0
546991,Albert Almora Jr.,110.3,1223.0
547001,Cody Poteet,97.8,8.0
547004,Rio Ruiz,107.6,640.0
547007,Rob Whalen,99.1,8.0
547170,Nicky Delmonico,109.0,371.0
547172,Tony Wolters,104.1,868.0
547173,Christian Lopes,100.6,4.0
547176,Daniel Camarena,107.2,1.0
547179,Michael Lorenzen,109.7,91.0
547180,Bryce Harper,114.9,4194.0
547379,Roberto Pérez,111.7,976.0
547749,Junichi Tazawa,90.6,1.0
547874,Hisashi Iwakuma,82.9,2.0
547888,Masahiro Tanaka,88.5,11.0
547912,Gift Ngoepe,109.1,35.0
547942,Kwang Hyun Kim,99.9,19.0
547943,Hyun Jin Ryu,106.1,74.0
547957,Hyun Soo Kim,110.8,423.0
547973,Aroldis Chapman,107.7,1.0
547982,Leonys Martin,111.0,1102.0
547989,José Abreu,114.7,3988.0
548337,Logan Verrett,98.8,16.0
548357,Christian Bergman,93.3,16.0
548389,Ross Stripling,90.2,61.0
552662,Stefen Romero,106.8,29.0
553869,Elias Díaz,111.3,2169.0
553878,Felipe Vázquez,97.0,2.0
553882,Omar Narváez,105.2,1611.0
553883,Jose Campos,93.8,2.0
553902,Willians Astudillo,107.9,539.0
553988,Dixon Machado,104.6,386.0
553993,Eugenio Suárez,111.2,4108.0
554054,Alfredo González,91.3,5.0
554234,Williams Pérez,93.6,33.0
554340,Yimi García,82.9,1.0
554374,Ariel Hernández,81.8,1.0
554429,Dustin Ackley,109.3,253.0
554430,Zack Wheeler,104.2,130.0
554431,Tyler Matzek,108.5,8.0
570240,Félix Peña,95.2,9.0
570256,Gregory Polanco,114.1,2000.0
570267,Domingo Santana,111.7,1076.0
570481,Erik González,110.8,634.0
570482,Gio Urshela,109.9,2281.0
570489,Arismendy Alcántara,106.8,95.0
570560,Yolmer Sánchez,107.6,1707.0
570615,Steven Moya,112.4,69.0
570632,José Ureña,98.9,65.0
570639,Yefri Pérez,92.2,2.0
570649,Yordano Ventura,76.8,2.0
570714,César Vargas,89.1,4.0
570717,Ramón Flores,107.3,235.0
570731,Jonathan Schoop,114.2,2980.0
570799,Christian Villanueva,109.6,270.0
570810,Lisalverto Bonilla,88.2,3.0
571431,Matt Adams,110.5,1096.0
571437,Aaron Altherr,112.4,688.0
571448,Nolan Arenado,109.7,5326.0
571466,Tucker Barnhart,105.5,2085.0
571467,Steven Baron,99.1,16.0
571473,Buddy Baumann,63.6,1.0
571506,Justin Bour,114.9,1224.0
571510,Matthew Boyd,95.7,7.0
571527,David Buchanan,94.1,13.0
571553,Darrell Ceciliani,108.3,61.0
571561,Tony Cingrani,86.0,1.0
571578,Patrick Corbin,101.8,207.0
571595,Noel Cuevas,108.8,124.0
571602,Matt Davidson,113.7,578.0
571656,Buck Farmer,97.6,1.0
571657,Kyle Farmer,106.6,1719.0
571665,Daniel Fields,103.0,1.0
571666,Mike Fiers,102.1,22.0
571670,Dylan Floro,91.2,6.0
571676,Seth Frankoff,70.4,1.0
571679,David Freitas,104.1,93.0
571681,Rey Fuentes,108.6,135.0
571697,Scooter Gennett,106.8,1604.0
571710,Mychal Givens,76.3,1.0
571718,Brian Goodwin,109.9,876.0
571735,David Hale,99.9,18.0
571740,Billy Hamilton,103.5,1867.0
571745,Mitch Haniger,111.1,2004.0
571757,Jeremy Hazelbaker,111.5,174.0
571760,Andrew Heaney,88.8,6.0
571761,Slade Heathcott,110.4,21.0
571771,Enrique Hernández,111.1,2851.0
571787,David Holmberg,93.4,4.0
571788,Brock Holt,105.1,1422.0
571800,Drew Hutchison,95.0,3.0
571812,Kyle Jensen,107.9,18.0
571825,James Jones,111.9,16.0
571830,Tommy Joseph,112.7,615.0
571841,Ty Kelly,104.2,131.0
571851,Spencer Kieboom,105.1,98.0
571863,Matt Koch,97.1,10.0
571868,Marc Krauss,105.8,47.0
571871,Ian Krol,74.1,2.0
571875,Jake Lamb,109.8,1551.0
571882,Derek Law,83.1,2.0
571912,Luke Maile,106.9,851.0
571917,Parker Markel,83.8,2.0
571918,Deven Marrero,107.6,227.0
571927,Steven Matz,103.5,142.0
571945,Miles Mikolas,107.5,80.0
571946,Shelby Miller,102.5,59.0
571951,Bryan Mitchell,94.5,9.0
571970,Max Muncy,110.6,2638.0
571974,John Ryan Murphy,107.9,395.0
571976,Wil Myers,111.2,2202.0
571980,Tyler Naquin,112.7,1209.0
572000,Mike Ohlman,107.5,10.0
572008,Chris Owings,107.5,1430.0
572019,Ben Paulsen,112.8,302.0
572033,Josh Phegley,107.1,704.0
572038,Branden Pinder,97.1,1.0
572039,Stephen Piscotty,110.5,1915.0
572041,AJ Pollock,109.7,2432.0
572070,Garrett Richards,95.8,5.0
572073,Joey Rickard,103.9,689.0
572102,Keyvius Sampson,91.0,7.0
572114,Ryan Schimpf,108.8,273.0
572122,Kyle Seager,109.4,2874.0
572128,Richie Shaffer,111.4,74.0
572138,Jon Singleton,113.3,355.0
572140,Tyler Skaggs,95.6,1.0
572180,Andrew Susac,107.9,124.0
572182,Darnell Sweeney,106.0,60.0
572191,Michael A. Taylor,111.9,2335.0
572204,Trayce Thompson,110.8,593.0
572227,Zach Vincej,92.4,7.0
572228,Luke Voit,111.5,1138.0
572233,Christian Walker,112.8,2913.0
572241,David Washington,90.0,1.0
572287,Mike Zunino,114.4,1322.0
572362,Robbie Erlin,92.9,27.0
572365,Ryan Goins,106.6,971.0
572403,Drew VerHagen,101.0,1.0
572669,Lane Adams,110.2,91.0
572750,Eddie Butler,90.8,42.0
572761,Matt Carpenter,108.9,2413.0
572788,Tyler Cravy,98.9,11.0
572804,Cody Decker,92.2,7.0
572816,Corey Dickerson,111.4,2399.0
572821,Brian Dozier,108.1,2201.0
572863,Dustin Garneau,105.0,323.0
572888,Shane Greene,86.9,2.0
572955,Pierce Johnson,83.2,1.0
572971,Dallas Keuchel,93.7,18.0
573064,Vidal Nuño,98.2,10.0
573088,Cameron Perkins,111.4,67.0
573113,Tony Renda,101.8,51.0
573131,Darin Ruf,111.1,767.0
573135,Tyler Saladino,107.6,745.0
573185,Dan Straily,98.2,68.0
573186,Marcus Stroman,100.2,53.0
573244,Adam Wilk,64.2,1.0
573262,Mike Yastrzemski,108.8,2224.0
573627,Kennys Vargas,115.5,382.0
574847,Rob Segedin,107.9,66.0
575929,Willson Contreras,115.1,2982.0
576397,Jedd Gyorko,108.9,1379.0
576788,Dan Butler,101.7,5.0
578428,Jose Iglesias,108.7,3444.0
578570,Juniel Querecuto,99.8,19.0
581527,Devon Travis,109.4,944.0
582473,Sherman Johnson,92.1,6.0
584171,Hector Velázquez,96.2,1.0
588751,Adeiny Hechavarría,106.9,1553.0
591712,Óscar Hernández,101.8,31.0
591720,Ronald Torreyes,102.6,812.0
591741,José Osuna,109.5,540.0
591971,Breyvic Valera,102.2,182.0
591994,Willy García,109.5,77.0
592122,Tyler Austin,112.1,312.0
592127,Johnny Barbato,94.9,1.0
592144,Wynton Bernard,106.6,34.0
592145,Jesse Biddle,93.2,2.0
592166,Ryan Brett,102.5,3.0
592169,Austin Brice,87.2,2.0
592178,Kris Bryant,110.9,2879.0
592192,Mark Canha,109.3,2732.0
592200,Curt Casali,105.4,914.0
592206,Nick Castellanos,110.9,4513.0
592229,Dylan Covey,85.1,1.0
592230,Kaleb Cowart,107.3,254.0
592239,Todd Cunningham,102.0,91.0
592254,José De León,90.8,6.0
592261,Delino DeShields,105.9,1402.0
592273,Brandon Drury,112.3,2219.0
592274,Matt Duffy,98.6,7.0
592314,Mike Foltynewicz,100.6,99.0
592325,Ben Gamel,109.1,1492.0
592332,Kevin Gausman,92.2,49.0
592340,Erik Goeddel,97.3,1.0
592346,Chi Chi González,99.5,26.0
592348,Niko Goodrum,109.1,925.0
592351,Jon Gray,105.4,123.0
592387,Ryon Healy,111.9,1166.0
592407,Bryan Holaday,103.9,430.0
592419,Jared Hoying,109.4,90.0
592426,Luke Jackson,84.9,5.0
592433,Tyrell Jenkins,95.5,13.0
592444,JaCoby Jones,111.4,710.0
592450,Aaron Judge,118.3,2912.0
592468,Nick Kingham,91.9,15.0
592518,Manny Machado,115.1,5450.0
592530,José Marmolejos,111.3,143.0
592547,Deck McGuire,99.9,4.0
592567,Colin Moran,109.6,1161.0
592592,Brett Nicholas,107.1,81.0
592593,Justin Nicolino,95.3,42.0
592596,Rico Noel,90.3,2.0
592609,Mike Olt,110.6,59.0
592620,Jarrett Parker,111.7,227.0
592621,Kyle Parker,112.8,69.0
592622,Mark Payton,100.0,45.0
592626,Joc Pederson,113.6,3129.0
592644,Adam Plutko,95.0,1.0
592647,Dalton Pompey,107.8,76.0
592656,Henry Ramos,108.1,92.0
592660,Rangel Ravelo,107.4,59.0
592662,Robbie Ray,100.7,146.0
592663,J.T. Realmuto,110.7,4147.0
592665,Addison Reed,87.0,2.0
592669,Hunter Renfroe,113.5,2525.0
592680,Yadiel Rivera,107.2,195.0
592685,Drew Robinson,110.1,121.0
592696,Eddie Rosario,107.9,3256.0
592710,Josh Rutledge,106.9,159.0
592717,Aaron Sanchez,93.0,10.0
592731,Steve Selsky,104.3,34.0
592741,Chasen Shreve,94.5,1.0
592743,Andrelton Simmons,108.3,2833.0
592761,Caleb Smith,103.2,55.0
592767,Drew Smyly,101.1,36.0
592774,Cody Stanley,101.9,7.0
592779,Brock Stewart,90.4,9.0
592789,Noah Syndergaard,108.4,92.0
592791,Jameson Taillon,102.5,96.0
592804,Tyler Thornburg,90.1,2.0
592808,Andrew Toles,108.4,183.0
592826,Vince Velasquez,105.0,125.0
592835,Kyle Waldrop,104.7,17.0
592836,Taijuan Walker,107.1,62.0
592859,Stevie Wilkerson,104.1,296.0
592863,Mason Williams,104.9,202.0
592865,Taylor Williams,97.2,1.0
592866,Trevor Williams,99.0,107.0
592869,Tyler Wilson,99.1,3.0
592879,Asher Wojciechowski,101.1,3.0
592885,Christian Yelich,114.0,4215.0
593140,Michael Feliz,87.3,1.0
593160,Whit Merrifield,106.9,3746.0
593372,Carlos Martinez,105.8,172.0
593423,Frankie Montas,87.6,2.0
593428,Xander Bogaerts,112.4,5048.0
593495,Daniel Castro,103.1,229.0
593523,Marco Hernández,107.9,191.0
593525,Orlando Calixte,106.3,39.0
593527,Ramón Torres,103.0,87.0
593528,Jorge Bonifacio,109.7,514.0
593590,Webster Rivas,106.3,53.0
593643,Hanser Alberto,104.4,1247.0
593647,Sócrates Brito,109.6,152.0
593679,Gabriel Ynoa,83.8,4.0
593700,Alen Hanson,106.5,451.0
593833,Wander Suero,85.0,3.0
593871,Jorge Polanco,109.4,3337.0
593934,Miguel Sanó,114.8,1519.0
593958,Eduardo Rodriguez,92.5,15.0
593993,José Briceño,108.1,87.0
594011,Rosell Herrera,111.0,303.0
594555,Garin Cecchini,85.4,1.0
594576,Jacob May,100.1,21.0
594694,Wilmer Difo,106.7,939.0
594742,Alec Asher,90.4,9.0
594760,Aaron Blair,107.2,15.0
594772,Jake Buchanan,74.3,1.0
594777,Kole Calhoun,109.4,2797.0
594798,Jacob deGrom,104.5,251.0
594807,Adam Duvall,111.4,2299.0
594809,Adam Eaton,109.0,2122.0
594824,Greg Garcia,106.2,836.0
594828,Evan Gattis,112.5,1344.0
594835,Marco Gonzales,96.9,6.0
594838,Phil Gosselin,107.3,750.0
594840,Matt Grace,91.7,4.0
594857,Keith Hessler,72.4,1.0
594902,Ben Lively,105.1,22.0
594940,Danny Muno,103.8,17.0
594943,Zach Neal,78.8,2.0
594951,Ryan O'Rourke,82.9,1.0
594953,Daniel Palka,117.9,313.0
594965,Daniel Ponce de Leon,97.8,13.0
594986,Kyle Ryan,77.4,2.0
594987,Casey Sadler,86.9,5.0
594988,Scott Schebler,111.3,929.0
594992,Kevin Shackelford,86.3,2.0
595001,Josh A. Smith,99.3,13.0
595005,Ryan Strausborger,106.0,37.0
595014,Blake Treinen,77.2,3.0
595023,Colin Walsh,102.8,25.0
595025,Zach Walters,102.7,18.0
595144,Jaycob Brugman,107.5,106.0
595191,Jerad Eickhoff,100.3,98.0
595222,Mike Gerber,104.5,31.0
595238,Jacob Hannemann,106.3,16.0
595281,Kevin Kiermaier,110.1,2547.0
595284,Andrew Knapp,106.5,491.0
595345,Steven Okert,93.9,1.0
595373,Jack Reinheimer,98.9,23.0
595375,JT Riddle,106.6,583.0
595386,Jason Rogers,108.8,134.0
595426,Brock Stassi,104.5,56.0
595453,Chad Wallach,107.6,257.0
595465,Dan Winkler,77.4,2.0
595751,Jorge Alfaro,114.8,1040.0
595777,Jurickson Profar,109.2,3116.0
595798,R.J. Alaniz,83.7,1.0
595879,Javier Báez,113.0,3425.0
595881,Tyler Beede,98.9,17.0
595885,Greg Bird,109.0,429.0
595909,Jake Cave,108.8,964.0
595918,A.J. Cole,97.1,18.0
595928,John Curtiss,75.1,2.0
595943,Phillip Evans,108.9,231.0
595956,Cam Gallagher,106.4,437.0
595963,Tyler Goeddel,108.6,163.0
595978,Austin Hedges,108.4,1802.0
595981,Scott Heineman,106.9,111.0
596001,Jakob Junis,82.9,2.0
596012,Kevin Kramer,106.3,45.0
596019,Francisco Lindor,112.4,5286.0
596043,Daniel Mengden,101.7,8.0
596049,Shawn Morimando,93.7,2.0
596056,John Nogowski,107.9,111.0
596057,Daniel Norris,94.3,9.0
596059,Rougned Odor,111.7,2715.0
596071,Dillon Peters,83.2,9.0
596082,Jake Reed,86.0,1.0
596103,Austin Slater,108.9,1163.0
596105,Dwight Smith Jr.,113.3,395.0
596112,Robert Stephenson,92.2,19.0
596115,Trevor Story,111.3,2924.0
596117,Garrett Stubbs,103.3,380.0
596119,Blake Swihart,109.4,452.0
596129,Daniel Vogelbach,112.2,1161.0
596133,Luke Weaver,99.4,72.0
596142,Gary Sánchez,115.6,2200.0
596143,Luis Sardinas,102.6,261.0
596144,Cheslor Cuthbert,111.5,848.0
596146,Max Kepler,112.8,3419.0
596271,Casey Lawrence,66.1,2.0
596295,Austin Gomber,103.3,46.0
596451,Roman Quinn,107.0,358.0
596748,Maikel Franco,113.2,2723.0
596825,Robel García,109.6,104.0
596847,Ji Man Choi,110.6,1110.0
598265,Jackie Bradley Jr.,110.1,2369.0
598271,Brian Johnson,97.7,5.0
598284,Peter O'Brien,109.3,110.0
598286,Nick Ramirez,112.2,2.0
599096,Dilson Herrera,106.7,116.0
600301,Taylor Motter,110.7,351.0
600303,Tommy La Stella,106.2,1248.0
600466,Raudy Read,105.4,14.0
600474,Pedro Severino,111.5,833.0
600524,Renato Núñez,112.9,766.0
600526,José Torres,72.0,1.0
600858,Humberto Arteaga,102.9,101.0
600869,Jeimer Candelario,111.0,2367.0
600968,Randy Rosario,98.3,2.0
601713,Nick Pivetta,100.1,57.0
602074,Yonathan Daza,105.9,708.0
602080,Erick Castillo,102.9,7.0
602104,Ramón Urías,109.9,1319.0
602115,Gabriel Guerrero,106.4,10.0
602922,José Rondon,109.2,262.0
605113,Nick Ahmed,107.2,2416.0
605119,Brian Anderson,112.1,1625.0
605125,Cody Asche,108.6,495.0
605131,Austin Barnes,108.1,1142.0
605135,Chris Bassitt,82.9,3.0
605137,Josh Bell,113.7,3942.0
605141,Mookie Betts,110.1,5385.0
605151,Archie Bradley,103.3,29.0
605154,John Brebbia,69.8,3.0
605156,Aaron Brooks,86.1,5.0
605164,Dylan Bundy,86.5,5.0
605169,Carter Capps,89.3,1.0
605170,Victor Caratini,111.3,1771.0
605177,Andrew Chafin,82.5,2.0
605182,Mike Clevinger,76.9,5.0
605183,Jason Coats,105.7,39.0
605194,Jharel Cotton,89.5,1.0
605196,Kevin Cron,112.3,54.0
605200,Zach Davies,97.6,172.0
605204,J.D. Davis,112.3,1321.0
605222,Jake Esch,90.3,3.0
605227,Taylor Featherston,106.8,154.0
605228,José Fernández,106.8,65.0
605232,Brandon Finnegan,102.6,55.0
605233,Derek Fisher,112.8,248.0
605242,Michael Fulmer,97.1,6.0
605244,Aramis Garcia,107.0,209.0
605253,Terrance Gore,96.6,48.0
605254,Daniel Gossett,85.3,3.0
605276,David Hess,84.6,6.0
605280,Clay Holmes,92.1,5.0
605288,Adrian Houser,107.6,22.0
605304,Erik Johnson,104.9,2.0
605323,Kyle Kubitza,103.9,21.0
605346,Jack López,103.6,52.0
605347,Jorge López,74.7,4.0
605353,Vimael Machín,108.4,265.0
605357,Mike Marjama,105.4,29.0
605361,Nick Martini,106.9,466.0
605388,Adam Morgan,97.5,40.0
605397,Joe Musgrove,105.3,100.0
605400,Aaron Nola,101.1,138.0
605412,Joe Panik,107.1,2267.0
605421,Michael Pérez,105.7,382.0
605439,Michael Reed,97.8,24.0
605446,Dereck Rodríguez,102.3,35.0
605452,Joe Ross,104.9,98.0
605474,Matt Skole,109.8,50.0
605480,Mallex Smith,105.3,1137.0
605483,Blake Snell,98.5,26.0
605486,Cory Spangenberg,108.7,847.0
605490,Bubba Starling,107.4,164.0
605498,Andrew Suárez,97.9,24.0
605504,Dillon Thomas,100.1,7.0
605507,Zach Thompson,104.8,9.0
605508,Charlie Tilson,106.7,197.0
605509,Kelby Tomlinson,104.7,486.0
605512,Preston Tucker,111.5,450.0
605513,Spencer Turnbull,76.4,1.0
605520,Mitch Walding,103.9,5.0
605538,Matt Wisler,100.2,68.0
605540,Brandon Woodruff,104.4,72.0
605541,Mike Wright Jr.,93.1,3.0
605548,Bradley Zimmer,112.8,537.0
605612,Harold Castro,106.3,1113.0
605795,Angel Sánchez,68.8,1.0
605894,Severino González,94.4,7.0
606019,Esteban Quiroz,101.9,32.0
606115,Orlando Arcia,108.2,2603.0
606131,Luis Perdomo,103.4,69.0
606132,Raimel Tapia,108.7,1513.0
606149,Giovanny Gallegos,82.0,1.0
606157,Aristides Aquino,115.0,435.0
606160,Rafael Montero,98.9,21.0
606162,Yefry Ramírez,92.0,4.0
606192,Teoscar Hernández,113.2,3027.0
606213,Yermín Mercedes,115.6,252.0
606273,Roenis Elías,74.0,2.0
606299,José Peraza,108.1,1753.0
606336,Luis Marté,88.8,4.0
606424,Jarlín García,95.0,3.0
606466,Ketel Marte,115.8,4166.0
606956,Ryan Court,107.1,13.0
606959,Rookie Davis,89.3,3.0
606988,Grayson Greiner,108.8,283.0
606992,Eric Haase,110.5,815.0
606993,Jake Hager,101.8,46.0
607043,Brandon Nimmo,111.2,3147.0
607054,Jace Peterson,109.1,1796.0
607067,Colin Rea,99.9,28.0
607074,Carlos Rodón,96.8,7.0
607111,Jacob Wilson,104.4,17.0
607188,Jake Faria,100.8,2.0
607192,Tyler Glasnow,101.6,14.0
607200,Erick Fedde,100.1,55.0
607208,Trea Turner,111.8,4552.0
607215,Eric Skoglund,100.1,1.0
607219,Sal Romano,98.7,32.0
607223,AJ Reed,107.9,106.0
607229,Robert Gsellman,99.6,26.0
607231,John Gant,102.1,43.0
607237,Amir Garrett,96.8,18.0
607249,Jason Krizan,105.2,5.0
607257,Raffy Lopez,104.8,99.0
607259,Nick Martinez,85.0,4.0
607297,O'Koyea Dickson,95.6,5.0
607333,Beau Taylor,100.4,34.0
607345,Kevan Smith,109.3,638.0
607352,Joe Biagini,82.9,3.0
607359,Spencer Patton,82.9,1.0
607369,Travis Taijeron,108.7,28.0
607374,Nick Tropeano,88.4,1.0
607385,Tyler Collins,108.6,345.0
607387,Ryan Rua,115.2,384.0
607391,Chris Mazza,82.1,2.0
607430,John Andreoli,100.3,46.0
607455,Anthony Banda,78.3,4.0
607461,Matt Beaty,110.5,494.0
607468,Alex Blandino,107.0,155.0
607471,Christopher Bostick,103.3,27.0
607536,Kyle Freeland,104.4,88.0
607625,Seth Lugo,102.8,44.0
607644,John Means,93.9,5.0
607680,Kevin Pillar,111.3,3245.0
607732,Jacob Stallings,106.8,1288.0
607752,Sam Travis,108.8,188.0
607776,Mac Williamson,113.2,296.0
608061,T.J. Rivera,105.5,277.0
608070,José Ramírez,111.7,5327.0
608324,Alex Bregman,107.8,4337.0
608325,Gavin Cecchini,103.8,62.0
608328,Chase De Jong,102.5,10.0
608331,Max Fried,103.4,99.0
608334,Carson Fulmer,89.5,3.0
608336,Joey Gallo,114.8,1582.0
608337,Lucas Giolito,91.9,9.0
608339,Zach Green,107.2,8.0
608344,Cole Irvin,95.7,9.0
608348,Carson Kelly,108.4,1779.0
608349,Corey Knebel,90.5,2.0
608360,Chris Okey,102.2,7.0
608365,Addison Russell,108.6,1470.0
608369,Corey Seager,112.2,3687.0
608371,Lucas Sims,96.1,14.0
608379,Michael Wacha,98.1,130.0
608384,Nick Williams,111.3,585.0
608385,Jesse Winker,110.9,1917.0
608422,José Godoy,106.1,34.0
608475,Dawel Lugo,109.2,301.0
608566,Germán Márquez,105.0,185.0
608577,Nomar Mazara,114.8,1876.0
608596,Tom Murphy,110.2,612.0
608597,Ronald Guzmán,111.0,505.0
608638,JT Chargois,65.4,1.0
608641,Tim Cooney,103.9,11.0
608650,Dietrich Enns,75.1,1.0
608652,Luke Farrell,92.1,2.0
608654,Johnny Field,105.3,151.0
608665,Kendall Graveman,89.0,2.0
608671,Travis Jankowski,106.0,1195.0
608672,Micah Johnson,109.1,84.0
608686,Jack Mayfield,107.4,333.0
608700,Kevin Plawecki,110.2,1001.0
608701,Rob Refsnyder,109.9,1083.0
608703,Matt Reynolds,106.5,316.0
608715,Eric Stamets,104.3,19.0
608717,Chris Stratton,96.6,40.0
608718,Brent Suter,98.6,35.0
608723,Austin Voth,86.4,9.0
608841,Joey Meneses,111.6,897.0
609274,Elier Hernandez,98.6,19.0
609275,Adalberto Mondesi,109.2,889.0
609280,Miguel Andujar,110.1,1619.0
611177,Adonis García,108.6,748.0
612672,Wei-Yin Chen,94.3,61.0
613564,Jason Vosler,108.8,179.0
614173,Franchy Cordero,116.2,452.0
614177,Franmil Reyes,114.4,1266.0
614179,José Ruiz,77.1,1.0
615698,Cal Quantrill,101.1,25.0
615699,Jacob Robson,100.9,3.0
620439,Franklin Barreto,109.0,128.0
620443,Luis Torrens,108.4,1000.0
620446,Richard Urena,105.5,164.0
620453,Deivy Grullón,103.3,9.0
620454,José Castillo,94.1,1.0
621002,Daniel Robertson,107.4,565.0
621005,Tim Lopes,106.6,198.0
621006,Richie Martin Jr.,106.2,298.0
621008,Alex De Goti,96.7,4.0
621011,Max Schrock,106.2,133.0
621020,Dansby Swanson,109.1,3794.0
621028,Kevin Newman,106.9,1907.0
621035,Chris Taylor,109.7,2250.0
621043,Carlos Correa,114.2,3772.0
621044,Jesmuel Valentín,100.0,56.0
621052,Alex Reyes,93.2,11.0
621076,James Kaprielian,108.1,2.0
621086,James Marvel,88.0,2.0
621107,Zach Eflin,106.1,88.0
621111,Walker Buehler,103.7,85.0
621112,Paul Blackburn,75.9,3.0
621121,Lance McCullers Jr.,96.8,9.0
621141,Walker Lockett,101.1,2.0
621199,Matt Bowman,97.2,2.0
621209,Jon Moscot,93.9,5.0
621219,Alec Mills,96.4,19.0
621244,José Berríos,85.3,6.0
621249,Duane Underwood Jr.,66.9,1.0
621261,Corey Oswalt,96.6,11.0
621281,Tyler Wagner,88.6,2.0
621295,Nick Wittgren,92.7,3.0
621311,David Dahl,106.8,878.0
621381,Matt Strahm,100.2,17.0
621389,Ty Blach,101.6,49.0
621433,Brett Phillips,106.3,493.0
621438,Tyrone Taylor,109.7,1296.0
621439,Byron Buxton,112.9,2426.0
621446,Lewis Brinson,112.7,752.0
621450,Skye Bolt,106.2,128.0
621453,Steven Duggar,107.5,519.0
621458,Edwin Rios,110.4,185.0
621466,DJ Stewart,110.0,581.0
621471,Boog Powell,103.1,108.0
621493,Taylor Ward,110.4,2174.0
621500,Wyatt Mathisen,106.3,37.0
621512,Tomás Nido,106.7,683.0
621514,Christin Stewart,110.3,381.0
621529,Joe Hudson,100.8,25.0
621532,Anthony Bemboom,104.5,134.0
621545,Zach Remillard,102.9,127.0
621550,Patrick Wisdom,113.1,802.0
621559,Max Moroff,106.5,137.0
621563,Joey Wendle,107.9,1737.0
621566,Matt Olson,114.3,3655.0
621573,Austin Dean,110.8,255.0
621962,Ian Thomas,95.5,2.0
622046,Chris Shaw,108.4,42.0
622065,Alex Young,96.0,7.0
622072,Alex Wood,99.4,113.0
622075,Yency Almonte,90.6,4.0
622097,Jake Thompson,104.2,20.0
622098,Drew Smith,72.8,1.0
622100,Taylor Jones,112.7,90.0
622110,Matt Duffy,106.3,1864.0
622168,Yairo Muñoz,109.0,450.0
622194,Bruce Maxwell,109.7,271.0
622210,Ian Parmley,91.6,3.0
622217,Chris O'Grady,82.4,4.0
622226,Dylan Cozens,111.1,15.0
622268,Donovan Walton,105.8,279.0
622270,Alex D. Mejia,103.6,34.0
622441,Rafael Bautista,100.2,25.0
622446,Jefry Rodriguez,110.4,11.0
622491,Luis Castillo,100.3,130.0
622497,Miguel Gómez,108.3,38.0
622503,Nabil Crismatt,77.7,5.0
622534,Manuel Margot,110.6,2410.0
622569,Pablo Reyes,108.4,443.0
622608,Antonio Senzatela,100.1,88.0
622663,Luis Severino,97.8,7.0
622666,Johan Camargo,109.7,967.0
622668,Ivan Castillo,98.2,3.0
622682,Victor Reyes,109.5,938.0
622694,Elieser Hernández,99.1,28.0
622713,Engelb Vielma,94.0,3.0
622761,Jorge Mateo,110.9,1049.0
622766,Miguel Díaz,80.3,6.0
622786,Jesus Tinoco,106.0,2.0
622795,Yohander Méndez,68.3,1.0
623143,Trevor Brown,102.1,166.0
623149,Paul Sewald,87.1,5.0
623166,Mike Miller,93.8,1.0
623167,Chris Flexen,95.4,12.0
623168,Tyler Heineman,103.8,476.0
623180,Seth Mejias-Brean,105.7,21.0
623182,Patrick Kivlehan,112.8,137.0
623205,Andrew Velazquez,107.7,384.0
623214,Abiatal Avelino,107.2,12.0
623323,Braden Bishop,106.1,60.0
623352,Josh Hader,76.9,4.0
623364,Brad Wieck,69.2,1.0
623395,Brian Ellington,100.2,1.0
623402,Tim Peterson,96.0,1.0
623451,Jackson Stephens,101.8,5.0
623454,Drew Anderson,96.2,3.0
623485,Ashton Goudeau,92.8,2.0
623507,Josh Lester,106.1,17.0
623508,Trent Giambrone,100.0,9.0
623515,Drew Jackson,83.6,4.0
623520,David Bote,113.3,752.0
623912,Harold Ramírez,113.0,1476.0
623993,Anthony Santander,112.9,2344.0
624133,Ranger Suarez,97.5,23.0
624407,Tzu-Wei Lin,102.7,140.0
624413,Pete Alonso,116.6,3174.0
624414,Christian Arroyo,110.5,712.0
624415,Cavan Biggio,106.7,1114.0
624418,Ryan Castellani,89.4,1.0
624419,Nick Ciuffo,100.8,35.0
624424,Michael Conforto,112.4,2921.0
624428,Adam Frazier,106.8,3365.0
624431,Jose Trevino,108.1,1317.0
624503,Nick Gordon,109.1,732.0
624507,Ryder Jones,107.5,101.0
624512,Reese McGuire,106.7,864.0
624513,Dom Nuñez,106.6,189.0
624522,Keegan Thompson,93.6,5.0
624577,Yasiel Puig,114.8,1630.0
624585,Jorge Soler,115.4,2807.0
624636,Carlos Tocci,101.1,88.0
624641,Edmundo Sosa,111.9,1104.0
625329,Henry Urrutia,107.1,31.0
625510,Erick Mejia,93.6,24.0
625643,Reynaldo López,101.1,8.0
627500,Jen-Ho Tseng,95.0,1.0
627894,Luiz Gohara,65.0,3.0
628317,Kenta Maeda,101.0,172.0
628318,Kazuhisa Makita,98.3,1.0
628329,Rusney Castillo,108.1,226.0
628333,Odrisamer Despaigne,96.0,41.0
628336,José Miguel Fernández,106.9,101.0
628338,Guillermo Heredia,107.5,1091.0
628356,Jung Ho Kang,112.4,682.0
628450,Yadiel Hernandez,106.8,455.0
628451,Andy Ibáñez,108.3,943.0
628452,Raisel Iglesias,96.3,31.0
628711,Julio Urías,101.1,80.0
630105,Jake Cronenworth,109.6,2444.0
630111,Yasmany Tomás,113.2,812.0
640444,Wil Crowe,110.7,25.0
640447,Phillip Ervin,108.6,433.0
640449,Clint Frazier,109.6,546.0
640455,Sean Manaea,94.2,11.0
640457,Austin Meadows,111.5,1156.0
640458,Óscar Mercado,108.6,719.0
640459,Brian Navarreto,105.9,37.0
640460,Dustin Peterson,105.3,31.0
640461,Chad Pinder,110.9,1142.0
640463,Braden Shipley,97.7,23.0
640464,Kohl Stewart,100.7,2.0
640470,Adbert Alzolay,100.3,22.0
640492,José Azócar,108.2,318.0
640902,Jhonny Pereda,107.9,137.0
641154,Pablo López,107.4,44.0
641302,Tyler Alexander,93.6,1.0
641312,Shaun Anderson,108.9,8.0
641313,Tim Anderson,109.3,2981.0
641319,Carlos Asuaje,103.4,404.0
641343,Jake Bauers,111.8,1430.0
641355,Cody Bellinger,110.0,3630.0
641360,Phil Bickford,94.8,1.0
641432,Willie Calhoun,110.1,1032.0
641447,Daniel Castano,94.7,3.0
641470,Zack Collins,108.6,244.0
641477,Ryan Cordell,108.9,185.0
641482,Nestor Cortes,65.2,1.0
641487,J.P. Crawford,109.6,2916.0
641505,Jonathan Davis,106.8,275.0
641511,Jason Delay,106.2,248.0
641512,Ben DeLuzio,100.6,16.0
641513,Travis Demeritte,109.9,181.0
641525,Brandon Dixon,112.5,402.0
641531,Hunter Dozier,112.6,1486.0
641540,Dane Dunning,96.2,3.0
641541,Jon Duplantier,100.1,3.0
641553,Adam Engel,110.9,985.0
641555,J.C. Escarra,108.0,140.0
641561,Johneshwy Fargas,103.6,38.0
641571,Heath Fillmyer,101.7,2.0
641583,Dustin Fowler,108.5,169.0
641584,Jake Fraley,109.6,1099.0
641598,Mitch Garver,110.5,1505.0
641627,Trevor Gott,90.0,1.0
641645,Luis Guillorme,106.3,739.0
641658,Garrett Hampson,106.9,1203.0
641680,Jonah Heim,110.0,1835.0
641682,Ryan Hendrix,99.6,1.0
641684,Michael Hermosillo,107.6,125.0
641712,Dakota Hudson,103.2,36.0
641741,Gosuke Katoh,98.7,7.0
641745,Brad Keller,89.5,10.0
641771,Chad Kuhl,100.3,85.0
641778,Eric Lauer,102.7,62.0
641779,Charles Leblanc,108.8,115.0
641786,Kyle Lewis,109.5,340.0
641793,Zack Littell,97.2,1.0
641796,Tim Locastro,107.2,412.0
641816,Tyler Mahle,103.7,91.0
641820,Trey Mancini,113.7,2290.0
641829,Jason Martin,107.5,136.0
641851,Kyle McGowin,94.5,5.0
641856,Billy McKinney,109.3,618.0
641857,Ryan McMahon,112.5,2577.0
641878,Ian Miller,99.0,14.0
641914,Sheldon Neuse,108.5,268.0
641924,Jacob Nottingham,106.5,65.0
641927,Bailey Ober,94.1,2.0
641929,Joseph Odom,104.9,21.0
641933,Tyler O'Neill,111.9,1533.0
641941,Emilio Pagán,64.4,2.0
641943,Joshua Palacios,108.8,400.0
641958,Jordan Patterson,107.1,17.0
641999,Corey Ray,86.5,1.0
642003,Cody Reed,81.4,8.0
642020,Chuckie Robinson,107.2,114.0
642028,Josh Rogers,91.2,9.0
642073,James Sherfy,70.6,1.0
642082,Chance Sisco,105.3,321.0
642086,Dominic Smith,108.9,1943.0
642092,Riley Smith,102.6,6.0
642094,Tyler Smith,94.7,9.0
642098,Glenn Sparkman,101.2,2.0
642133,Rowdy Tellez,115.2,1791.0
642136,Matt Thaiss,109.0,554.0
642137,Cody Thomas,106.6,43.0
642156,Stuart Turner,107.3,62.0
642162,Pat Valaika,108.7,580.0
642165,Josh VanMeter,107.7,540.0
642180,Tyler Wade,105.1,658.0
642197,Jamie Westbrook,106.5,28.0
642201,Eli White,108.2,572.0
642203,Taylor Widener,87.0,6.0
642211,Justin Williams,113.8,77.0
642215,Weston Wilson,109.2,222.0
642221,Kean Wong,104.3,59.0
642229,Daniel Wright,92.3,4.0
642231,Jimmy Yacabonis,77.7,1.0
642232,Ryan Yarbrough,86.8,3.0
642239,Rob Zastryzny,82.5,4.0
642336,Francisco Mejía,107.6,792.0
642350,Jose Siri,111.9,791.0
642397,Gregory Soto,105.5,2.0
642423,Magneuris Sierra,104.2,455.0
642451,Luis Liberato,97.1,2.0
642456,Luis Barrera,106.4,67.0
642545,Jaime Barria,88.9,5.0
642547,Freddy Peralta,98.0,46.0
642571,Merandy Gonzalez,81.9,2.0
642607,Dario Agrazal,100.9,15.0
642701,Dennis Santana,93.9,3.0
642707,Allen Córdoba,107.1,151.0
642708,Amed Rosario,110.2,3088.0
642715,Willy Adames,110.8,3014.0
642721,Kelvin Gutiérrez,112.8,269.0
642727,Sergio Alcántara,105.4,322.0
642731,Thairo Estrada,109.2,1380.0
642736,Domingo Leyba,107.6,81.0
642770,Javy Guerra,102.8,7.0
642772,Luis Alexander Basabe,100.2,9.0
642851,Austin Wynns,106.4,613.0
643217,Andrew Benintendi,108.7,3727.0
643230,Steven Brault,103.1,84.0
643256,Adam Cimber,77.4,2.0
643265,Garrett Cooper,111.9,1227.0
643269,Will Craig,107.3,41.0
643271,Narciso Crook,104.8,6.0
643275,Johnny Davis,92.7,2.0
643289,Mauricio Dubón,108.1,2056.0
643290,Justin Dunn,95.1,1.0
643297,Cody Ege,73.1,1.0
643327,Zack Godley,101.4,80.0
643335,Zack Granite,102.7,86.0
643348,Caleb Hamilton,105.0,5.0
643354,Donnie Hart,81.1,1.0
643376,Danny Jansen,109.0,1465.0
643377,Griffin Jax,82.7,1.0
643393,Tony Kemp,101.6,1688.0
643396,Isiah Kiner-Falefa,107.9,2716.0
643410,Mark Leiter Jr.,94.8,15.0
643414,Kyle Lloyd,89.7,1.0
643418,Shed Long Jr.,108.3,265.0
643436,Ryan McBroom,110.0,103.0
643446,Jeff McNeil,107.8,3168.0
643466,Harrison Musgrave,79.3,2.0
643524,Frank Schwindel,110.6,429.0
643565,Mike Tauchman,109.7,1138.0
643603,Tyler White,109.7,559.0
644337,Nate Orf,98.2,19.0
644374,Yu Chang,110.2,411.0
644433,Chadwick Tromp,106.4,159.0
645261,Sandy Alcantara,102.9,34.0
645277,Ozzie Albies,110.1,3827.0
645302,Victor Robles,109.3,1610.0
645305,Ali Sánchez,105.1,140.0
645444,Jose Herrera,104.3,369.0
645801,Mike Ford,110.1,486.0
645848,Dariel Álvarez,105.7,24.0
646240,Rafael Devers,114.5,3697.0
647304,Josh Naylor,113.5,2566.0
647336,Michael Soroka,99.2,44.0
647351,Abraham Toro,108.9,1182.0
648717,Alex Guerrero,107.0,164.0
649557,Aledmys Díaz,111.0,1960.0
649966,Luis Urías,108.7,1416.0
650331,Lewin Díaz,110.2,224.0
650333,Luis Arraez,105.8,3554.0
650339,Jermaine Palacios,107.6,46.0
650391,Eloy Jiménez,113.1,1520.0
650402,Gleyber Torres,110.7,3231.0
650489,Willi Castro,112.7,2008.0
650490,Yandy Díaz,114.3,3178.0
650559,Bryan De La Cruz,110.4,1312.0
650619,Meibrys Viloria,106.7,163.0
650644,Aaron Civale,76.3,1.0
650668,Humberto Mejía,96.7,6.0
650813,Luis Escobar,97.5,1.0
650859,Luis Rengifo,109.2,2102.0
650907,René Pinto,110.5,140.0
650968,Yohel Pozo,108.0,246.0
655316,Andruw Monasterio,107.4,613.0
656024,Carlos Pérez,106.5,54.0
656180,Riley Adams,112.9,491.0
656185,Greg Allen,105.3,568.0
656222,Jalen Beeks,88.4,2.0
656248,Sean Bouchard,108.8,175.0
656252,Bobby Bradley,113.7,182.0
656257,Jeff Brigham,97.6,3.0
656288,Griffin Canning,62.8,1.0
656302,Dylan Cease,98.0,5.0
656305,Matt Chapman,113.9,3166.0
656308,Michael Chavis,111.1,735.0
656364,Greg Deichmann,102.6,16.0
656371,Isan Díaz,106.9,321.0
656388,Joe Dunand,99.0,7.0
656403,Drew Ellis,103.0,67.0
656413,Stuart Fairchild,109.2,423.0
656427,Jack Flaherty,106.4,95.0
656448,Stone Garrett,111.5,212.0
656457,Tyler Gilbert,71.5,5.0
656467,Chris Gittens,118.0,24.0
656484,Tristan Gray,110.6,195.0
656494,Taylor Gushue,87.1,1.0
656495,Dalton Guthrie,103.0,31.0
656509,Monte Harrison,110.5,32.0
656514,Adam Haseley,105.5,289.0
656537,Derek Hill,109.7,503.0
656541,Sam Hilliard,113.2,518.0
656546,Jeff Hoffman,101.9,54.0
656548,Jordan Holloway,103.6,4.0
656555,Rhys Hoskins,111.4,2424.0
656568,Scott Hurst,88.5,4.0
656577,Alex Jackson,109.2,259.0
656578,Andre Jackson,80.4,1.0
656582,Connor Joe,110.8,1114.0
656605,Mitch Keller,101.2,24.0
656627,Mark Kolozsvary,104.2,11.0
656629,Michael Kopech,80.4,1.0
656669,Jordan Luplow,108.2,658.0
656686,Corbin Martin,94.4,1.0
656695,J.J. Matijevic,109.4,42.0
656713,Brendan McKay,108.0,8.0
656716,Zach McKinstry,107.4,1426.0
656725,Alex McRae,96.7,6.0
656731,Tylor Megill,102.2,13.0
656738,Ben Meyer,79.9,1.0
656756,Jordan Montgomery,88.9,1.0
656775,Cedric Mullins,109.1,2547.0
656794,Sean Newcomb,98.7,37.0
656798,Jacob Nix,98.5,5.0
656803,James Norwood,92.9,3.0
656811,Ryan O'Hearn,109.3,1970.0
656818,Connor Overton,66.8,1.0
656821,Kevin Padlo,109.5,35.0
656847,DJ Peters,112.5,144.0
656849,David Peterson,103.0,9.0
656876,Drew Rasmussen,104.8,3.0
656883,Jakson Reetz,106.2,11.0
656896,Emmanuel Rivera,109.7,820.0
656941,Kyle Schwarber,115.7,3328.0
656954,Justus Sheffield,98.0,1.0
656976,Pavin Smith,110.3,1075.0
656977,Chad Sobotka,93.3,1.0
657006,Justin Steele,104.7,9.0
657011,Troy Stokes Jr.,103.1,13.0
657041,Lane Thomas,110.5,1694.0
657053,Touki Toussaint,98.7,15.0
657061,Cole Tucker,106.1,351.0
657077,Alex Verdugo,110.8,2608.0
657088,Forrest Wall,100.5,33.0
657108,Evan White,112.0,165.0
657129,Marcus Wilson,95.1,1.0
657136,Connor Wong,110.9,875.0
657140,Kyle Wright,93.8,4.0
657141,Jordan Yamamoto,100.4,17.0
657145,Mark Zagunis,101.1,32.0
657193,Eddy Alvarez,104.6,92.0
657247,Brian O'Keefe,102.4,13.0
657277,Logan Webb,107.1,38.0
657434,Brian O'Grady,106.4,65.0
657557,Paul DeJong,109.9,2219.0
657566,Montana DuRapau,93.9,2.0
657571,Caleb Ferguson,92.6,4.0
657656,Ramón Laureano,111.6,1926.0
657658,Braxton Lee,100.6,9.0
657681,Kyle McGrath,86.0,1.0
657709,Michael Papierski,101.7,67.0
657757,Gavin Sheets,110.5,1666.0
658069,Joshua Fuentes,105.9,313.0
658648,Pedro Avila,69.1,2.0
658668,Edward Olivares,110.5,715.0
658792,Aaron Wilkerson,98.1,6.0
659275,Dinelson Lamet,97.6,29.0
660162,Yoán Moncada,112.9,2136.0
660271,Shohei Ohtani,117.6,2988.0
660294,Yoshi Tsutsugo,109.3,392.0
660620,Jonathan Araúz,106.9,174.0
660623,Huascar Ynoa,110.3,17.0
660634,Yonny Hernández,104.5,151.0
660636,Diego Castillo,109.3,197.0
660644,Vidal Bruján,105.2,459.0
660650,Dérmis Garcia,110.6,61.0
660670,Ronald Acuña Jr.,116.8,2568.0
660688,Keibert Ruiz,108.8,1783.0
660707,Elehuris Montero,111.6,463.0
660710,Rodolfo Durán,108.3,59.0
660731,Anderson Tejeda,111.6,51.0
660757,Oscar Gonzalez,113.0,463.0
660758,Sandro Fabian,99.4,5.0
660761,José Suarez,83.1,1.0
660766,Juan Yepez,113.4,424.0
660813,Brusdar Graterol,98.1,2.0
660821,Jesús Sánchez,114.9,1526.0
660829,Hoy Park,108.3,132.0
660844,Leo Rivas,102.3,197.0
661269,Vladimir Gutierrez,99.5,26.0
661388,William Contreras,114.8,2075.0
661531,Brian Serven,105.5,234.0
662139,Daulton Varsho,111.1,1886.0
663330,Jahmai Jones,110.1,253.0
663368,Blake Perkins,107.0,556.0
663411,Joe McCarthy,91.8,5.0
663423,Trent Thornton,101.4,3.0
663457,Lars Nootbaar,112.7,1460.0
663460,Kris Bubic,96.2,4.0
663465,Kolby Allard,85.6,6.0
663474,Triston McKenzie,100.0,2.0
663478,Brendon Davis,101.7,7.0
663494,Bryan Torres,104.7,95.0
663527,Tyler Nevin,107.6,378.0
663531,Logan Allen,96.0,4.0
663536,Tristin English,104.9,14.0
663538,Nico Hoerner,108.9,2787.0
663550,Trey Cabbage,113.2,80.0
663554,Casey Mize,83.7,1.0
663567,Peter Lambert,96.9,22.0
663574,Tony Santillan,100.8,6.0
663584,Hayden Senger,107.1,65.0
663586,Austin Riley,114.3,2568.0
663604,Brandon Lockridge,108.8,179.0
663609,Luken Baker,110.2,112.0
663611,Nick Madrigal,105.8,833.0
663616,Trevor Larnach,112.6,1302.0
663624,Ryan Mountcastle,113.7,1826.0
663630,Ryan McKenna,108.8,297.0
663647,Ke'Bryan Hayes,111.2,1984.0
663656,Kyle Tucker,109.8,2616.0
663662,Daz Cameron,111.4,308.0
663697,Jonathan India,110.8,1886.0
663698,Joey Bart,112.1,731.0
663728,Cal Raleigh,113.7,1706.0
663731,Connor Kaiser,103.3,15.0
663734,Nick Neidert,94.9,6.0
663743,Nick Fortes,109.2,1114.0
663753,Reiss Knehr,87.0,3.0
663757,Trent Grisham,110.5,2033.0
663765,Jake Woodford,103.5,11.0
663776,Patrick Sandoval,99.1,2.0
663796,Coco Montes,101.4,33.0
663799,Curtis Terry,107.4,30.0
663837,Matt Vierling,111.7,1373.0
663845,Alfonso Rivas III,107.8,270.0
663853,Romy Gonzalez,111.8,576.0
663886,Tyler Stephenson,109.0,1496.0
663897,Luke Williams,105.3,227.0
663898,Brendan Rodgers,111.7,1379.0
663905,Travis Blankenhorn,106.3,67.0
663911,Nick Plummer,112.8,17.0
663967,César Salazar,100.4,60.0
663968,Jake Mangum,107.8,626.0
663978,Chris Paddack,103.2,41.0
663993,Nathaniel Lowe,112.5,2424.0
664011,Trey Amburgey,94.5,2.0
664023,Ian Happ,112.5,2996.0
664028,Brett Kennedy,89.1,5.0
664029,Mark Mathias,106.9,128.0
664034,Ty France,110.9,2636.0
664040,Brandon Lowe,111.7,2193.0
664041,Jaylin Davis,108.2,58.0
664045,Thomas Eshelman,75.4,3.0
664056,Harrison Bader,111.2,2104.0
664057,Andrew Stevenson,107.1,307.0
664058,David Fletcher,105.0,1838.0
664059,Sam Haggerty,108.4,460.0
664062,Tony Gonsolin,102.8,20.0
664068,Scott Kingery,109.4,751.0
664074,Cody Ponce,92.3,3.0
664076,Garrett Cleavinger,91.4,2.0
664119,Austin Allen,105.0,71.0
664123,Scott Effross,86.2,1.0
664141,JT Brubaker,97.0,24.0
664167,Blake Trahan,100.8,10.0
664192,Joey Lucchesi,97.7,34.0
664196,Tanner Anderson,92.8,1.0
664199,Taylor Clarke,100.3,16.0
664208,Phil Maton,85.1,3.0
664238,Dylan Moore,109.1,1089.0
664247,Kyle Garlick,109.0,232.0
664285,Framber Valdez,55.6,2.0
664314,Estevan Florial,108.2,133.0
664334,Aaron Whitefield,103.6,7.0
664353,José Urquidy,82.9,2.0
664641,Aríel Miranda,85.5,3.0
664670,Alejo Lopez,103.9,143.0
664702,Myles Straw,106.6,1870.0
664728,Kyle Isbel,109.8,1261.0
664731,P.J. Higgins,103.7,184.0
664761,Alec Bohm,110.2,2617.0
664770,Nathan Lukes,107.1,695.0
664774,LaMonte Wade Jr.,109.8,1309.0
664789,Ka'ai Tom,108.9,76.0
664842,Kevin Kaczmarski,91.8,3.0
664848,Donny Sands,95.0,2.0
664850,Patrick Mazeika,102.2,123.0
664854,Ryan Helsley,90.1,1.0
664869,P.J. Conlon,77.1,3.0
664874,Seby Zavala,107.2,311.0
664901,Danny Mendick,107.5,458.0
664913,Seth Brown,112.5,1152.0
664926,Nick Dini,106.6,40.0
664954,Brett Sullivan,105.9,227.0
664983,Jake McCarthy,108.7,1395.0
665019,Kody Clemens,108.9,851.0
665052,Griffin Conine,115.0,225.0
665120,Jared Walsh,113.0,888.0
665154,Ford Proctor,104.2,17.0
665155,Nick Maton,107.1,342.0
665161,Jeremy Peña,110.3,1993.0
665482,Gilberto Celestino,108.2,281.0
665487,Fernando Tatis Jr.,114.9,2334.0
665489,Vladimir Guerrero Jr.,117.8,3488.0
665506,Cristian Pache,108.1,378.0
665561,Rafael Marchán,105.0,256.0
665650,Lucius Fox,103.6,18.0
665665,Reiver Sanmartin,82.2,2.0
665742,Juan Soto,114.6,3300.0
665750,Leody Taveras,111.4,1590.0
665782,Luis De Los Santos,106.3,19.0
665795,Edward Cabrera,102.5,4.0
665804,Miguel Amaya,109.4,570.0
665828,Oswaldo Cabrera,107.1,675.0
665833,Oneil Cruz,121.5,1061.0
665839,Enmanuel Valdez,109.1,330.0
665856,Jair Camargo,91.3,4.0
665861,Sebastián Rivero,105.6,108.0
665862,Jazz Chisholm Jr.,111.3,1761.0
665877,José Fermín,107.6,376.0
665922,Símon Muzziotti,103.2,6.0
665923,Esteury Ruiz,108.7,533.0
665926,Andrés Giménez,109.0,2143.0
665947,Sherten Apostel,107.8,11.0
665953,Andrés Chaparro,109.4,234.0
665966,Carlos Narváez,110.8,443.0
666018,Jonathan Aranda,110.8,831.0
666023,Freddy Fermin,107.2,871.0
666120,Ian Anderson,100.3,11.0
666126,Carlos Cortes,110.5,301.0
666128,Mario Feliciano,104.0,3.0
666129,Braxton Garrett,101.2,7.0
666134,Nolan Jones,113.3,712.0
666135,Alex Kirilloff,108.3,593.0
666137,Khalil Lee,101.7,7.0
666139,Josh Lowe,110.3,1154.0
666149,Tyler Fitzgerald,106.9,383.0
666150,Dominic Fletcher,106.3,271.0
666152,David Hamilton,108.9,583.0
666158,Gavin Lux,108.1,1342.0
666160,Mickey Moniak,110.9,1126.0
666163,Ben Rortvedt,107.6,420.0
666164,Blake Rutherford,105.9,25.0
666165,Blake Sabol,111.2,230.0
666176,Jo Adell,114.9,1381.0
666179,Seth Beer,107.3,87.0
666181,Will Benson,110.1,641.0
666182,Bo Bichette,113.0,2870.0
666185,Dylan Carlson,108.6,1319.0
666197,Grae Kessinger,104.0,42.0
666198,Carter Kieboom,107.2,314.0
666200,Jesús Luzardo,90.0,10.0
666205,Kyle Muller,96.7,5.0
666211,Taylor Trammell,111.6,379.0
666213,Colton Welker,105.3,26.0
666310,Bo Naylor,109.7,717.0
666397,Edouard Julien,109.5,666.0
666464,Jerar Encarnacion,112.7,192.0
666560,ByungHo Park,112.1,138.0
666561,Jae-Gyun Hwang,108.5,37.0
666624,Christopher Morel,112.8,1098.0
666703,Eguy Rosario,106.3,61.0
666801,Rodolfo Castro,111.7,393.0
666906,Jake Alu,105.7,120.0
666915,Bobby Dalbec,113.8,580.0
666922,Ryan Aguilar,105.9,9.0
666931,Jared Oliva,105.3,46.0
666969,Adolis García,113.8,2155.0
666971,Lourdes Gurriel Jr.,109.6,2807.0
667297,Tommy Nance,97.3,1.0
667376,Miguel Sánchez,66.9,1.0
667428,Grant Koch,89.1,1.0
667452,Corey Julks,109.7,364.0
667472,Dane Myers,108.7,500.0
667498,Robert Dugger,103.4,5.0
667670,Brent Rooker,112.8,1412.0
667690,C.J. Stubbs,100.4,3.0
667727,Steele Walker,107.9,10.0
668227,Randy Arozarena,113.1,2414.0
668472,Nick Pratto,108.1,268.0
668663,Tres Barrera,101.3,108.0
668670,Jake Rogers,107.9,732.0
668678,Zac Gallen,103.0,39.0
668683,Jeremy Walker,71.3,1.0
668709,JJ Bleday,111.3,1262.0
668715,Spencer Steer,108.5,1594.0
668721,Payton Henry,104.9,30.0
668723,Ryan Vilade,112.1,197.0
668731,Akil Baddoo,110.9,716.0
668751,Cal Mitchell,107.2,165.0
668752,Duke Ellis,104.9,3.0
668800,Andrew Knizner,109.1,687.0
668804,Bryan Reynolds,112.6,3026.0
668820,Max Kranick,86.3,9.0
668832,Kyle McCann,111.4,81.0
668843,Conner Capel,105.9,98.0
668845,Aaron Schunk,107.0,86.0
668853,Austin Shenton,103.7,28.0
668885,Austin Martin,107.5,540.0
668901,Mark Vientos,111.9,947.0
668904,Royce Lewis,112.9,974.0
668930,Brice Turang,109.3,1561.0
668939,Adley Rutschman,110.5,1786.0
668942,Josh Rojas,106.9,1614.0
668952,Ryan Kreidler,107.3,283.0
668974,Maverick Handley,105.1,26.0
669003,Garrett Mitchell,113.2,482.0
669004,MJ Melendez,112.2,1111.0
669008,Ronnie Dawson,101.2,6.0
669016,Brandon Marsh,110.4,1566.0
669023,Jeter Downs,102.9,23.0
669060,Bryse Wilson,102.3,20.0
669065,Kyle Stowers,112.2,707.0
669087,Sam Huff,110.1,169.0
669127,Shea Langeliers,113.9,1406.0
669134,Luis Campusano,109.4,556.0
669137,Armando Alvarez,103.6,29.0
669145,Bruce Zimmermann,88.4,1.0
669160,Dustin May,98.8,7.0
669194,Ryne Nelson,89.8,1.0
669200,Mason McCoy,101.2,48.0
669203,Corbin Burnes,98.6,36.0
669208,Ryan Bliss,105.5,73.0
669214,Conner Menez,84.3,3.0
669221,Sean Murphy,113.5,1471.0
669222,Nick Senzel,108.4,1132.0
669224,Austin Wells,111.1,812.0
669234,Justyn-Henry Malloy,109.4,193.0
669236,Jeremiah Jackson,110.7,307.0
669242,Tommy Edman,110.9,2387.0
669256,Nick Solak,110.6,694.0
669257,Will Smith,109.5,2140.0
669261,Jack Suwinski,112.8,757.0
669270,Joel Kuhnel,74.8,1.0
669288,Daniel Johnson,108.0,109.0
669289,Santiago Espinal,106.3,1451.0
669294,Paul Campbell,85.0,3.0
669304,Jose F Miranda,110.2,834.0
669326,Bryce Teodosio,108.8,131.0
669352,Bubba Thompson,106.7,162.0
669357,Nolan Gorman,111.5,1005.0
669360,Trei Cruz,99.4,2.0
669364,Xavier Edwards,107.4,1176.0
669369,Bryce Johnson,103.3,182.0
669374,Keston Hiura,111.0,593.0
669384,Raynel Delgado,103.7,31.0
669392,Samad Taylor,103.6,112.0
669394,Jake Burger,115.5,1458.0
669397,Nick Allen,105.4,963.0
669398,Gage Workman,108.1,33.0
669432,Trevor Rogers,103.8,18.0
669450,Cooper Hummel,110.7,191.0
669456,Shane Bieber,91.0,7.0
669477,Casey Schmitt,111.7,820.0
669622,Anthony Bender,106.7,1.0
669674,Sam Long,100.6,7.0
669699,Braden Shewmake,109.6,132.0
669701,Josh Smith,107.9,1244.0
669707,Jared Triolo,108.4,868.0
669717,Will Wilson,105.4,53.0
669720,Austin Hays,109.7,1895.0
669722,Logan Davidson,108.9,22.0
669738,Jake Noll,102.2,21.0
669742,Darick Hall,112.9,128.0
669743,Alex Call,109.0,797.0
669899,Ryan Ward,108.4,38.0
669911,Michael Toglia,111.6,603.0
669952,Mitch White,106.6,4.0
670032,Nicky Lopez,106.5,2005.0
670042,Luke Raley,114.4,879.0
670084,Nick Heath,105.6,28.0
670092,Trenton Brooks,103.3,47.0
670097,Zack Short,107.1,384.0
670128,Taylor Kohlwey,96.6,8.0
670148,Nate Mondou,54.3,1.0
670156,Miles Mastrobuoni,106.3,343.0
670223,Matt Mervis,110.0,147.0
670224,Kameron Misner,107.9,161.0
670231,John Rave,108.5,161.0
670242,Matt Wallner,114.6,582.0
670276,Cal Stevenson,102.4,73.0
670298,Kramer Robertson,65.1,1.0
670351,Jose Rojas,110.0,155.0
670370,Andrew Young,113.7,63.0
670456,JD Hammer,51.4,1.0
670462,Hunter Owen,71.1,1.0
670541,Yordan Alvarez,117.3,2286.0
670623,Isaac Paredes,108.2,1929.0
670712,Mike Brosseau,106.3,395.0
670764,Taylor Walls,105.6,1222.0
670766,Darren McCaughan,91.3,2.0
670768,Luis González,109.5,247.0
670770,TJ Friedl,107.4,1521.0
670869,Livan Soto,100.6,61.0
670912,Johan Oviedo,107.3,11.0
670950,Trevor Richards,100.1,32.0
670955,Edwin Uceta,83.7,3.0
670970,Adrian Morejon,97.4,1.0
671056,Iván Herrera,112.4,913.0
671083,Buddy Kennedy,104.9,140.0
671117,Darren Baker,100.4,11.0
671155,Ivan Johnson,97.0,6.0
671213,Triston Casas,112.4,565.0
671218,Heliot Ramos,113.6,1104.0
671221,Drew Waters,110.9,410.0
671250,Jorge Ona,104.5,5.0
671277,Luis García Jr.,111.6,2149.0
671284,Tim Elko,111.1,37.0
671286,Johnathan Rodríguez,110.7,72.0
671289,Tyler Freeman,109.4,1036.0
671655,George Valera,109.7,57.0
671732,Lawrence Butler,113.0,1043.0
671739,Michael Harris II,114.1,1941.0
671790,Ronald Bolaños,90.6,1.0
671976,Tristan Peters,108.4,287.0
672012,Tyler Black,102.0,59.0
672016,Denzel Clarke,113.2,121.0
672275,Patrick Bailey,109.5,1011.0
672279,Michael Siani,104.5,250.0
672284,Jarred Kelenic,111.4,939.0
672335,Cionel Pérez,82.6,2.0
672356,Gabriel Arias,113.1,687.0
672359,Tirso Ornelas,107.4,12.0
672386,Alejandro Kirk,110.5,1775.0
672478,Jordan Diaz,110.5,246.0
672515,Gabriel Moreno,110.4,1126.0
672569,Gustavo Campero,108.8,87.0
672580,Maikel Garcia,109.7,1615.0
672613,Eliezer Alfonzo,108.2,25.0
672640,Otto Lopez,111.1,1253.0
672642,Steward Berroa,99.9,29.0
672695,Geraldo Perdomo,107.5,1929.0
672701,José Devers,105.4,34.0
672724,Oswald Peraza,110.5,541.0
672744,Alexander Canario,111.4,160.0
672761,Wenceel Pérez,109.2,694.0
672779,Tucupita Marcano,104.8,329.0
672820,Lenyn Sosa,110.2,913.0
672832,Israel Pineda,98.9,6.0
672960,Kazuma Okamoto,112.6,314.0
673237,Yainer Diaz,111.2,1434.0
673357,Luis Robert Jr.,115.4,1681.0
673451,Shogo Akiyama,106.0,245.0
673490,Ha-Seong Kim,109.1,1569.0
673548,Seiya Suzuki,114.3,1758.0
673633,Yoshihisa Hirano,79.2,1.0
673962,Josh Jung,110.1,1158.0
673995,Davis Wendzel,106.4,39.0
674441,Jacob Hurtubise,99.4,47.0
675649,Brian Miller,103.8,8.0
675656,Kevin Smith,109.0,212.0
675659,Greg Jones,109.1,15.0
675915,David Bañuelos,87.3,1.0
675921,Spencer Howard,95.7,4.0
675961,Alika Williams,107.5,246.0
675986,Canaan Smith-Njigba,106.9,22.0
676044,Bob Seymour,115.0,46.0
676059,Jordan Westburg,111.4,725.0
676070,Jacob Amaya,106.0,102.0
676113,Zach DeLoach,104.4,46.0
676116,Ryan Noda,112.4,320.0
676220,Seth Elledge,91.2,2.0
676265,Cory Abbott,72.6,2.0
676356,Jonny DeLuca,109.4,538.0
676369,Nelson Velázquez,111.1,433.0
676391,Ernie Clement,108.8,1631.0
676439,Hunter Feduccia,108.0,200.0
676466,Jack Winkler,102.8,12.0
676475,Alec Burleson,111.1,1621.0
676477,Garrett Whitlock,80.2,1.0
676480,José Barrero,108.3,273.0
676551,Brewer Hicklen,107.3,14.0
676566,Shawn Ross,110.6,3.0
676572,Eric Wagaman,113.9,470.0
676606,Nick Margevicius,103.3,10.0
676609,José Caballero,110.3,961.0
676625,Rylan Bannon,101.3,12.0
676628,Mark Contreras,109.5,38.0
676632,Bligh Madris,108.3,149.0
676646,Zach Reks,105.1,27.0
676679,Luis Vázquez,106.6,43.0
676694,Jake Meyers,109.3,1160.0
676701,Alan Trejo,104.1,362.0
676724,Jared Young,112.1,260.0
676761,Irving Lopez,98.3,7.0
676782,Mickey McDonald,89.3,1.0
676801,Chas McCormick,109.2,979.0
676812,Carson McCusker,108.0,13.0
676840,Matt Peacock,102.9,12.0
676882,Chandler Seagle,99.3,1.0
676900,Ryan Dorow,97.4,3.0
676914,Davis Schneider,109.2,528.0
676946,Matthew Batten,103.9,107.0
676950,David MacKinnon,107.0,34.0
677008,Heston Kjerstad,107.4,198.0
677060,Chad Stevens,99.7,23.0
677347,Kyren Paris,108.9,125.0
677551,Wander Franco,111.1,907.0
677587,Brayan Rocchio,108.8,1006.0
677588,José Tena,110.5,404.0
677592,Everson Pereira,110.2,154.0
677594,Julio Rodríguez,115.8,2125.0
677595,Ronny Mauricio,113.2,216.0
677649,Ezequiel Duran,112.0,1118.0
677651,Luis Garcia,91.5,5.0
677800,Wilyer Abreu,112.9,989.0
677870,Leo Jiménez,107.6,262.0
677941,Jordyn Adams,105.6,50.0
677942,Blaze Alexander,111.5,436.0
677943,Will Banfield,99.1,7.0
677950,Alek Thomas,110.6,1082.0
677951,Bobby Witt Jr.,115.8,2390.0
677954,Jordan Groshans,107.0,48.0
677956,Rece Hinds,111.5,69.0
677960,Ryan Weathers,107.6,20.0
678009,Parker Meadows,109.2,447.0
678011,Anthony Seigler,104.4,165.0
678218,Brandon Valenzuela,111.4,148.0
678225,Jihwan Bae,109.5,336.0
678246,Miguel Vargas,111.0,1173.0
678391,Jorbit Vivas,108.2,252.0
678489,Jorge Barrosa,105.3,167.0
678545,Osleivis Basabe,108.0,124.0
678554,Curtis Mead,110.6,555.0
678577,Junior Perez,106.7,21.0
678662,Ezequiel Tovar,110.4,1473.0
678760,Eddys Leonard,106.7,6.0
678877,Jhonkensy Noel,116.5,214.0
678882,Ceddanne Rafaela,110.0,1280.0
678894,Liover Peguero,110.0,197.0
679032,Johan Rojas,110.2,509.0
679529,Spencer Torkelson,110.9,1626.0
679631,Terrin Vavra,105.1,112.0
679822,Justin Foscue,110.0,147.0
679845,Nick Loftin,107.7,561.0
679881,J.P. Martínez,102.9,32.0
680118,Dairon Blanco,107.0,192.0
680418,Tyler Cropley,91.9,5.0
680474,Max Schuemann,106.1,489.0
680552,Travis Swaggerty,102.4,5.0
680574,Matt McLain,110.1,840.0
680577,DaShawn Keirsey Jr.,108.2,64.0
680664,Eduardo Valencia,112.4,47.0
680686,Josiah Gray,101.3,11.0
680700,Richie Palacios,106.9,632.0
680716,Jonathan Ornelas,106.6,44.0
680718,Addison Barger,114.5,506.0
680728,Adrian Del Castillo,107.8,252.0
680737,Michael Helman,104.1,114.0
680757,Steven Kwan,105.0,2463.0
680769,CJ Alexander,98.4,14.0
680776,Jarren Duran,114.4,1753.0
680777,Ryan Jeffers,113.3,1372.0
680779,Henry Davis,111.3,575.0
680814,Peyton Burdick,110.2,72.0
680837,Ryan Fitzgerald,110.1,38.0
680862,Willie MacIver,108.7,75.0
680869,Zack Gelof,108.8,754.0
680911,Owen Miller,108.3,741.0
680963,Cody Wilson,86.9,1.0
680977,Brendan Donovan,108.7,1625.0
681047,Christian Franklin,108.1,17.0
681082,Bryson Stott,109.7,2028.0
681146,Jonah Bride,106.3,462.0
681190,Randy Vásquez,66.1,1.0
681198,TJ Rumfield,110.2,375.0
681297,Colton Cowser,113.2,747.0
681351,Logan O'Hoppe,112.1,933.0
681393,Connor Norby,108.0,489.0
681460,Brooks Baldwin,109.0,304.0
681481,Kerry Carpenter,109.4,1056.0
681508,Mickey Gasper,108.4,191.0
681526,Bryan Lavastida,101.1,8.0
681546,James Outman,110.6,550.0
681584,David Villar,106.6,217.0
681624,Andy Pages,110.7,1142.0
681715,Heriberto Hernández,112.0,407.0
681807,David Fry,108.3,506.0
681909,Justin Dean,97.6,5.0
681962,Vinny Capra,102.3,100.0
681987,Nate Eaton,106.6,196.0
682073,David Hensley,107.4,107.0
682119,Levi Jordan,96.8,8.0
682177,Daniel Schneemann,109.6,561.0
682183,Drew Avans,100.0,12.0
682515,Logan Porter,101.4,28.0
682617,Marco Luciano,109.3,70.0
682619,Orelvis Martinez,86.6,2.0
682622,Noelvi Marte,114.4,639.0
682626,Francisco Alvarez,114.1,876.0
682634,Kevin Alcántara,106.6,31.0
682641,Luis Matos,109.4,483.0
682653,Warming Bernabel,108.1,114.0
682657,Angel Martínez,108.1,703.0
682663,Agustín Ramírez,116.5,540.0
682668,Luisangel Acuña,110.0,328.0
682674,Victor Bericoto,108.7,62.0
682729,Jonatan Clase,106.8,131.0
682818,Yohendrick Piñango,114.8,125.0
682829,Elly De La Cruz,116.7,1407.0
682848,Endy Rodríguez,109.2,270.0
682868,Bryan Ramos,106.0,86.0
682877,Juan Brito,107.2,34.0
682927,Ronny Simon,108.1,93.0
682928,CJ Abrams,111.3,1918.0
682985,Riley Greene,113.7,1581.0
682987,Spencer Jones,112.2,95.0
682988,Tyler Locklear,109.7,113.0
682989,Victor Mederos,103.7,1.0
682997,Tyler Callihan,106.7,64.0
682998,Corbin Carroll,113.2,1770.0
683002,Gunnar Henderson,113.1,1800.0
683011,Anthony Volpe,109.1,1389.0
683021,Michael Stefanic,103.3,218.0
683079,Omar Martinez,99.6,2.0
683083,Nasim Nuñez,108.7,411.0
683090,Matthew Lugo,108.1,45.0
683146,Brett Baty,114.1,925.0
683227,Cody Freeman,104.3,123.0
683357,Owen Caissie,112.7,172.0
683679,Jesus Rodriguez,106.5,44.0
683734,Andrew Vaughn,112.3,2153.0
683737,Michael Busch,110.1,1135.0
683748,Victor Mesa Jr.,109.6,150.0
683766,Christian Koss,108.3,208.0
683770,Will Robertson,109.4,44.0
683953,Travis Bazzana,108.1,274.0
685133,Wade Meckler,104.8,188.0
685301,Matt Gorski,115.2,25.0
685503,Kohei Arihara,93.3,1.0
685744,Kenedy Corona,92.4,1.0
686217,Sal Frelick,107.6,1262.0
686452,Drew Millas,105.9,204.0
686469,Vinnie Pasquantino,112.1,1648.0
686475,Tyler Tolbert,106.6,130.0
686482,Logan Driscoll,105.6,30.0
686490,Cam Eden,100.1,4.0
686527,Dominic Canzone,113.7,718.0
686531,Andre Lipcius,103.1,27.0
686554,Oliver Dunn,109.4,92.0
686555,Isaac Collins,111.0,570.0
686611,Dylan Crews,111.3,529.0
686668,Brenton Doyle,110.7,1128.0
686676,Korey Lee,108.7,345.0
686681,Michael Massey,109.3,1254.0
686759,TJ Hopkins,106.8,24.0
686765,Nick Sogard,105.4,227.0
686780,Pedro Pagés,110.5,536.0
686797,Brooks Lee,108.9,928.0
686823,Will Brennan,107.7,728.0
686894,Joey Wiemer,111.6,345.0
686948,Drake Baldwin,112.6,661.0
687093,Vaughn Grissom,108.3,499.0
687221,Dalton Rushing,111.7,234.0
687231,Darell Hernaiz,108.6,357.0
687263,Zach Neto,110.7,1314.0
687282,Gabriel Rincones Jr.,112.7,56.0
687363,Victor Scott II,106.5,527.0
687401,Joey Ortiz,110.6,1007.0
687462,Spencer Horwitz,107.6,834.0
687478,Cam Devanney,107.0,15.0
687515,Colby Thomas,112.0,154.0
687529,Grant McCray,109.3,108.0
687551,Drew Gilbert,110.0,302.0
687597,Jordan Beck,112.8,555.0
687605,Andrew Pinckney,110.0,11.0
687637,Dylan Beavers,109.0,231.0
687749,Jase Bowen,108.2,48.0
687799,Cade Marlowe,103.0,62.0
687859,Troy Johnston,107.5,365.0
687952,Christian Encarnacion-Strand,111.9,406.0
687957,Dustin Harris,104.8,69.0
688363,Graham Pauley,108.9,227.0
688760,Blaine Crim,111.4,39.0
689041,Rhylan Thomas,101.4,9.0
689172,Brett Wisely,107.2,316.0
689200,Jacob Melton,111.3,41.0
689414,Liam Hicks,108.7,647.0
690022,Ryan Ritter,107.9,137.0
690291,Jace Jung,107.3,86.0
690924,Braxton Fulford,111.6,114.0
690976,Alex Freeland,106.9,182.0
690984,Petey Halpin,106.7,116.0
690987,Robert Hassell III,109.1,135.0
690993,Colt Keith,110.1,997.0
691011,Drew Romo,107.0,153.0
691016,Tyler Soderstrom,113.3,948.0
691019,Kyle Teel,112.8,214.0
691023,Jordan Walker,116.1,1042.0
691026,Masyn Winn,109.6,1314.0
691176,Jasson Domínguez,111.4,484.0
691182,Adael Amador,103.5,123.0
691185,Maximo Acosta,108.0,37.0
691277,Deyvison De Los Santos,106.2,6.0
691373,Jhostynxon Garcia,108.9,34.0
691406,Junior Caminero,116.6,1031.0
691458,Blaze Jordan,110.2,157.0
691594,Javier Sanoja,107.7,620.0
691620,Jeferson Quero,85.6,1.0
691718,Pete Crow-Armstrong,112.0,1096.0
691720,Kyle Karros,110.6,365.0
691723,Coby Mayo,112.9,399.0
691728,Zac Veen,110.0,32.0
691740,Daniel Susac,105.1,114.0
691777,Max Muncy,112.0,270.0
691781,Brady House,112.4,353.0
691783,Jordan Lawlar,105.6,101.0
691785,Marcelo Mayer,109.0,251.0
691788,Joe Mack,109.3,174.0
691907,Tsung-Che Cheng,102.2,30.0
692216,CJ Kayfus,109.1,101.0
692225,Kristian Campbell,112.2,158.0
692585,Yanquiel Fernández,110.3,95.0
693049,Oscar Colás,113.6,201.0
693304,Nick Gonzales,109.7,1063.0
693307,Dillon Dingler,110.5,729.0
693409,César Prieto,108.9,27.0
693459,Kyler Fedko,104.5,9.0
694025,Felix Reyes,110.3,29.0
694175,Pedro León,108.9,10.0
694192,Jackson Chourio,112.8,1138.0
694197,Angel Genao,108.7,52.0
694203,Denzer Guzman,109.7,160.0
694208,Moisés Ballesteros,111.7,220.0
694212,Samuel Basallo,112.4,291.0
694224,Gabriel Gonzalez,66.6,2.0
694249,Cole Carrigg,109.9,162.0
694355,Tyler Gentry,97.7,3.0
694359,Niko Kavadas,108.0,62.0
694362,Blake Dunn,108.8,160.0
694371,Tommy Troy,109.9,90.0
694374,Tim Tawa,110.2,308.0
694376,Shay Whitcomb,108.4,67.0
694377,Nick Yorke,112.5,153.0
694378,Jacob Gonzalez,109.6,136.0
694384,Nolan Schanuel,107.2,1280.0
694388,Joey Loperfido,108.4,293.0
694410,LuJames Groover,105.8,37.0
694497,Evan Carter,109.1,529.0
694514,Sterlin Thompson,110.2,48.0
694671,Wyatt Langford,112.2,963.0
694673,Abimelec Ortiz,108.3,47.0
694728,Brice Matthews,110.7,164.0
694876,Cooper Ingle,103.6,9.0
695020,Tanner Murray,108.6,23.0
695238,Will Wagner,107.7,196.0
695257,Billy Cook,106.2,65.0
695336,Thomas Saggese,109.7,280.0
695391,Brett Harris,106.7,137.0
695490,Edwin Arroyo,105.1,103.0
695491,Joshua Báez,111.9,23.0
695506,Jac Caglianone,115.4,471.0
695508,Cam Cauley,101.7,44.0
695578,James Wood,116.0,866.0
695600,Carter Jensen,113.6,339.0
695657,Colson Montgomery,114.4,465.0
695670,Harry Ford,106.0,41.0
695681,Christian Moore,111.9,116.0
695720,Tommy White,108.0,102.0
695731,Braden Montgomery,109.0,168.0
695734,Daylen Lile,109.5,667.0
696030,Alejandro Osuna,109.1,280.0
696100,Hunter Goodman,115.6,852.0
696135,Kahlil Watson,105.7,56.0
696285,Jacob Young,107.8,1025.0
699013,Esmerlyn Valdez,112.7,114.0
699302,Héctor Rodríguez,110.7,31.0
699393,Pedro Ramírez,108.2,121.0
699625,Jimmy Crooks,109.0,110.0
699912,Jose Fernandez,111.5,142.0
700242,Trey Sweeney,110.3,287.0
700246,Carson Williams,109.7,81.0
700250,Ben Rice,112.1,809.0
700337,Edgar Quero,108.7,444.0
700652,Kenny Piper,102.5,6.0
700932,Kyle Manzardo,110.2,645.0
701162,Ben Malgeri,106.5,48.0
701305,Zach Dezenzo,111.1,145.0
701350,Roman Anthony,113.3,250.0
701358,Cam Smith,114.3,614.0
701398,Sal Stewart,111.5,424.0
701538,Jackson Merrill,111.1,1168.0
701649,James Triantos,98.2,6.0
701675,Nathan Church,109.7,310.0
701678,Hao-Yu Lee,110.6,171.0
701762,Nick Kurtz,115.2,483.0
701785,Kaelen Culpepper,105.9,33.0
701807,Carson Benge,109.8,363.0
701852,Drew Cavanaugh,106.6,62.0
702176,Alan Roden,107.5,158.0
702222,Justin Crawford,109.2,290.0
702284,Cole Young,112.2,573.0
702332,Caleb Durbin,108.4,764.0
702358,Trey Lipscomb,108.2,155.0
702616,Jackson Holliday,108.6,747.0
703492,Nick Morabito,96.5,2.0
703520,Brett Bateman,102.3,48.0
703601,Max Clark,104.0,61.0
703607,Henry Bolte,113.6,205.0
800050,Chase DeLauter,111.2,350.0
800325,Luis Lara,107.7,87.0
801126,Brock Rodden,102.2,15.0
801501,Nate Furman,93.6,5.0
802139,JJ Wetherholt,108.7,400.0
802415,Chandler Simpson,107.2,805.0
803011,Sam Antonacci,108.4,311.0
804606,Konnor Griffin,113.2,162.0
804668,Rafael Flores Jr.,109.8,46.0
805249,Otto Kemp,110.2,147.0
805300,Jakob Marsee,111.0,480.0
805347,Jim Jarvis,108.7,92.0
805367,Chase Meidroth,107.4,736.0
805373,Nacho Alvarez Jr.,108.4,162.0
805672,Collin Price,104.2,6.0
805779,Jacob Wilson,107.1,817.0
805808,Kevin McGonigle,109.5,408.0
805811,Bryce Eldridge,113.1,233.0
805904,Zach Cole,114.1,57.0
805999,A.J. Ewing,110.5,236.0
806068,Colt Emerson,108.9,141.0
806146,George Lombard Jr.,108.0,43.0
806198,Cooper Pratt,104.1,116.0
806367,Turner Hill,101.3,9.0
807712,Luke Keaschall,107.9,501.0
807713,Matt Shaw,108.9,408.0
807727,Charles McAdoo,107.7,45.0
807747,Rikuu Nishida,102.0,25.0
807799,Masataka Yoshida,111.3,1187.0
808959,Munetaka Murakami,114.1,203.0
808975,Hyeseong Kim,104.7,197.0
808982,Jung Hoo Lee,107.6,1036.0
810938,Ben Williamson,109.8,412.0
811965,Joshua Kuroda-Grauer,107.1,53.0
813841,Jonah Cox,104.7,24.0
814430,Brett Callahan,110.3,12.0
814439,Ryan Waldschmidt,108.6,143.0
815873,Sean Keys,108.5,23.0
823550,Sung-Mun Song,110.4,92.0
828599,Lucas Spence,107.3,22.0
